method,layer,fold,auroc,error
A,1,1,0.7380952380952381,
A,1,2,0.5238095238095237,
A,1,3,0.5285714285714286,
A,1,4,0.5428571428571428,
A,1,5,0.7999999999999999,
A,1,mean,0.6266666666666666,
A,2,1,0.8095238095238095,
A,2,2,0.6428571428571428,
A,2,3,0.5428571428571429,
A,2,4,0.7571428571428571,
A,2,5,0.8571428571428572,
A,2,mean,0.7219047619047619,
A,3,1,0.7976190476190477,
A,3,2,0.7142857142857143,
A,3,3,0.6142857142857143,
A,3,4,0.7571428571428571,
A,3,5,0.842857142857143,
A,3,mean,0.7452380952380953,
A,4,1,0.8095238095238095,
A,4,2,0.6547619047619048,
A,4,3,0.5714285714285714,
A,4,4,0.6714285714285715,
A,4,5,0.6857142857142857,
A,4,mean,0.6785714285714286,
A,5,1,0.6785714285714286,
A,5,2,0.7380952380952381,
A,5,3,0.6285714285714286,
A,5,4,0.7428571428571429,
A,5,5,0.7571428571428571,
A,5,mean,0.709047619047619,
A,6,1,0.7261904761904762,
A,6,2,0.7619047619047619,
A,6,3,0.6714285714285715,
A,6,4,0.7571428571428571,
A,6,5,0.7714285714285714,
A,6,mean,0.7376190476190476,
A,7,1,0.7380952380952381,
A,7,2,0.7976190476190476,
A,7,3,0.6,
A,7,4,0.8142857142857143,
A,7,5,0.7714285714285715,
A,7,mean,0.7442857142857143,
A,8,1,0.7738095238095238,
A,8,2,0.8690476190476191,
A,8,3,0.7714285714285714,
A,8,4,0.7285714285714286,
A,8,5,0.7428571428571428,
A,8,mean,0.7771428571428571,
A,9,1,0.8095238095238095,
A,9,2,0.8452380952380952,
A,9,3,0.7285714285714285,
A,9,4,0.8,
A,9,5,0.7999999999999999,
A,9,mean,0.7966666666666666,
A,10,1,0.7857142857142857,
A,10,2,0.8690476190476191,
A,10,3,0.7714285714285714,
A,10,4,0.8714285714285714,
A,10,5,0.7999999999999999,
A,10,mean,0.8195238095238094,
A,11,1,0.75,
A,11,2,0.9166666666666667,
A,11,3,0.7142857142857143,
A,11,4,0.7714285714285714,
A,11,5,0.8285714285714286,
A,11,mean,0.7961904761904762,
A,12,1,0.7738095238095237,
A,12,2,0.8809523809523809,
A,12,3,0.7285714285714285,
A,12,4,0.7857142857142857,
A,12,5,0.8142857142857143,
A,12,mean,0.7966666666666666,
A,13,1,0.7738095238095238,
A,13,2,0.8928571428571428,
A,13,3,0.7571428571428571,
A,13,4,0.842857142857143,
A,13,5,0.7714285714285714,
A,13,mean,0.8076190476190476,
A,14,1,0.8214285714285714,
A,14,2,0.9523809523809523,
A,14,3,0.7285714285714286,
A,14,4,0.7857142857142858,
A,14,5,0.8428571428571427,
A,14,mean,0.8261904761904761,
A,15,1,0.8333333333333333,
A,15,2,0.9523809523809523,
A,15,3,0.7714285714285714,
A,15,4,0.8,
A,15,5,0.8285714285714286,
A,15,mean,0.837142857142857,
A,16,1,0.8095238095238095,
A,16,2,0.9285714285714285,
A,16,3,0.7857142857142858,
A,16,4,0.8142857142857143,
A,16,5,0.7999999999999999,
A,16,mean,0.8276190476190475,
A,17,1,0.8214285714285714,
A,17,2,0.8928571428571428,
A,17,3,0.7857142857142857,
A,17,4,0.8714285714285714,
A,17,5,0.7999999999999999,
A,17,mean,0.8342857142857143,
A,18,1,0.8214285714285715,
A,18,2,0.8928571428571428,
A,18,3,0.7714285714285714,
A,18,4,0.8714285714285714,
A,18,5,0.7999999999999999,
A,18,mean,0.8314285714285715,
A,19,1,0.8571428571428572,
A,19,2,0.9523809523809523,
A,19,3,0.8428571428571427,
A,19,4,0.7857142857142857,
A,19,5,0.8571428571428572,
A,19,mean,0.8590476190476191,
A,20,1,0.8214285714285714,
A,20,2,0.9047619047619047,
A,20,3,0.7857142857142857,
A,20,4,0.7714285714285715,
A,20,5,0.8142857142857143,
A,20,mean,0.8195238095238094,
A,21,1,0.7857142857142857,
A,21,2,0.9404761904761905,
A,21,3,0.8,
A,21,4,0.7857142857142857,
A,21,5,0.8142857142857143,
A,21,mean,0.8252380952380951,
A,22,1,0.7261904761904762,
A,22,2,0.9285714285714285,
A,22,3,0.8142857142857143,
A,22,4,0.7428571428571429,
A,22,5,0.8,
A,22,mean,0.8023809523809524,
A,23,1,0.7261904761904762,
A,23,2,0.9047619047619047,
A,23,3,0.7999999999999999,
A,23,4,0.7,
A,23,5,0.8,
A,23,mean,0.7861904761904761,
A,24,1,0.6785714285714286,
A,24,2,0.9166666666666666,
A,24,3,0.8285714285714285,
A,24,4,0.6428571428571429,
A,24,5,0.8,
A,24,mean,0.7733333333333334,
A,25,1,0.6785714285714286,
A,25,2,0.9166666666666666,
A,25,3,0.7999999999999999,
A,25,4,0.6571428571428571,
A,25,5,0.7714285714285716,
A,25,mean,0.7647619047619048,
A,26,1,0.7499999999999999,
A,26,2,0.9047619047619047,
A,26,3,0.8285714285714285,
A,26,4,0.6571428571428571,
A,26,5,0.7571428571428572,
A,26,mean,0.7795238095238095,
A,27,1,0.7023809523809523,
A,27,2,0.8928571428571428,
A,27,3,0.8857142857142857,
A,27,4,0.6857142857142857,
A,27,5,0.7142857142857143,
A,27,mean,0.7761904761904763,
A,28,1,0.6190476190476191,
A,28,2,0.8809523809523809,
A,28,3,0.8857142857142857,
A,28,4,0.6571428571428571,
A,28,5,0.7142857142857143,
A,28,mean,0.7514285714285714,
B,1,1,0.7088868932544526,
B,1,2,0.5630573915172127,
B,1,3,0.5100673308645247,
B,1,4,0.40906616456106193,
B,1,5,0.7250784316693406,
B,1,mean,0.5832312423733186,
B,2,1,0.7165492149495126,
B,2,2,0.5612252628324053,
B,2,3,0.5631724742566578,
B,2,4,0.41520023485584656,
B,2,5,0.7221199507563143,
B,2,mean,0.5956534275301473,
B,3,1,0.7668965371048705,
B,3,2,0.5610061391981032,
B,3,3,0.5797229400418176,
B,3,4,0.41448366132167114,
B,3,5,0.7017034354534354,
B,3,mean,0.6047625426239795,
B,4,1,0.7682003404994476,
B,4,2,0.5918410830241184,
B,4,3,0.5438280920232449,
B,4,4,0.4598844144800773,
B,4,5,0.6728752686707231,
B,4,mean,0.6073258397395221,
B,5,1,0.7883196000978739,
B,5,2,0.6592563388991957,
B,5,3,0.612039644501379,
B,5,4,0.49844574020084165,
B,5,5,0.7141918519191246,
B,5,mean,0.654450635123683,
B,6,1,0.8074440646985289,
B,6,2,0.6425608444135226,
B,6,3,0.6825757299673116,
B,6,4,0.5147628563330088,
B,6,5,0.6415379149470057,
B,6,mean,0.6577762820718756,
B,7,1,0.7828265814872957,
B,7,2,0.6126750605545245,
B,7,3,0.6992687350914392,
B,7,4,0.5498523647554254,
B,7,5,0.6280674964765874,
B,7,mean,0.6545380476730545,
B,8,1,0.7686336657169989,
B,8,2,0.5871941030199955,
B,8,3,0.6849151807187521,
B,8,4,0.697348781179138,
B,8,5,0.6570750209386572,
B,8,mean,0.6790333503147085,
B,9,1,0.8204657156666084,
B,9,2,0.6405749780972991,
B,9,3,0.7366169039765978,
B,9,4,0.7017810374149656,
B,9,5,0.6385957771185042,
B,9,mean,0.7076068824547951,
B,10,1,0.8099621586526348,
B,10,2,0.6785875657081011,
B,10,3,0.7485477435923865,
B,10,4,0.6933879373177839,
B,10,5,0.6259479829934375,
B,10,mean,0.7112866776528687,
B,11,1,0.797704305725139,
B,11,2,0.6989802038239535,
B,11,3,0.7148471289670268,
B,11,4,0.7333499352121797,
B,11,5,0.6223212477757931,
B,11,mean,0.7134405643008184,
B,12,1,0.8318817772835629,
B,12,2,0.7110020163368376,
B,12,3,0.777449866129713,
B,12,4,0.7753204972465173,
B,12,5,0.6774326893645074,
B,12,mean,0.7546173692722276,
B,13,1,0.8227660856009069,
B,13,2,0.7410871791898574,
B,13,3,0.8096766100018651,
B,13,4,0.7831318634596692,
B,13,5,0.6909167179621724,
B,13,mean,0.7695156912428942,
B,14,1,0.7723670556185436,
B,14,2,0.7125540159245513,
B,14,3,0.7987725070186804,
B,14,4,0.7583542071590538,
B,14,5,0.6052213863577498,
B,14,mean,0.7294538344157158,
B,15,1,0.7628584662141208,
B,15,2,0.7367647134611417,
B,15,3,0.8167709437671172,
B,15,4,0.7665103862973758,
B,15,5,0.625479377524832,
B,15,mean,0.7416767774529175,
B,16,1,0.7760272429840881,
B,16,2,0.722669584879406,
B,16,3,0.7795483933111483,
B,16,4,0.7372898040168445,
B,16,5,0.6402200198791106,
B,16,mean,0.7311510090141196,
B,17,1,0.7762914904209547,
B,17,2,0.7571711051844977,
B,17,3,0.7894032771838895,
B,17,4,0.7621867306446385,
B,17,5,0.6762609318291135,
B,17,mean,0.7522627070526188,
B,18,1,0.7842213240353121,
B,18,2,0.736257279426922,
B,18,3,0.7773044953912299,
B,18,4,0.745832260285066,
B,18,5,0.6962734782052963,
B,18,mean,0.7479777674687653,
B,19,1,0.8293802692016977,
B,19,2,0.7783229939703151,
B,19,3,0.8269704577357637,
B,19,4,0.8138768626498216,
B,19,5,0.745707671957672,
B,19,mean,0.7988516511030541,
B,20,1,0.8347629404325833,
B,20,2,0.7427653769841267,
B,20,3,0.809901879583002,
B,20,4,0.7779140144152896,
B,20,5,0.6778989486944031,
B,20,mean,0.7686486320218808,
B,21,1,0.8209384963030796,
B,21,2,0.7442534722222219,
B,21,3,0.8055268489069509,
B,21,4,0.7347306648850014,
B,21,5,0.6895677386586476,
B,21,mean,0.7590034441951803,
B,22,1,0.8435450280539566,
B,22,2,0.7659712237167591,
B,22,3,0.8184888701151456,
B,22,4,0.7517021987366372,
B,22,5,0.6807620578075122,
B,22,mean,0.7720938756860021,
B,23,1,0.824855529996899,
B,23,2,0.7472297593279733,
B,23,3,0.7826093386488794,
B,23,4,0.7064110382248134,
B,23,5,0.6626685435776344,
B,23,mean,0.7447548419552399,
B,24,1,0.808393138772603,
B,24,2,0.7302231176561531,
B,24,3,0.7825793834849957,
B,24,4,0.6644613297700028,
B,24,5,0.6595149757649756,
B,24,mean,0.7290343890897459,
B,25,1,0.8139785682791635,
B,25,2,0.7495146941352295,
B,25,3,0.7861202863179904,
B,25,4,0.680565314220926,
B,25,5,0.6907197558333922,
B,25,mean,0.7441797237573404,
B,26,1,0.8076963867812081,
B,26,2,0.7411615517419086,
B,26,3,0.7477930943300841,
B,26,4,0.6785795877874956,
B,26,5,0.7348063048063047,
B,26,mean,0.7420073850894002,
B,27,1,0.7975857698848771,
B,27,2,0.7485434704184701,
B,27,3,0.7320037780624515,
B,27,4,0.6663796161321668,
B,27,5,0.7266846957756048,
B,27,mean,0.734239466054714,
B,28,1,0.7894951711097543,
B,28,2,0.7432497165532878,
B,28,3,0.7099319390454595,
B,28,4,0.6438622044055713,
B,28,5,0.6987669275169274,
B,28,mean,0.7170611917262001,
C,,1,0.6224054481122931,
C,,2,0.6138772611317251,
C,,3,0.6942453783461439,
C,,4,0.6243080863297696,
C,,5,0.6053779721961541,
C,,mean,0.6320428292232172,
