unique_id,phase,snapshot_status,anchor_reason,q_B,q_C,prefix_length,near_end,group_B,group_C,valid_quality_pair,valid_time_pair,backend,NOW_status,NOW_Y,NOW_termination,NOW_exclusion,NOW_T_postfork_wall,NOW_generated_tokens,NOW_revoked_tokens,NOW_prm_calls,NOW_rollbacks,NOW_forward_tokens,NOW_feedback_tokens,DELAY_2_status,DELAY_2_Y,DELAY_2_termination,DELAY_2_exclusion,DELAY_2_T_postfork_wall,DELAY_2_generated_tokens,DELAY_2_revoked_tokens,DELAY_2_prm_calls,DELAY_2_rollbacks,DELAY_2_forward_tokens,DELAY_2_feedback_tokens,delta_Y,delta_T_seconds
test/intermediate_algebra/1779.json,pilot,ELIGIBLE,,0.8535655637326832,0.22116047522631296,103,False,,,True,True,"{""gpu"": ""NVIDIA GeForce RTX 4090"", ""implementation"": ""dynamic_cache_crop"", ""total_memory"": 50866487296, ""uuid"": ""25e77621-43ff-c8a0-6924-2394046aa091""}",COMPLETE,0,BUDGET_ROLLBACKS,,32.78808011300862,1895,1351,4,2,3654,122,COMPLETE,0,BUDGET_ROLLBACKS,,37.39912284165621,2147,1305,4,2,4195,122,0,4.61104272864759
test/number_theory/234.json,pilot,,,,,,,,,False,False,,,,,PENDING,,,,,,,,,,,PENDING,,,,,,,,,
test/algebra/2176.json,pilot,,,,,,,,,False,False,,,,,PENDING,,,,,,,,,,,PENDING,,,,,,,,,
test/geometry/795.json,pilot,,,,,,,,,False,False,,,,,PENDING,,,,,,,,,,,PENDING,,,,,,,,,
test/number_theory/627.json,pilot,,,,,,,,,False,False,,,,,PENDING,,,,,,,,,,,PENDING,,,,,,,,,
test/algebra/346.json,pilot,,,,,,,,,False,False,,,,,PENDING,,,,,,,,,,,PENDING,,,,,,,,,
test/precalculus/1056.json,pilot,,,,,,,,,False,False,,,,,PENDING,,,,,,,,,,,PENDING,,,,,,,,,
test/prealgebra/1991.json,pilot,,,,,,,,,False,False,,,,,PENDING,,,,,,,,,,,PENDING,,,,,,,,,
test/intermediate_algebra/1992.json,pilot,,,,,,,,,False,False,,,,,PENDING,,,,,,,,,,,PENDING,,,,,,,,,
test/prealgebra/1961.json,pilot,,,,,,,,,False,False,,,,,PENDING,,,,,,,,,,,PENDING,,,,,,,,,
test/number_theory/22.json,pilot,,,,,,,,,False,False,,,,,PENDING,,,,,,,,,,,PENDING,,,,,,,,,
test/algebra/2023.json,pilot,,,,,,,,,False,False,,,,,PENDING,,,,,,,,,,,PENDING,,,,,,,,,
test/geometry/248.json,pilot,,,,,,,,,False,False,,,,,PENDING,,,,,,,,,,,PENDING,,,,,,,,,
test/algebra/1199.json,pilot,,,,,,,,,False,False,,,,,PENDING,,,,,,,,,,,PENDING,,,,,,,,,
test/geometry/254.json,pilot,,,,,,,,,False,False,,,,,PENDING,,,,,,,,,,,PENDING,,,,,,,,,
test/prealgebra/805.json,pilot,,,,,,,,,False,False,,,,,PENDING,,,,,,,,,,,PENDING,,,,,,,,,
test/number_theory/1185.json,pilot,,,,,,,,,False,False,,,,,PENDING,,,,,,,,,,,PENDING,,,,,,,,,
test/prealgebra/1686.json,pilot,,,,,,,,,False,False,,,,,PENDING,,,,,,,,,,,PENDING,,,,,,,,,
test/counting_and_probability/51.json,pilot,,,,,,,,,False,False,,,,,PENDING,,,,,,,,,,,PENDING,,,,,,,,,
test/algebra/2486.json,pilot,,,,,,,,,False,False,,,,,PENDING,,,,,,,,,,,PENDING,,,,,,,,,
test/algebra/2517.json,dev,,,,,,,,,False,False,,,,,PENDING,,,,,,,,,,,PENDING,,,,,,,,,
test/intermediate_algebra/1791.json,dev,,,,,,,,,False,False,,,,,PENDING,,,,,,,,,,,PENDING,,,,,,,,,
test/geometry/817.json,dev,,,,,,,,,False,False,,,,,PENDING,,,,,,,,,,,PENDING,,,,,,,,,
test/number_theory/410.json,dev,,,,,,,,,False,False,,,,,PENDING,,,,,,,,,,,PENDING,,,,,,,,,
test/precalculus/1201.json,dev,,,,,,,,,False,False,,,,,PENDING,,,,,,,,,,,PENDING,,,,,,,,,
test/number_theory/931.json,dev,,,,,,,,,False,False,,,,,PENDING,,,,,,,,,,,PENDING,,,,,,,,,
test/algebra/2427.json,dev,,,,,,,,,False,False,,,,,PENDING,,,,,,,,,,,PENDING,,,,,,,,,
test/geometry/627.json,dev,,,,,,,,,False,False,,,,,PENDING,,,,,,,,,,,PENDING,,,,,,,,,
test/algebra/1553.json,dev,,,,,,,,,False,False,,,,,PENDING,,,,,,,,,,,PENDING,,,,,,,,,
test/algebra/858.json,dev,,,,,,,,,False,False,,,,,PENDING,,,,,,,,,,,PENDING,,,,,,,,,
test/algebra/1457.json,dev,,,,,,,,,False,False,,,,,PENDING,,,,,,,,,,,PENDING,,,,,,,,,
test/counting_and_probability/216.json,dev,,,,,,,,,False,False,,,,,PENDING,,,,,,,,,,,PENDING,,,,,,,,,
test/number_theory/368.json,dev,,,,,,,,,False,False,,,,,PENDING,,,,,,,,,,,PENDING,,,,,,,,,
test/algebra/849.json,dev,,,,,,,,,False,False,,,,,PENDING,,,,,,,,,,,PENDING,,,,,,,,,
test/prealgebra/1317.json,dev,,,,,,,,,False,False,,,,,PENDING,,,,,,,,,,,PENDING,,,,,,,,,
test/prealgebra/1995.json,dev,,,,,,,,,False,False,,,,,PENDING,,,,,,,,,,,PENDING,,,,,,,,,
test/precalculus/1300.json,dev,,,,,,,,,False,False,,,,,PENDING,,,,,,,,,,,PENDING,,,,,,,,,
test/algebra/2199.json,dev,,,,,,,,,False,False,,,,,PENDING,,,,,,,,,,,PENDING,,,,,,,,,
test/prealgebra/65.json,dev,,,,,,,,,False,False,,,,,PENDING,,,,,,,,,,,PENDING,,,,,,,,,
test/intermediate_algebra/1166.json,dev,,,,,,,,,False,False,,,,,PENDING,,,,,,,,,,,PENDING,,,,,,,,,
test/number_theory/239.json,dev,,,,,,,,,False,False,,,,,PENDING,,,,,,,,,,,PENDING,,,,,,,,,
test/algebra/2251.json,dev,,,,,,,,,False,False,,,,,PENDING,,,,,,,,,,,PENDING,,,,,,,,,
test/algebra/567.json,dev,,,,,,,,,False,False,,,,,PENDING,,,,,,,,,,,PENDING,,,,,,,,,
test/algebra/2592.json,dev,,,,,,,,,False,False,,,,,PENDING,,,,,,,,,,,PENDING,,,,,,,,,
test/number_theory/203.json,dev,,,,,,,,,False,False,,,,,PENDING,,,,,,,,,,,PENDING,,,,,,,,,
test/intermediate_algebra/1806.json,dev,,,,,,,,,False,False,,,,,PENDING,,,,,,,,,,,PENDING,,,,,,,,,
test/intermediate_algebra/1197.json,dev,,,,,,,,,False,False,,,,,PENDING,,,,,,,,,,,PENDING,,,,,,,,,
test/intermediate_algebra/1714.json,dev,,,,,,,,,False,False,,,,,PENDING,,,,,,,,,,,PENDING,,,,,,,,,
test/number_theory/612.json,dev,,,,,,,,,False,False,,,,,PENDING,,,,,,,,,,,PENDING,,,,,,,,,
test/prealgebra/1187.json,dev,,,,,,,,,False,False,,,,,PENDING,,,,,,,,,,,PENDING,,,,,,,,,
test/prealgebra/2019.json,dev,,,,,,,,,False,False,,,,,PENDING,,,,,,,,,,,PENDING,,,,,,,,,
test/prealgebra/1003.json,dev,,,,,,,,,False,False,,,,,PENDING,,,,,,,,,,,PENDING,,,,,,,,,
test/algebra/791.json,dev,,,,,,,,,False,False,,,,,PENDING,,,,,,,,,,,PENDING,,,,,,,,,
test/precalculus/920.json,dev,,,,,,,,,False,False,,,,,PENDING,,,,,,,,,,,PENDING,,,,,,,,,
test/number_theory/598.json,dev,,,,,,,,,False,False,,,,,PENDING,,,,,,,,,,,PENDING,,,,,,,,,
test/number_theory/459.json,dev,,,,,,,,,False,False,,,,,PENDING,,,,,,,,,,,PENDING,,,,,,,,,
test/prealgebra/1622.json,dev,,,,,,,,,False,False,,,,,PENDING,,,,,,,,,,,PENDING,,,,,,,,,
test/geometry/538.json,dev,,,,,,,,,False,False,,,,,PENDING,,,,,,,,,,,PENDING,,,,,,,,,
test/geometry/172.json,dev,,,,,,,,,False,False,,,,,PENDING,,,,,,,,,,,PENDING,,,,,,,,,
test/prealgebra/1733.json,dev,,,,,,,,,False,False,,,,,PENDING,,,,,,,,,,,PENDING,,,,,,,,,
test/intermediate_algebra/2022.json,test,,,,,,,,,False,False,,,,,PENDING,,,,,,,,,,,PENDING,,,,,,,,,
test/intermediate_algebra/199.json,test,,,,,,,,,False,False,,,,,PENDING,,,,,,,,,,,PENDING,,,,,,,,,
test/number_theory/1090.json,test,,,,,,,,,False,False,,,,,PENDING,,,,,,,,,,,PENDING,,,,,,,,,
test/number_theory/342.json,test,,,,,,,,,False,False,,,,,PENDING,,,,,,,,,,,PENDING,,,,,,,,,
test/geometry/283.json,test,,,,,,,,,False,False,,,,,PENDING,,,,,,,,,,,PENDING,,,,,,,,,
test/prealgebra/1865.json,test,,,,,,,,,False,False,,,,,PENDING,,,,,,,,,,,PENDING,,,,,,,,,
test/number_theory/183.json,test,,,,,,,,,False,False,,,,,PENDING,,,,,,,,,,,PENDING,,,,,,,,,
test/intermediate_algebra/960.json,test,,,,,,,,,False,False,,,,,PENDING,,,,,,,,,,,PENDING,,,,,,,,,
test/precalculus/742.json,test,,,,,,,,,False,False,,,,,PENDING,,,,,,,,,,,PENDING,,,,,,,,,
test/algebra/276.json,test,,,,,,,,,False,False,,,,,PENDING,,,,,,,,,,,PENDING,,,,,,,,,
test/algebra/1082.json,test,,,,,,,,,False,False,,,,,PENDING,,,,,,,,,,,PENDING,,,,,,,,,
test/precalculus/356.json,test,,,,,,,,,False,False,,,,,PENDING,,,,,,,,,,,PENDING,,,,,,,,,
test/prealgebra/1247.json,test,,,,,,,,,False,False,,,,,PENDING,,,,,,,,,,,PENDING,,,,,,,,,
test/counting_and_probability/731.json,test,,,,,,,,,False,False,,,,,PENDING,,,,,,,,,,,PENDING,,,,,,,,,
test/intermediate_algebra/1454.json,test,,,,,,,,,False,False,,,,,PENDING,,,,,,,,,,,PENDING,,,,,,,,,
test/counting_and_probability/508.json,test,,,,,,,,,False,False,,,,,PENDING,,,,,,,,,,,PENDING,,,,,,,,,
test/prealgebra/1558.json,test,,,,,,,,,False,False,,,,,PENDING,,,,,,,,,,,PENDING,,,,,,,,,
test/prealgebra/846.json,test,,,,,,,,,False,False,,,,,PENDING,,,,,,,,,,,PENDING,,,,,,,,,
test/number_theory/515.json,test,,,,,,,,,False,False,,,,,PENDING,,,,,,,,,,,PENDING,,,,,,,,,
test/number_theory/521.json,test,,,,,,,,,False,False,,,,,PENDING,,,,,,,,,,,PENDING,,,,,,,,,
test/algebra/1578.json,test,,,,,,,,,False,False,,,,,PENDING,,,,,,,,,,,PENDING,,,,,,,,,
test/intermediate_algebra/2015.json,test,,,,,,,,,False,False,,,,,PENDING,,,,,,,,,,,PENDING,,,,,,,,,
test/algebra/1519.json,test,,,,,,,,,False,False,,,,,PENDING,,,,,,,,,,,PENDING,,,,,,,,,
test/intermediate_algebra/121.json,test,,,,,,,,,False,False,,,,,PENDING,,,,,,,,,,,PENDING,,,,,,,,,
test/counting_and_probability/913.json,test,,,,,,,,,False,False,,,,,PENDING,,,,,,,,,,,PENDING,,,,,,,,,
test/intermediate_algebra/834.json,test,,,,,,,,,False,False,,,,,PENDING,,,,,,,,,,,PENDING,,,,,,,,,
test/algebra/686.json,test,,,,,,,,,False,False,,,,,PENDING,,,,,,,,,,,PENDING,,,,,,,,,
test/prealgebra/1044.json,test,,,,,,,,,False,False,,,,,PENDING,,,,,,,,,,,PENDING,,,,,,,,,
test/precalculus/697.json,test,,,,,,,,,False,False,,,,,PENDING,,,,,,,,,,,PENDING,,,,,,,,,
test/prealgebra/1356.json,test,,,,,,,,,False,False,,,,,PENDING,,,,,,,,,,,PENDING,,,,,,,,,
test/counting_and_probability/525.json,test,,,,,,,,,False,False,,,,,PENDING,,,,,,,,,,,PENDING,,,,,,,,,
test/intermediate_algebra/232.json,test,,,,,,,,,False,False,,,,,PENDING,,,,,,,,,,,PENDING,,,,,,,,,
test/intermediate_algebra/446.json,test,,,,,,,,,False,False,,,,,PENDING,,,,,,,,,,,PENDING,,,,,,,,,
test/intermediate_algebra/1508.json,test,,,,,,,,,False,False,,,,,PENDING,,,,,,,,,,,PENDING,,,,,,,,,
test/intermediate_algebra/1350.json,test,,,,,,,,,False,False,,,,,PENDING,,,,,,,,,,,PENDING,,,,,,,,,
test/intermediate_algebra/101.json,test,,,,,,,,,False,False,,,,,PENDING,,,,,,,,,,,PENDING,,,,,,,,,
test/intermediate_algebra/894.json,test,,,,,,,,,False,False,,,,,PENDING,,,,,,,,,,,PENDING,,,,,,,,,
test/geometry/229.json,test,,,,,,,,,False,False,,,,,PENDING,,,,,,,,,,,PENDING,,,,,,,,,
test/intermediate_algebra/190.json,test,,,,,,,,,False,False,,,,,PENDING,,,,,,,,,,,PENDING,,,,,,,,,
test/counting_and_probability/761.json,test,,,,,,,,,False,False,,,,,PENDING,,,,,,,,,,,PENDING,,,,,,,,,
test/prealgebra/307.json,test,,,,,,,,,False,False,,,,,PENDING,,,,,,,,,,,PENDING,,,,,,,,,
test/intermediate_algebra/279.json,test,,,,,,,,,False,False,,,,,PENDING,,,,,,,,,,,PENDING,,,,,,,,,
test/geometry/106.json,test,,,,,,,,,False,False,,,,,PENDING,,,,,,,,,,,PENDING,,,,,,,,,
test/intermediate_algebra/986.json,test,,,,,,,,,False,False,,,,,PENDING,,,,,,,,,,,PENDING,,,,,,,,,
test/number_theory/1055.json,test,,,,,,,,,False,False,,,,,PENDING,,,,,,,,,,,PENDING,,,,,,,,,
test/prealgebra/1784.json,test,,,,,,,,,False,False,,,,,PENDING,,,,,,,,,,,PENDING,,,,,,,,,
test/number_theory/911.json,test,,,,,,,,,False,False,,,,,PENDING,,,,,,,,,,,PENDING,,,,,,,,,
test/number_theory/1287.json,test,,,,,,,,,False,False,,,,,PENDING,,,,,,,,,,,PENDING,,,,,,,,,
test/algebra/1547.json,test,,,,,,,,,False,False,,,,,PENDING,,,,,,,,,,,PENDING,,,,,,,,,
test/algebra/733.json,test,,,,,,,,,False,False,,,,,PENDING,,,,,,,,,,,PENDING,,,,,,,,,
test/algebra/1265.json,test,,,,,,,,,False,False,,,,,PENDING,,,,,,,,,,,PENDING,,,,,,,,,
test/prealgebra/2086.json,test,,,,,,,,,False,False,,,,,PENDING,,,,,,,,,,,PENDING,,,,,,,,,
test/prealgebra/1640.json,test,,,,,,,,,False,False,,,,,PENDING,,,,,,,,,,,PENDING,,,,,,,,,
test/prealgebra/192.json,test,,,,,,,,,False,False,,,,,PENDING,,,,,,,,,,,PENDING,,,,,,,,,
test/geometry/711.json,test,,,,,,,,,False,False,,,,,PENDING,,,,,,,,,,,PENDING,,,,,,,,,
test/prealgebra/105.json,test,,,,,,,,,False,False,,,,,PENDING,,,,,,,,,,,PENDING,,,,,,,,,
test/intermediate_algebra/623.json,test,,,,,,,,,False,False,,,,,PENDING,,,,,,,,,,,PENDING,,,,,,,,,
test/number_theory/864.json,test,,,,,,,,,False,False,,,,,PENDING,,,,,,,,,,,PENDING,,,,,,,,,
test/intermediate_algebra/1354.json,test,,,,,,,,,False,False,,,,,PENDING,,,,,,,,,,,PENDING,,,,,,,,,
test/prealgebra/951.json,test,,,,,,,,,False,False,,,,,PENDING,,,,,,,,,,,PENDING,,,,,,,,,
test/precalculus/43.json,test,,,,,,,,,False,False,,,,,PENDING,,,,,,,,,,,PENDING,,,,,,,,,
test/geometry/483.json,test,,,,,,,,,False,False,,,,,PENDING,,,,,,,,,,,PENDING,,,,,,,,,
test/algebra/246.json,test,,,,,,,,,False,False,,,,,PENDING,,,,,,,,,,,PENDING,,,,,,,,,
test/algebra/824.json,test,,,,,,,,,False,False,,,,,PENDING,,,,,,,,,,,PENDING,,,,,,,,,
test/algebra/2257.json,test,,,,,,,,,False,False,,,,,PENDING,,,,,,,,,,,PENDING,,,,,,,,,
test/intermediate_algebra/1232.json,test,,,,,,,,,False,False,,,,,PENDING,,,,,,,,,,,PENDING,,,,,,,,,
test/number_theory/1257.json,test,,,,,,,,,False,False,,,,,PENDING,,,,,,,,,,,PENDING,,,,,,,,,
test/prealgebra/1908.json,test,,,,,,,,,False,False,,,,,PENDING,,,,,,,,,,,PENDING,,,,,,,,,
test/intermediate_algebra/515.json,test,,,,,,,,,False,False,,,,,PENDING,,,,,,,,,,,PENDING,,,,,,,,,
test/counting_and_probability/430.json,test,,,,,,,,,False,False,,,,,PENDING,,,,,,,,,,,PENDING,,,,,,,,,
test/precalculus/779.json,test,,,,,,,,,False,False,,,,,PENDING,,,,,,,,,,,PENDING,,,,,,,,,
test/algebra/509.json,test,,,,,,,,,False,False,,,,,PENDING,,,,,,,,,,,PENDING,,,,,,,,,
test/number_theory/1032.json,test,,,,,,,,,False,False,,,,,PENDING,,,,,,,,,,,PENDING,,,,,,,,,
test/geometry/226.json,test,,,,,,,,,False,False,,,,,PENDING,,,,,,,,,,,PENDING,,,,,,,,,
test/number_theory/132.json,test,,,,,,,,,False,False,,,,,PENDING,,,,,,,,,,,PENDING,,,,,,,,,
test/algebra/114.json,test,,,,,,,,,False,False,,,,,PENDING,,,,,,,,,,,PENDING,,,,,,,,,
test/algebra/1184.json,test,,,,,,,,,False,False,,,,,PENDING,,,,,,,,,,,PENDING,,,,,,,,,
test/number_theory/686.json,test,,,,,,,,,False,False,,,,,PENDING,,,,,,,,,,,PENDING,,,,,,,,,
test/geometry/178.json,test,,,,,,,,,False,False,,,,,PENDING,,,,,,,,,,,PENDING,,,,,,,,,
test/precalculus/695.json,test,,,,,,,,,False,False,,,,,PENDING,,,,,,,,,,,PENDING,,,,,,,,,
test/counting_and_probability/25149.json,test,,,,,,,,,False,False,,,,,PENDING,,,,,,,,,,,PENDING,,,,,,,,,
test/precalculus/826.json,test,,,,,,,,,False,False,,,,,PENDING,,,,,,,,,,,PENDING,,,,,,,,,
test/counting_and_probability/116.json,test,,,,,,,,,False,False,,,,,PENDING,,,,,,,,,,,PENDING,,,,,,,,,
test/prealgebra/874.json,test,,,,,,,,,False,False,,,,,PENDING,,,,,,,,,,,PENDING,,,,,,,,,
test/geometry/65.json,test,,,,,,,,,False,False,,,,,PENDING,,,,,,,,,,,PENDING,,,,,,,,,
test/number_theory/847.json,test,,,,,,,,,False,False,,,,,PENDING,,,,,,,,,,,PENDING,,,,,,,,,
test/geometry/846.json,test,,,,,,,,,False,False,,,,,PENDING,,,,,,,,,,,PENDING,,,,,,,,,
test/prealgebra/1233.json,test,,,,,,,,,False,False,,,,,PENDING,,,,,,,,,,,PENDING,,,,,,,,,
test/prealgebra/631.json,test,,,,,,,,,False,False,,,,,PENDING,,,,,,,,,,,PENDING,,,,,,,,,
test/counting_and_probability/23957.json,test,,,,,,,,,False,False,,,,,PENDING,,,,,,,,,,,PENDING,,,,,,,,,
test/algebra/873.json,test,,,,,,,,,False,False,,,,,PENDING,,,,,,,,,,,PENDING,,,,,,,,,
test/algebra/170.json,test,,,,,,,,,False,False,,,,,PENDING,,,,,,,,,,,PENDING,,,,,,,,,
test/geometry/686.json,test,,,,,,,,,False,False,,,,,PENDING,,,,,,,,,,,PENDING,,,,,,,,,
test/algebra/841.json,test,,,,,,,,,False,False,,,,,PENDING,,,,,,,,,,,PENDING,,,,,,,,,
test/intermediate_algebra/1210.json,test,,,,,,,,,False,False,,,,,PENDING,,,,,,,,,,,PENDING,,,,,,,,,
test/intermediate_algebra/117.json,test,,,,,,,,,False,False,,,,,PENDING,,,,,,,,,,,PENDING,,,,,,,,,
test/algebra/2584.json,test,,,,,,,,,False,False,,,,,PENDING,,,,,,,,,,,PENDING,,,,,,,,,
test/algebra/187.json,test,,,,,,,,,False,False,,,,,PENDING,,,,,,,,,,,PENDING,,,,,,,,,
test/prealgebra/260.json,test,,,,,,,,,False,False,,,,,PENDING,,,,,,,,,,,PENDING,,,,,,,,,
test/counting_and_probability/1009.json,test,,,,,,,,,False,False,,,,,PENDING,,,,,,,,,,,PENDING,,,,,,,,,
test/number_theory/427.json,test,,,,,,,,,False,False,,,,,PENDING,,,,,,,,,,,PENDING,,,,,,,,,
test/algebra/2680.json,test,,,,,,,,,False,False,,,,,PENDING,,,,,,,,,,,PENDING,,,,,,,,,
test/precalculus/881.json,test,,,,,,,,,False,False,,,,,PENDING,,,,,,,,,,,PENDING,,,,,,,,,
test/counting_and_probability/14.json,test,,,,,,,,,False,False,,,,,PENDING,,,,,,,,,,,PENDING,,,,,,,,,
test/intermediate_algebra/1000.json,test,,,,,,,,,False,False,,,,,PENDING,,,,,,,,,,,PENDING,,,,,,,,,
test/counting_and_probability/188.json,test,,,,,,,,,False,False,,,,,PENDING,,,,,,,,,,,PENDING,,,,,,,,,
test/algebra/351.json,test,,,,,,,,,False,False,,,,,PENDING,,,,,,,,,,,PENDING,,,,,,,,,
test/counting_and_probability/1014.json,test,,,,,,,,,False,False,,,,,PENDING,,,,,,,,,,,PENDING,,,,,,,,,
test/algebra/2080.json,test,,,,,,,,,False,False,,,,,PENDING,,,,,,,,,,,PENDING,,,,,,,,,
test/algebra/776.json,test,,,,,,,,,False,False,,,,,PENDING,,,,,,,,,,,PENDING,,,,,,,,,
test/algebra/722.json,test,,,,,,,,,False,False,,,,,PENDING,,,,,,,,,,,PENDING,,,,,,,,,
test/geometry/547.json,test,,,,,,,,,False,False,,,,,PENDING,,,,,,,,,,,PENDING,,,,,,,,,
test/number_theory/109.json,test,,,,,,,,,False,False,,,,,PENDING,,,,,,,,,,,PENDING,,,,,,,,,
test/precalculus/927.json,test,,,,,,,,,False,False,,,,,PENDING,,,,,,,,,,,PENDING,,,,,,,,,
test/precalculus/703.json,test,,,,,,,,,False,False,,,,,PENDING,,,,,,,,,,,PENDING,,,,,,,,,
test/algebra/2570.json,test,,,,,,,,,False,False,,,,,PENDING,,,,,,,,,,,PENDING,,,,,,,,,
test/intermediate_algebra/1555.json,test,,,,,,,,,False,False,,,,,PENDING,,,,,,,,,,,PENDING,,,,,,,,,
test/algebra/24.json,test,,,,,,,,,False,False,,,,,PENDING,,,,,,,,,,,PENDING,,,,,,,,,
test/number_theory/631.json,test,,,,,,,,,False,False,,,,,PENDING,,,,,,,,,,,PENDING,,,,,,,,,
test/number_theory/978.json,test,,,,,,,,,False,False,,,,,PENDING,,,,,,,,,,,PENDING,,,,,,,,,
test/prealgebra/1302.json,test,,,,,,,,,False,False,,,,,PENDING,,,,,,,,,,,PENDING,,,,,,,,,
test/prealgebra/2057.json,test,,,,,,,,,False,False,,,,,PENDING,,,,,,,,,,,PENDING,,,,,,,,,
test/algebra/524.json,test,,,,,,,,,False,False,,,,,PENDING,,,,,,,,,,,PENDING,,,,,,,,,
test/intermediate_algebra/2152.json,test,,,,,,,,,False,False,,,,,PENDING,,,,,,,,,,,PENDING,,,,,,,,,
test/counting_and_probability/230.json,test,,,,,,,,,False,False,,,,,PENDING,,,,,,,,,,,PENDING,,,,,,,,,
test/geometry/965.json,test,,,,,,,,,False,False,,,,,PENDING,,,,,,,,,,,PENDING,,,,,,,,,
test/counting_and_probability/737.json,test,,,,,,,,,False,False,,,,,PENDING,,,,,,,,,,,PENDING,,,,,,,,,
test/prealgebra/1436.json,test,,,,,,,,,False,False,,,,,PENDING,,,,,,,,,,,PENDING,,,,,,,,,
test/algebra/1529.json,test,,,,,,,,,False,False,,,,,PENDING,,,,,,,,,,,PENDING,,,,,,,,,
test/algebra/305.json,test,,,,,,,,,False,False,,,,,PENDING,,,,,,,,,,,PENDING,,,,,,,,,
