unique_id,phase,selection_status,selection_reason,valid_quality_pair,valid_time_pair,backend,all_equal_scores,HIGH_status,HIGH_termination,HIGH_Y,HIGH_exclusion,HIGH_T_request,HIGH_step_number,HIGH_prefix_token_count,HIGH_q,HIGH_z,HIGH_near_end,HIGH_generated_tokens,HIGH_revoked_tokens,HIGH_prm_calls,HIGH_rollbacks,HIGH_forward_tokens,HIGH_feedback_tokens,LOW_status,LOW_termination,LOW_Y,LOW_exclusion,LOW_T_request,LOW_step_number,LOW_prefix_token_count,LOW_q,LOW_z,LOW_near_end,LOW_generated_tokens,LOW_revoked_tokens,LOW_prm_calls,LOW_rollbacks,LOW_forward_tokens,LOW_feedback_tokens,delta_Y,delta_T_seconds
test/intermediate_algebra/1411.json,pilot,ELIGIBLE,,True,True,"{""attention"": ""sdpa"", ""bitsandbytes"": ""0.50.2"", ""dtype"": ""bfloat16"", ""gpu"": ""NVIDIA GeForce RTX 4090"", ""implementation"": ""dynamic_cache_crop"", ""source_sha256"": ""87821ad1224c028b45edef428bc08bfe464e305efd0b3c2ec24943a39d369944"", ""torch"": ""2.8.0+cu128"", ""total_memory"": 50866487296, ""transformers"": ""4.57.3"", ""uuid"": ""dae856e4-2c2a-b830-134f-97927b826cec""}",False,COMPLETE,BUDGET_ATTEMPT,0,,91.88266286626458,3,262,0.9972686388751469,5.9002201154050775,False,4986,627,2,1,1812,61,COMPLETE,BUDGET_ROLLBACK,0,,58.18406601622701,1,117,0.41683850687088086,-0.3357652785460239,False,3167,1855,4,2,4553,122,0,-33.698596850037575
test/intermediate_algebra/362.json,pilot,ELIGIBLE,,True,True,"{""attention"": ""sdpa"", ""bitsandbytes"": ""0.50.2"", ""dtype"": ""bfloat16"", ""gpu"": ""NVIDIA GeForce RTX 4090"", ""implementation"": ""dynamic_cache_crop"", ""source_sha256"": ""87821ad1224c028b45edef428bc08bfe464e305efd0b3c2ec24943a39d369944"", ""torch"": ""2.8.0+cu128"", ""total_memory"": 50866487296, ""transformers"": ""4.57.3"", ""uuid"": ""dae856e4-2c2a-b830-134f-97927b826cec""}",False,COMPLETE,BUDGET_ATTEMPT,0,,86.84464614093304,7,631,0.9884558386510174,4.4499641682564315,False,4732,636,1,1,963,58,COMPLETE,BUDGET_ROLLBACK,0,,24.702180152758956,3,380,0.5572213152610289,0.22989243318131258,False,1345,638,4,2,3159,122,0,-62.14246598817408
test/geometry/826.json,pilot,ELIGIBLE,,True,True,"{""attention"": ""sdpa"", ""bitsandbytes"": ""0.50.2"", ""dtype"": ""bfloat16"", ""gpu"": ""NVIDIA GeForce RTX 4090"", ""implementation"": ""dynamic_cache_crop"", ""source_sha256"": ""87821ad1224c028b45edef428bc08bfe464e305efd0b3c2ec24943a39d369944"", ""torch"": ""2.8.0+cu128"", ""total_memory"": 50866487296, ""transformers"": ""4.57.3"", ""uuid"": ""dae856e4-2c2a-b830-134f-97927b826cec""}",False,COMPLETE,BUDGET_ROLLBACK,0,,12.54329957999289,3,247,0.9799152773007701,3.887506654839071,False,680,437,3,2,1938,116,COMPLETE,BUDGET_ROLLBACK,0,,16.374463001266122,2,150,0.3742797060985811,-0.5139000612320168,False,892,562,3,2,2143,116,0,3.8311634212732315
test/geometry/473.json,pilot,ELIGIBLE,,True,True,"{""attention"": ""sdpa"", ""bitsandbytes"": ""0.50.2"", ""dtype"": ""bfloat16"", ""gpu"": ""NVIDIA GeForce RTX 4090"", ""implementation"": ""dynamic_cache_crop"", ""source_sha256"": ""87821ad1224c028b45edef428bc08bfe464e305efd0b3c2ec24943a39d369944"", ""torch"": ""2.8.0+cu128"", ""total_memory"": 50866487296, ""transformers"": ""4.57.3"", ""uuid"": ""dae856e4-2c2a-b830-134f-97927b826cec""}",False,COMPLETE,FINAL_PASS,1,,4.958574529737234,5,206,0.12469807218861796,-1.9486734942214388,False,267,0,2,0,681,0,COMPLETE,FINAL_PASS,1,,4.900947624817491,2,63,0.00517068921761539,-5.259565184904379,False,267,0,2,0,545,0,0,-0.05762690491974354
test/intermediate_algebra/1797.json,test,ELIGIBLE,,True,True,"{""attention"": ""sdpa"", ""bitsandbytes"": ""0.50.2"", ""dtype"": ""bfloat16"", ""gpu"": ""NVIDIA GeForce RTX 4090"", ""implementation"": ""dynamic_cache_crop"", ""source_sha256"": ""87821ad1224c028b45edef428bc08bfe464e305efd0b3c2ec24943a39d369944"", ""torch"": ""2.8.0+cu128"", ""total_memory"": 50866487296, ""transformers"": ""4.57.3"", ""uuid"": ""dae856e4-2c2a-b830-134f-97927b826cec""}",False,COMPLETE,FINAL_PASS,1,,11.297587290406227,4,379,0.35834666822483646,-0.5825473113367885,False,613,0,2,0,1315,0,COMPLETE,FINAL_PASS,1,,11.372110897675157,6,599,0.05145389617470892,-2.9142442084717577,True,613,0,2,0,1531,0,0,0.07452360726892948
test/precalculus/34.json,test,ELIGIBLE,,True,True,"{""attention"": ""sdpa"", ""bitsandbytes"": ""0.50.2"", ""dtype"": ""bfloat16"", ""gpu"": ""NVIDIA GeForce RTX 4090"", ""implementation"": ""dynamic_cache_crop"", ""source_sha256"": ""87821ad1224c028b45edef428bc08bfe464e305efd0b3c2ec24943a39d369944"", ""torch"": ""2.8.0+cu128"", ""total_memory"": 50866487296, ""transformers"": ""4.57.3"", ""uuid"": ""dae856e4-2c2a-b830-134f-97927b826cec""}",False,COMPLETE,FINAL_PASS,1,,8.884307835251093,3,253,0.31128298854068626,-0.7941280336302663,False,475,0,2,0,1101,0,COMPLETE,FINAL_PASS,1,,8.740379676222801,5,392,0.0031495656418455927,-5.757336191167399,False,475,0,2,0,1235,0,0,-0.1439281590282917
test/precalculus/801.json,test,ELIGIBLE,,True,True,"{""attention"": ""sdpa"", ""bitsandbytes"": ""0.50.2"", ""dtype"": ""bfloat16"", ""gpu"": ""NVIDIA GeForce RTX 4090"", ""implementation"": ""dynamic_cache_crop"", ""source_sha256"": ""87821ad1224c028b45edef428bc08bfe464e305efd0b3c2ec24943a39d369944"", ""torch"": ""2.8.0+cu128"", ""total_memory"": 50866487296, ""transformers"": ""4.57.3"", ""uuid"": ""dae856e4-2c2a-b830-134f-97927b826cec""}",False,COMPLETE,BUDGET_ROLLBACK,0,,30.446346275508404,11,1082,0.9558101986704639,3.0740653330762377,False,1633,283,4,2,5567,130,COMPLETE,FINAL_PASS,0,,37.42066892981529,2,155,0.08167218932803576,-2.419840875098371,False,2048,985,3,1,2939,63,0,6.974322654306889
test/number_theory/45.json,test,ELIGIBLE,,True,True,"{""attention"": ""sdpa"", ""bitsandbytes"": ""0.50.2"", ""dtype"": ""bfloat16"", ""gpu"": ""NVIDIA GeForce RTX 4090"", ""implementation"": ""dynamic_cache_crop"", ""source_sha256"": ""87821ad1224c028b45edef428bc08bfe464e305efd0b3c2ec24943a39d369944"", ""torch"": ""2.8.0+cu128"", ""total_memory"": 50866487296, ""transformers"": ""4.57.3"", ""uuid"": ""dae856e4-2c2a-b830-134f-97927b826cec""}",False,COMPLETE,FINAL_PASS,1,,3.989741275086999,3,50,0.5858390959285203,0.34679061605101147,False,216,0,2,0,490,0,COMPLETE,FINAL_PASS,1,,4.024123400449753,5,205,0.012673695114297693,-4.355471992902255,True,216,0,2,0,639,0,0,0.03438212536275387
test/intermediate_algebra/964.json,test,ELIGIBLE,,True,True,"{""attention"": ""sdpa"", ""bitsandbytes"": ""0.50.2"", ""dtype"": ""bfloat16"", ""gpu"": ""NVIDIA GeForce RTX 4090"", ""implementation"": ""dynamic_cache_crop"", ""source_sha256"": ""87821ad1224c028b45edef428bc08bfe464e305efd0b3c2ec24943a39d369944"", ""torch"": ""2.8.0+cu128"", ""total_memory"": 50866487296, ""transformers"": ""4.57.3"", ""uuid"": ""dae856e4-2c2a-b830-134f-97927b826cec""}",False,COMPLETE,FINAL_PASS,0,,31.034997910261154,7,879,0.9940069625293786,5.111145837334247,False,1690,884,2,1,2531,58,COMPLETE,BUDGET_ROLLBACK,0,,38.127486215904355,4,429,0.6199162266215521,0.4891926658749002,False,2065,1064,4,2,4728,122,0,7.092488305643201
test/counting_and_probability/377.json,test,ELIGIBLE,,True,True,"{""attention"": ""sdpa"", ""bitsandbytes"": ""0.50.2"", ""dtype"": ""bfloat16"", ""gpu"": ""NVIDIA GeForce RTX 4090"", ""implementation"": ""dynamic_cache_crop"", ""source_sha256"": ""87821ad1224c028b45edef428bc08bfe464e305efd0b3c2ec24943a39d369944"", ""torch"": ""2.8.0+cu128"", ""total_memory"": 50866487296, ""transformers"": ""4.57.3"", ""uuid"": ""dae856e4-2c2a-b830-134f-97927b826cec""}",False,COMPLETE,FINAL_PASS,1,,9.66555736772716,1,64,0.524694508449675,0.09885846714680246,False,529,0,2,0,862,0,COMPLETE,FINAL_PASS,1,,9.76940530538559,5,507,0.052895868424270034,-2.885083812372694,True,529,0,2,0,1295,0,0,0.10384793765842915
test/precalculus/1303.json,test,ELIGIBLE,,True,True,"{""attention"": ""sdpa"", ""bitsandbytes"": ""0.50.2"", ""dtype"": ""bfloat16"", ""gpu"": ""NVIDIA GeForce RTX 4090"", ""implementation"": ""dynamic_cache_crop"", ""source_sha256"": ""87821ad1224c028b45edef428bc08bfe464e305efd0b3c2ec24943a39d369944"", ""torch"": ""2.8.0+cu128"", ""total_memory"": 50866487296, ""transformers"": ""4.57.3"", ""uuid"": ""dae856e4-2c2a-b830-134f-97927b826cec""}",False,COMPLETE,BUDGET_ROLLBACK,0,,8.207370921969414,1,67,0.036226452884063384,-3.281066762761191,False,444,258,3,2,1177,116,COMPLETE,BUDGET_ROLLBACK,0,,9.891863008961082,2,160,0.005030289147110217,-5.287234828366936,False,537,351,3,2,1267,116,0,1.6844920869916677
test/counting_and_probability/71.json,test,ELIGIBLE,,True,True,"{""attention"": ""sdpa"", ""bitsandbytes"": ""0.50.2"", ""dtype"": ""bfloat16"", ""gpu"": ""NVIDIA GeForce RTX 4090"", ""implementation"": ""dynamic_cache_crop"", ""source_sha256"": ""87821ad1224c028b45edef428bc08bfe464e305efd0b3c2ec24943a39d369944"", ""torch"": ""2.8.0+cu128"", ""total_memory"": 50866487296, ""transformers"": ""4.57.3"", ""uuid"": ""dae856e4-2c2a-b830-134f-97927b826cec""}",False,COMPLETE,FINAL_PASS,1,,3.846952335909009,2,91,0.727768531038743,0.9833303525309667,False,208,0,2,0,526,0,COMPLETE,FINAL_PASS,1,,3.8688110932707787,4,198,0.284363834903447,-0.9229173614460837,True,208,0,2,0,628,0,0,0.021858757361769676
test/number_theory/483.json,test,ELIGIBLE,,True,True,"{""attention"": ""sdpa"", ""bitsandbytes"": ""0.50.2"", ""dtype"": ""bfloat16"", ""gpu"": ""NVIDIA GeForce RTX 4090"", ""implementation"": ""dynamic_cache_crop"", ""source_sha256"": ""87821ad1224c028b45edef428bc08bfe464e305efd0b3c2ec24943a39d369944"", ""torch"": ""2.8.0+cu128"", ""total_memory"": 50866487296, ""transformers"": ""4.57.3"", ""uuid"": ""dae856e4-2c2a-b830-134f-97927b826cec""}",False,COMPLETE,FINAL_PASS,1,,8.553039707243443,1,49,0.9157298712428639,2.385693963097574,False,468,0,2,0,851,0,COMPLETE,FINAL_PASS,1,,8.64563494734466,5,441,0.20578040169476539,-1.3505504061758706,False,468,0,2,0,1230,0,0,0.09259524010121822
test/algebra/769.json,test,ELIGIBLE,,True,True,"{""attention"": ""sdpa"", ""bitsandbytes"": ""0.50.2"", ""dtype"": ""bfloat16"", ""gpu"": ""NVIDIA GeForce RTX 4090"", ""implementation"": ""dynamic_cache_crop"", ""source_sha256"": ""87821ad1224c028b45edef428bc08bfe464e305efd0b3c2ec24943a39d369944"", ""torch"": ""2.8.0+cu128"", ""total_memory"": 50866487296, ""transformers"": ""4.57.3"", ""uuid"": ""dae856e4-2c2a-b830-134f-97927b826cec""}",False,COMPLETE,FINAL_PASS,1,,2.395882021635771,1,35,0.05333652684292289,-2.876322265977942,False,128,0,2,0,390,0,COMPLETE,FINAL_PASS,1,,2.398344473913312,2,65,0.0007840137866239581,-7.150299631502776,False,128,0,2,0,416,0,0,0.0024624522775411606
test/algebra/661.json,test,EXCLUDED,"FORMAT_ERROR: missing, repeated or non-sequential Step N markers",False,False,,,,,,PENDING,,,,,,,,,,,,,,,,PENDING,,,,,,,,,,,,,,
test/number_theory/737.json,test,ELIGIBLE,,True,True,"{""attention"": ""sdpa"", ""bitsandbytes"": ""0.50.2"", ""dtype"": ""bfloat16"", ""gpu"": ""NVIDIA GeForce RTX 4090"", ""implementation"": ""dynamic_cache_crop"", ""source_sha256"": ""87821ad1224c028b45edef428bc08bfe464e305efd0b3c2ec24943a39d369944"", ""torch"": ""2.8.0+cu128"", ""total_memory"": 50866487296, ""transformers"": ""4.57.3"", ""uuid"": ""dae856e4-2c2a-b830-134f-97927b826cec""}",False,COMPLETE,FINAL_PASS,1,,4.386708674952388,1,19,0.5462730144524413,0.1856232135066147,False,237,0,2,0,612,0,COMPLETE,FINAL_PASS,1,,4.3906464241445065,3,89,0.0022713619670434765,-6.0851016965040925,False,237,0,2,0,676,0,0,0.003937749192118645
test/prealgebra/1922.json,test,ELIGIBLE,,True,True,"{""attention"": ""sdpa"", ""bitsandbytes"": ""0.50.2"", ""dtype"": ""bfloat16"", ""gpu"": ""NVIDIA GeForce RTX 4090"", ""implementation"": ""dynamic_cache_crop"", ""source_sha256"": ""87821ad1224c028b45edef428bc08bfe464e305efd0b3c2ec24943a39d369944"", ""torch"": ""2.8.0+cu128"", ""total_memory"": 50866487296, ""transformers"": ""4.57.3"", ""uuid"": ""dae856e4-2c2a-b830-134f-97927b826cec""}",False,COMPLETE,FINAL_PASS,1,,3.3370124716311693,1,18,0.0056254789811127906,-5.174807820738242,False,181,0,2,0,444,0,COMPLETE,FINAL_PASS,1,,3.364949742332101,4,135,0.00012957599501512836,-8.95111343046011,False,181,0,2,0,552,0,0,0.02793727070093155
test/intermediate_algebra/1572.json,test,ELIGIBLE,,True,True,"{""attention"": ""sdpa"", ""bitsandbytes"": ""0.50.2"", ""dtype"": ""bfloat16"", ""gpu"": ""NVIDIA GeForce RTX 4090"", ""implementation"": ""dynamic_cache_crop"", ""source_sha256"": ""87821ad1224c028b45edef428bc08bfe464e305efd0b3c2ec24943a39d369944"", ""torch"": ""2.8.0+cu128"", ""total_memory"": 50866487296, ""transformers"": ""4.57.3"", ""uuid"": ""dae856e4-2c2a-b830-134f-97927b826cec""}",False,COMPLETE,FINAL_PASS,1,,6.330215319991112,2,135,0.341466064163214,-0.6567677537169989,False,344,0,2,0,821,0,COMPLETE,FINAL_PASS,1,,6.371956400573254,5,334,0.0062845907406984,-5.06335013398216,True,344,0,2,0,1013,0,0,0.041741080582141876
test/prealgebra/1730.json,test,ELIGIBLE,,True,True,"{""attention"": ""sdpa"", ""bitsandbytes"": ""0.50.2"", ""dtype"": ""bfloat16"", ""gpu"": ""NVIDIA GeForce RTX 4090"", ""implementation"": ""dynamic_cache_crop"", ""source_sha256"": ""87821ad1224c028b45edef428bc08bfe464e305efd0b3c2ec24943a39d369944"", ""torch"": ""2.8.0+cu128"", ""total_memory"": 50866487296, ""transformers"": ""4.57.3"", ""uuid"": ""dae856e4-2c2a-b830-134f-97927b826cec""}",False,COMPLETE,FINAL_PASS,1,,7.476618053391576,9,376,0.621843560118602,0.49738057791924417,False,404,0,2,0,999,0,COMPLETE,FINAL_PASS,1,,7.416653381660581,6,211,0.0017692103769574175,-6.335451169370469,False,404,0,2,0,842,0,0,-0.05996467173099518
test/prealgebra/1113.json,test,EXCLUDED,"FORMAT_ERROR: missing, repeated or non-sequential Step N markers",False,False,,,,,,PENDING,,,,,,,,,,,,,,,,PENDING,,,,,,,,,,,,,,
test/intermediate_algebra/1151.json,test,ELIGIBLE,,True,True,"{""attention"": ""sdpa"", ""bitsandbytes"": ""0.50.2"", ""dtype"": ""bfloat16"", ""gpu"": ""NVIDIA GeForce RTX 4090"", ""implementation"": ""dynamic_cache_crop"", ""source_sha256"": ""87821ad1224c028b45edef428bc08bfe464e305efd0b3c2ec24943a39d369944"", ""torch"": ""2.8.0+cu128"", ""total_memory"": 50866487296, ""transformers"": ""4.57.3"", ""uuid"": ""dae856e4-2c2a-b830-134f-97927b826cec""}",False,COMPLETE,FINAL_PASS,1,,13.363844484090805,4,360,0.8430813557522739,1.6813359792252127,False,727,0,2,0,1368,0,COMPLETE,FINAL_PASS,1,,13.265268286690116,1,99,0.18001431714287253,-1.5162504927658174,False,727,0,2,0,1116,0,0,-0.09857619740068913
test/precalculus/1202.json,test,ELIGIBLE,,True,True,"{""attention"": ""sdpa"", ""bitsandbytes"": ""0.50.2"", ""dtype"": ""bfloat16"", ""gpu"": ""NVIDIA GeForce RTX 4090"", ""implementation"": ""dynamic_cache_crop"", ""source_sha256"": ""87821ad1224c028b45edef428bc08bfe464e305efd0b3c2ec24943a39d369944"", ""torch"": ""2.8.0+cu128"", ""total_memory"": 50866487296, ""transformers"": ""4.57.3"", ""uuid"": ""dae856e4-2c2a-b830-134f-97927b826cec""}",False,COMPLETE,BUDGET_ROLLBACK,0,,33.92572495341301,11,665,0.9978203776061199,6.12642162977285,False,1850,1259,3,2,2497,116,COMPLETE,BUDGET_ROLLBACK,0,,50.00341100804508,1,42,0.20481221665234114,-1.3564847492219407,False,2736,1721,4,2,3629,122,0,16.077686054632068
test/precalculus/986.json,test,ELIGIBLE,,True,True,"{""attention"": ""sdpa"", ""bitsandbytes"": ""0.50.2"", ""dtype"": ""bfloat16"", ""gpu"": ""NVIDIA GeForce RTX 4090"", ""implementation"": ""dynamic_cache_crop"", ""source_sha256"": ""87821ad1224c028b45edef428bc08bfe464e305efd0b3c2ec24943a39d369944"", ""torch"": ""2.8.0+cu128"", ""total_memory"": 50866487296, ""transformers"": ""4.57.3"", ""uuid"": ""dae856e4-2c2a-b830-134f-97927b826cec""}",False,COMPLETE,FINAL_PASS,1,,8.097369521856308,4,302,0.9445246511997135,2.8347430300150256,False,437,0,2,0,1395,0,COMPLETE,FINAL_PASS,1,,8.115347994491458,6,425,0.6175816126076991,0.4792959617291417,True,437,0,2,0,1513,0,0,0.017978472635149956
test/number_theory/1002.json,test,ELIGIBLE,,True,True,"{""attention"": ""sdpa"", ""bitsandbytes"": ""0.50.2"", ""dtype"": ""bfloat16"", ""gpu"": ""NVIDIA GeForce RTX 4090"", ""implementation"": ""dynamic_cache_crop"", ""source_sha256"": ""87821ad1224c028b45edef428bc08bfe464e305efd0b3c2ec24943a39d369944"", ""torch"": ""2.8.0+cu128"", ""total_memory"": 50866487296, ""transformers"": ""4.57.3"", ""uuid"": ""dae856e4-2c2a-b830-134f-97927b826cec""}",False,COMPLETE,FINAL_PASS,0,,12.541580781340599,6,667,0.4791718988648904,-0.0833606437574117,True,680,0,2,0,1651,0,COMPLETE,FINAL_PASS,0,,12.457571718841791,3,345,0.0178407399671272,-4.008268870194718,False,680,0,2,0,1336,0,0,-0.08400906249880791
test/prealgebra/1423.json,test,ELIGIBLE,,True,True,"{""attention"": ""sdpa"", ""bitsandbytes"": ""0.50.2"", ""dtype"": ""bfloat16"", ""gpu"": ""NVIDIA GeForce RTX 4090"", ""implementation"": ""dynamic_cache_crop"", ""source_sha256"": ""87821ad1224c028b45edef428bc08bfe464e305efd0b3c2ec24943a39d369944"", ""torch"": ""2.8.0+cu128"", ""total_memory"": 50866487296, ""transformers"": ""4.57.3"", ""uuid"": ""dae856e4-2c2a-b830-134f-97927b826cec""}",False,COMPLETE,FINAL_PASS,1,,4.226880511268973,3,213,0.05996967023572774,-2.7520732021055103,True,226,0,2,0,717,0,COMPLETE,FINAL_PASS,1,,4.190253032371402,2,132,0.042446070581096035,-3.1161476999650852,False,226,0,2,0,638,0,0,-0.036627478897571564
test/number_theory/914.json,test,ELIGIBLE,,True,True,"{""attention"": ""sdpa"", ""bitsandbytes"": ""0.50.2"", ""dtype"": ""bfloat16"", ""gpu"": ""NVIDIA GeForce RTX 4090"", ""implementation"": ""dynamic_cache_crop"", ""source_sha256"": ""87821ad1224c028b45edef428bc08bfe464e305efd0b3c2ec24943a39d369944"", ""torch"": ""2.8.0+cu128"", ""total_memory"": 50866487296, ""transformers"": ""4.57.3"", ""uuid"": ""dae856e4-2c2a-b830-134f-97927b826cec""}",False,COMPLETE,FINAL_PASS,1,,4.653948532417417,3,221,0.6731685868561742,0.7225513169865385,False,251,0,2,0,715,0,COMPLETE,FINAL_PASS,1,,4.616395905613899,1,62,0.0047805981780477845,-5.3383975366699765,False,251,0,2,0,561,0,0,-0.03755262680351734
test/algebra/1837.json,test,ELIGIBLE,,False,False,,False,,,,PENDING,,4,182,0.5725757985382336,0.29236815972384456,False,,,,,,,,,,PENDING,,5,254,0.0018570839431329513,-6.286888983546131,False,,,,,,,,
test/counting_and_probability/199.json,test,ELIGIBLE,,False,False,,False,,,,PENDING,,5,312,0.9855706805473877,4.22395863482305,True,,,,,,,,,,PENDING,,4,274,0.4743326538173358,-0.10275971411869111,False,,,,,,,,
test/algebra/972.json,test,ELIGIBLE,,False,False,,False,,,,PENDING,,1,49,0.4016919056535259,-0.3984204382793375,False,,,,,,,,,,PENDING,,2,116,0.009257778596463555,-4.6729902533307115,False,,,,,,,,
test/intermediate_algebra/1898.json,test,ELIGIBLE,,False,False,,False,,,,PENDING,,1,32,0.06578698117276896,-2.6532825195356833,False,,,,,,,,,,PENDING,,5,283,0.0013812648798565946,-6.583373400303844,False,,,,,,,,
test/intermediate_algebra/1467.json,test,ELIGIBLE,,False,False,,False,,,,PENDING,,8,882,0.9498639115732818,2.941577646699873,True,,,,,,,,,,PENDING,,3,255,0.132846946830601,-1.876017803253376,False,,,,,,,,
test/geometry/967.json,test,ELIGIBLE,,False,False,,False,,,,PENDING,,2,43,0.42278966399203244,-0.31133192675951094,False,,,,,,,,,,PENDING,,3,84,0.09426469238069539,-2.262640406904543,False,,,,,,,,
test/algebra/1349.json,test,ELIGIBLE,,False,False,,False,,,,PENDING,,10,399,0.9849295859500354,4.1798366648969365,False,,,,,,,,,,PENDING,,8,321,0.09957422152862103,-2.2019644275471557,False,,,,,,,,
test/precalculus/819.json,test,ELIGIBLE,,False,False,,False,,,,PENDING,,4,235,0.9842746491834424,4.136630861314061,True,,,,,,,,,,PENDING,,2,97,0.02564319830088266,-3.6374991997440596,False,,,,,,,,
test/precalculus/541.json,test,ELIGIBLE,,False,False,,False,,,,PENDING,,6,254,0.02613285619813686,-3.61808151087413,True,,,,,,,,,,PENDING,,3,92,9.702156921225264e-05,-9.240480214890859,False,,,,,,,,
test/number_theory/1065.json,test,ELIGIBLE,,False,False,,False,,,,PENDING,,8,746,0.958255210186698,3.1335394928168716,True,,,,,,,,,,PENDING,,1,74,0.0237064704418246,-3.718015263393351,False,,,,,,,,
test/algebra/1004.json,test,ELIGIBLE,,False,False,,False,,,,PENDING,,3,117,0.0018256499937084852,-6.303991875898041,False,,,,,,,,,,PENDING,,1,45,0.00011478520947269649,-9.072333127927102,False,,,,,,,,
test/algebra/2264.json,test,ELIGIBLE,,False,False,,False,,,,PENDING,,2,53,0.35830594467612686,-0.5827244252539794,False,,,,,,,,,,PENDING,,3,150,0.003744304878217076,-5.583767960199231,False,,,,,,,,
test/algebra/2058.json,test,ELIGIBLE,,False,False,,False,,,,PENDING,,6,384,0.309416480958537,-0.8028487157748483,False,,,,,,,,,,PENDING,,2,86,0.003115601268509609,-5.768212656912014,False,,,,,,,,
test/intermediate_algebra/47.json,test,ELIGIBLE,,False,False,,False,,,,PENDING,,6,521,0.5818040898671583,0.3301837684604507,False,,,,,,,,,,PENDING,,7,558,0.07396708479065137,-2.5272895854719835,True,,,,,,,,
test/intermediate_algebra/956.json,test,ELIGIBLE,,False,False,,False,,,,PENDING,,13,1165,0.9974034501840819,5.95097178237025,False,,,,,,,,,,PENDING,,1,112,0.5111352279083046,0.044548277524838475,False,,,,,,,,
test/algebra/1343.json,test,ELIGIBLE,,False,False,,False,,,,PENDING,,7,205,0.337995646231696,-0.6722391181759182,False,,,,,,,,,,PENDING,,4,108,0.019736843152681753,-3.9053339631396344,False,,,,,,,,
test/algebra/2743.json,test,ELIGIBLE,,False,False,,False,,,,PENDING,,1,33,0.031404631191588796,-3.4288915764159102,False,,,,,,,,,,PENDING,,2,136,0.00010337741203507214,-9.1770206892703,False,,,,,,,,
test/intermediate_algebra/337.json,test,ELIGIBLE,,False,False,,False,,,,PENDING,,4,161,0.4861708762519472,-0.05533060678254653,False,,,,,,,,,,PENDING,,5,275,0.011990947157437305,-4.41153989896645,False,,,,,,,,
test/intermediate_algebra/1063.json,test,ELIGIBLE,,False,False,,False,,,,PENDING,,4,956,0.9865284057360679,4.293608779451373,False,,,,,,,,,,PENDING,,2,170,0.6208406590600398,0.4931179199717963,False,,,,,,,,
test/algebra/478.json,test,ELIGIBLE,,False,False,,False,,,,PENDING,,1,48,0.026082799983952857,-3.6200501971349732,False,,,,,,,,,,PENDING,,2,97,0.0002486726379705512,-8.2991245298684,False,,,,,,,,
test/algebra/892.json,test,ELIGIBLE,,False,False,,False,,,,PENDING,,2,97,0.9868773254648,4.320204126890292,False,,,,,,,,,,PENDING,,9,390,0.11378961105343348,-2.0526031554691464,False,,,,,,,,
test/geometry/880.json,test,ELIGIBLE,,False,False,,False,,,,PENDING,,1,37,0.839991126729285,1.6581620567259865,False,,,,,,,,,,PENDING,,4,247,0.21504397173223008,-1.2947851743668424,False,,,,,,,,
test/intermediate_algebra/90.json,test,ELIGIBLE,,False,False,,False,,,,PENDING,,14,887,0.9987486711729276,6.682297118267228,False,,,,,,,,,,PENDING,,23,1473,0.43858992828862586,-0.24688673171296793,False,,,,,,,,
test/prealgebra/1743.json,test,ELIGIBLE,,False,False,,False,,,,PENDING,,1,18,0.4985886980969562,-0.005645222604210076,False,,,,,,,,,,PENDING,,5,153,0.006634005770269173,-5.008890360060956,True,,,,,,,,
test/counting_and_probability/339.json,test,ELIGIBLE,,False,False,,False,,,,PENDING,,3,104,0.8279738241635368,1.5713348902262938,False,,,,,,,,,,PENDING,,1,16,0.03326804781506741,-3.369323850494508,False,,,,,,,,
test/geometry/615.json,test,ELIGIBLE,,False,False,,False,,,,PENDING,,3,221,0.2144676304422823,-1.2982028457528338,False,,,,,,,,,,PENDING,,4,264,0.05710698039219235,-2.804026471594471,True,,,,,,,,
test/algebra/1072.json,test,EXCLUDED,REFERENCE_LENGTH_TRUNCATED,False,False,,,,,,PENDING,,,,,,,,,,,,,,,,PENDING,,,,,,,,,,,,,,
test/precalculus/1252.json,test,ELIGIBLE,,False,False,,False,,,,PENDING,,5,391,0.32926458004637765,-0.711513129894678,False,,,,,,,,,,PENDING,,1,79,0.09107138291696118,-2.3006229353591605,False,,,,,,,,
test/intermediate_algebra/1566.json,test,ELIGIBLE,,False,False,,False,,,,PENDING,,5,518,0.9912287402774103,4.727464889286954,False,,,,,,,,,,PENDING,,2,107,0.055417284326313085,-2.8358517227132887,False,,,,,,,,
test/number_theory/417.json,test,ELIGIBLE,,False,False,,False,,,,PENDING,,6,367,0.9868446050197958,4.317680646173083,True,,,,,,,,,,PENDING,,3,162,0.6459787865181176,0.6014098286077663,False,,,,,,,,
test/intermediate_algebra/1126.json,test,ELIGIBLE,,False,False,,False,,,,PENDING,,3,318,0.7556625287391483,1.1290445373024953,False,,,,,,,,,,PENDING,,4,395,0.04475272598111005,-3.060817873994924,False,,,,,,,,
test/algebra/297.json,test,ELIGIBLE,,False,False,,False,,,,PENDING,,6,882,0.6356303020280936,0.5564481022301035,True,,,,,,,,,,PENDING,,4,251,0.004228452903351447,-5.461681678621266,False,,,,,,,,
test/number_theory/1172.json,test,ELIGIBLE,,False,False,,False,,,,PENDING,,10,508,0.5385332526039175,0.15443924708105472,True,,,,,,,,,,PENDING,,5,243,0.007318300793106925,-4.9100318991172465,False,,,,,,,,
test/algebra/2626.json,test,ELIGIBLE,,False,False,,False,,,,PENDING,,2,34,0.8949994858724799,2.1428578972324255,False,,,,,,,,,,PENDING,,3,107,0.0893539687487536,-2.32154861346159,False,,,,,,,,
test/precalculus/1289.json,test,ELIGIBLE,,False,False,,False,,,,PENDING,,2,76,0.03854462486336737,-3.2166314948066104,False,,,,,,,,,,PENDING,,5,138,0.0027941591212029895,-5.877425998659298,False,,,,,,,,
test/prealgebra/1238.json,test,ELIGIBLE,,False,False,,False,,,,PENDING,,1,54,0.06847521474949501,-2.6103509462607635,False,,,,,,,,,,PENDING,,2,133,0.0015242277749884798,-6.484741983639764,False,,,,,,,,
test/algebra/251.json,test,ELIGIBLE,,False,False,,False,,,,PENDING,,1,12,0.005608498546091159,-5.177847948884009,False,,,,,,,,,,PENDING,,3,93,0.00022064960393531537,-8.418713943290328,False,,,,,,,,
test/precalculus/190.json,test,ELIGIBLE,,False,False,,False,,,,PENDING,,7,696,0.9794619644307214,3.8647248443621347,True,,,,,,,,,,PENDING,,3,276,0.11022061572448666,-2.0884895943994817,False,,,,,,,,
test/precalculus/1313.json,test,EXCLUDED,REFERENCE_LENGTH_TRUNCATED,False,False,,,,,,PENDING,,,,,,,,,,,,,,,,PENDING,,,,,,,,,,,,,,
test/intermediate_algebra/1510.json,test,ELIGIBLE,,False,False,,False,,,,PENDING,,8,631,0.9996561070812182,7.974836279596874,False,,,,,,,,,,PENDING,,2,135,0.7899955031732387,1.3248983093101216,False,,,,,,,,
test/intermediate_algebra/1410.json,test,ELIGIBLE,,False,False,,False,,,,PENDING,,2,102,0.28324237707185235,-0.9284347529358918,False,,,,,,,,,,PENDING,,5,279,0.009294733259821612,-4.668969156552073,True,,,,,,,,
test/prealgebra/1572.json,test,ELIGIBLE,,False,False,,False,,,,PENDING,,2,63,0.8169483911150931,1.4958077952480275,False,,,,,,,,,,PENDING,,1,24,0.12126675415283557,-1.9804886781989453,False,,,,,,,,
test/algebra/975.json,test,ELIGIBLE,,False,False,,False,,,,PENDING,,1,74,0.43842201415365367,-0.24756870381211993,False,,,,,,,,,,PENDING,,2,123,0.04700711085880012,-3.0093085569404012,False,,,,,,,,
test/algebra/621.json,test,ELIGIBLE,,False,False,,False,,,,PENDING,,1,47,0.0808764116870245,-2.4304983867714225,False,,,,,,,,,,PENDING,,5,227,0.0031700204080971997,-5.750842197661475,False,,,,,,,,
test/prealgebra/465.json,test,ELIGIBLE,,False,False,,False,,,,PENDING,,2,68,0.9471153452508378,2.8853076700295324,False,,,,,,,,,,PENDING,,3,108,0.185219563750611,-1.481376721134826,False,,,,,,,,
test/algebra/2232.json,test,ELIGIBLE,,False,False,,False,,,,PENDING,,2,28,0.2820866134639593,-0.9341347664828334,False,,,,,,,,,,PENDING,,4,57,0.020273909091300765,-3.877938240578667,False,,,,,,,,
test/intermediate_algebra/1981.json,test,ELIGIBLE,,False,False,,False,,,,PENDING,,6,290,0.7864769856407045,1.3038188378761584,True,,,,,,,,,,PENDING,,5,257,0.22037101581105126,-1.2635055838031553,False,,,,,,,,
test/number_theory/533.json,test,ELIGIBLE,,False,False,,False,,,,PENDING,,7,360,0.27957154890465485,-0.9465878572303406,False,,,,,,,,,,PENDING,,3,143,0.0007162577623211562,-7.240753938149945,False,,,,,,,,
test/counting_and_probability/666.json,test,EXCLUDED,"FORMAT_ERROR: missing, repeated or non-sequential Step N markers",False,False,,,,,,PENDING,,,,,,,,,,,,,,,,PENDING,,,,,,,,,,,,,,
test/geometry/434.json,test,ELIGIBLE,,False,False,,False,,,,PENDING,,1,17,0.9807595583309913,3.9313129302387546,False,,,,,,,,,,PENDING,,6,234,0.0032958048023414618,-5.711803643349278,False,,,,,,,,
test/geometry/73.json,test,ELIGIBLE,,False,False,,False,,,,PENDING,,1,107,0.18310069788707373,-1.4954795708549704,False,,,,,,,,,,PENDING,,2,219,0.005748763980049918,-5.153005055544464,False,,,,,,,,
test/counting_and_probability/134.json,test,ELIGIBLE,,False,False,,False,,,,PENDING,,1,47,0.9954287601802994,5.383389095644035,False,,,,,,,,,,PENDING,,3,122,0.0986598796758347,-2.212204302191076,False,,,,,,,,
test/precalculus/1291.json,test,ELIGIBLE,,False,False,,False,,,,PENDING,,1,56,0.9598943036002725,3.1753047989042695,False,,,,,,,,,,PENDING,,3,213,0.03853447240550497,-3.2169054838205207,False,,,,,,,,
test/algebra/2779.json,test,ELIGIBLE,,False,False,,False,,,,PENDING,,4,235,0.3112366732642865,-0.7943440794018104,False,,,,,,,,,,PENDING,,6,345,0.011500121354807746,-4.453830931938536,True,,,,,,,,
test/counting_and_probability/159.json,test,ELIGIBLE,,False,False,,False,,,,PENDING,,4,223,0.9514571806979334,2.9755484031811,True,,,,,,,,,,PENDING,,2,109,0.26220673234761593,-1.0345304128428867,False,,,,,,,,
test/intermediate_algebra/955.json,test,ELIGIBLE,,False,False,,False,,,,PENDING,,4,304,0.9935884795405932,5.043226672486367,False,,,,,,,,,,PENDING,,6,536,0.10617441788346366,-2.1304274642653604,False,,,,,,,,
test/algebra/694.json,test,ELIGIBLE,,False,False,,False,,,,PENDING,,1,38,0.037116095261291455,-3.2558821386332477,False,,,,,,,,,,PENDING,,3,141,0.00287599296546173,-5.848477148491677,False,,,,,,,,
test/algebra/1937.json,test,ELIGIBLE,,False,False,,False,,,,PENDING,,2,33,0.2688253935218994,-1.0005902168439613,False,,,,,,,,,,PENDING,,1,16,0.037317744734676916,-3.250254460677895,False,,,,,,,,
test/prealgebra/1353.json,test,ELIGIBLE,,False,False,,False,,,,PENDING,,4,213,0.7911899247656194,1.3321129382265822,False,,,,,,,,,,PENDING,,1,47,0.12452141235391542,-1.9502930062456278,False,,,,,,,,
test/number_theory/1201.json,test,ELIGIBLE,,False,False,,False,,,,PENDING,,1,44,0.6855197206375587,0.7792558973972015,False,,,,,,,,,,PENDING,,5,158,0.10017797118802374,-2.1952486819479278,False,,,,,,,,
test/intermediate_algebra/1168.json,test,ELIGIBLE,,False,False,,False,,,,PENDING,,1,47,0.023722020068738674,-3.717343627760563,False,,,,,,,,,,PENDING,,2,87,0.0130118030138121,-4.328801211200892,False,,,,,,,,
test/prealgebra/1742.json,test,ELIGIBLE,,False,False,,False,,,,PENDING,,2,106,0.027832321102161828,-3.5533303237962173,False,,,,,,,,,,PENDING,,3,141,0.003192130593688582,-5.743869451110917,True,,,,,,,,
test/algebra/291.json,test,ELIGIBLE,,False,False,,False,,,,PENDING,,4,245,0.9128252568658358,2.3486298218217954,False,,,,,,,,,,PENDING,,6,358,0.02122753936472248,-3.8309998300173724,True,,,,,,,,
test/counting_and_probability/119.json,test,ELIGIBLE,,False,False,,False,,,,PENDING,,2,144,0.616857986373625,0.4762331162485349,False,,,,,,,,,,PENDING,,1,66,0.015322057311169498,-4.163021181433937,False,,,,,,,,
test/prealgebra/954.json,test,ELIGIBLE,,False,False,,False,,,,PENDING,,3,182,0.27887546183130557,-0.9500465433425314,False,,,,,,,,,,PENDING,,5,308,0.02094814440113464,-3.844534539345909,True,,,,,,,,
test/intermediate_algebra/2196.json,test,ELIGIBLE,,False,False,,False,,,,PENDING,,1,29,0.9969156406400397,5.778322180287728,False,,,,,,,,,,PENDING,,6,392,0.43300439965978377,-0.2696036553286145,False,,,,,,,,
test/intermediate_algebra/754.json,test,ELIGIBLE,,False,False,,False,,,,PENDING,,7,410,0.990106509687696,4.605935526233034,True,,,,,,,,,,PENDING,,3,151,0.36849920458627095,-0.5386606482427894,False,,,,,,,,
test/prealgebra/153.json,test,ELIGIBLE,,False,False,,False,,,,PENDING,,1,11,0.17841415081462852,-1.5271288972718218,False,,,,,,,,,,PENDING,,2,106,0.004439747212629325,-5.412708206092394,False,,,,,,,,
test/number_theory/466.json,test,ELIGIBLE,,False,False,,False,,,,PENDING,,1,19,0.0356070212946804,-3.298956020010868,False,,,,,,,,,,PENDING,,3,112,0.0022778926759061103,-6.082224037345462,True,,,,,,,,
test/algebra/1936.json,test,ELIGIBLE,,False,False,,False,,,,PENDING,,1,50,0.014696190631520788,-4.205361710033536,False,,,,,,,,,,PENDING,,2,82,0.0007163164243216653,-7.240671982115776,False,,,,,,,,
test/precalculus/1133.json,test,ELIGIBLE,,False,False,,False,,,,PENDING,,3,258,0.9941718859307366,5.139216654411356,False,,,,,,,,,,PENDING,,5,466,0.8955438156062576,2.1486634535731293,False,,,,,,,,
test/intermediate_algebra/128.json,test,EXCLUDED,REFERENCE_FINAL_FORMAT_ERROR,False,False,,,,,,PENDING,,,,,,,,,,,,,,,,PENDING,,,,,,,,,,,,,,
test/precalculus/285.json,test,ELIGIBLE,,False,False,,False,,,,PENDING,,9,566,0.9739526671230927,3.62144732788477,False,,,,,,,,,,PENDING,,4,232,0.021540066686803156,-3.816065071274121,False,,,,,,,,
test/intermediate_algebra/1849.json,test,ELIGIBLE,,False,False,,False,,,,PENDING,,9,719,0.9942964875710544,5.160953238753111,True,,,,,,,,,,PENDING,,1,94,0.040699625416670784,-3.159985353414921,False,,,,,,,,
test/algebra/2735.json,test,ELIGIBLE,,False,False,,False,,,,PENDING,,4,259,0.01270821129662535,-4.352717284336428,False,,,,,,,,,,PENDING,,2,133,0.00020481738597691543,-8.493186937572753,False,,,,,,,,
test/intermediate_algebra/662.json,test,ELIGIBLE,,False,False,,False,,,,PENDING,,9,1455,0.9997900169142464,8.468273569385708,False,,,,,,,,,,PENDING,,1,122,0.623054603898657,0.5025338226235063,False,,,,,,,,
test/algebra/2551.json,test,ELIGIBLE,,False,False,,False,,,,PENDING,,2,94,0.4455979064048287,-0.21847323396595764,False,,,,,,,,,,PENDING,,5,234,0.032258328177822135,-3.401188935732619,False,,,,,,,,
test/prealgebra/1655.json,test,ELIGIBLE,,False,False,,False,,,,PENDING,,2,164,0.39633830982873713,-0.42074576111885587,False,,,,,,,,,,PENDING,,4,283,0.04340001471066102,-3.0929255358065024,True,,,,,,,,
test/prealgebra/1298.json,test,ELIGIBLE,,False,False,,False,,,,PENDING,,2,20,0.4477371286514573,-0.20981785533605724,True,,,,,,,,,,PENDING,,1,11,0.2062755851730763,-1.3475232495531673,False,,,,,,,,
test/intermediate_algebra/582.json,test,ELIGIBLE,,False,False,,False,,,,PENDING,,3,329,0.997672444019076,6.060606228197934,False,,,,,,,,,,PENDING,,1,109,0.19675426668828358,-1.4067051133019817,False,,,,,,,,
test/number_theory/488.json,test,ELIGIBLE,,False,False,,False,,,,PENDING,,3,124,0.8676358100438,1.8802149146215106,False,,,,,,,,,,PENDING,,1,49,0.20095056139513903,-1.3803639048557343,False,,,,,,,,
test/intermediate_algebra/1014.json,test,ELIGIBLE,,False,False,,False,,,,PENDING,,6,596,0.5193966210352019,0.07762543969264879,True,,,,,,,,,,PENDING,,1,51,0.0014139494214521,-6.559953531992151,False,,,,,,,,
test/intermediate_algebra/1111.json,test,ELIGIBLE,,False,False,,False,,,,PENDING,,1,56,0.9313046199282934,2.6069044711432516,False,,,,,,,,,,PENDING,,3,173,0.028704666114895444,-3.5215708844563274,False,,,,,,,,
test/precalculus/117.json,test,ELIGIBLE,,False,False,,False,,,,PENDING,,3,181,0.9464392999071085,2.8718912455590626,False,,,,,,,,,,PENDING,,5,309,0.13090450148009924,-1.8929849529378746,False,,,,,,,,
test/algebra/1282.json,test,ELIGIBLE,,False,False,,False,,,,PENDING,,7,295,0.8168005968985281,1.4948198035720521,True,,,,,,,,,,PENDING,,2,57,0.006936069580750294,-4.964059771804991,False,,,,,,,,
test/precalculus/24313.json,test,ELIGIBLE,,False,False,,False,,,,PENDING,,2,79,0.022948001836791083,-3.7513090061210077,False,,,,,,,,,,PENDING,,4,161,0.0003027142619265652,-8.10241846724358,False,,,,,,,,
test/algebra/1031.json,test,ELIGIBLE,,False,False,,False,,,,PENDING,,1,65,0.6570318260410206,0.650094803204774,False,,,,,,,,,,PENDING,,4,236,0.0047915023843885015,-5.336108248118979,False,,,,,,,,
test/prealgebra/1114.json,test,ELIGIBLE,,False,False,,False,,,,PENDING,,1,61,0.42273932227019506,-0.31153821597468134,False,,,,,,,,,,PENDING,,3,162,0.0009532406688406476,-6.954689452767905,False,,,,,,,,
test/precalculus/145.json,test,ELIGIBLE,,False,False,,False,,,,PENDING,,10,756,0.9841328591521483,4.127510549910004,True,,,,,,,,,,PENDING,,3,265,0.010250735883221906,-4.570102145989372,False,,,,,,,,
test/algebra/109.json,test,ELIGIBLE,,False,False,,False,,,,PENDING,,3,69,0.005528644050880569,-5.1922687087024535,False,,,,,,,,,,PENDING,,2,48,6.253494251240479e-05,-9.679722540352646,False,,,,,,,,
test/precalculus/96.json,test,ELIGIBLE,,False,False,,False,,,,PENDING,,1,14,0.2881787146408048,-0.9042460515665316,False,,,,,,,,,,PENDING,,4,182,0.0012324687131093474,-6.697502808443486,False,,,,,,,,
test/intermediate_algebra/1422.json,test,ELIGIBLE,,False,False,,False,,,,PENDING,,5,246,0.586607984811208,0.34996043638636065,True,,,,,,,,,,PENDING,,2,123,0.009029638972386008,-4.698172240017031,False,,,,,,,,
test/prealgebra/2037.json,test,EXCLUDED,"FORMAT_ERROR: missing, repeated or non-sequential Step N markers",False,False,,,,,,PENDING,,,,,,,,,,,,,,,,PENDING,,,,,,,,,,,,,,
test/intermediate_algebra/591.json,test,ELIGIBLE,,False,False,,False,,,,PENDING,,1,84,0.5058666426032805,0.023467647382856782,False,,,,,,,,,,PENDING,,4,274,0.008274276956441002,-4.786295039606989,True,,,,,,,,
test/geometry/561.json,test,ELIGIBLE,,False,False,,False,,,,PENDING,,8,548,0.9986442261970684,6.602026221680085,True,,,,,,,,,,PENDING,,1,26,0.3960757508900072,-0.42184329160170386,False,,,,,,,,
test/algebra/1842.json,test,ELIGIBLE,,False,False,,False,,,,PENDING,,4,224,0.04427829823148918,-3.0719720886227955,True,,,,,,,,,,PENDING,,3,167,0.00010937524598158723,-9.120616583086623,False,,,,,,,,
test/algebra/988.json,test,ELIGIBLE,,False,False,,False,,,,PENDING,,1,10,0.25295593106471825,-1.082908889910803,False,,,,,,,,,,PENDING,,2,33,0.00017659766488201123,-8.641459879260417,False,,,,,,,,
test/prealgebra/1840.json,test,ELIGIBLE,,False,False,,False,,,,PENDING,,1,77,0.3308701146548236,-0.7042522942704716,False,,,,,,,,,,PENDING,,2,123,0.07402947374699992,-2.5263790972545954,False,,,,,,,,
test/algebra/1332.json,test,ELIGIBLE,,False,False,,False,,,,PENDING,,4,237,0.020356939058589273,-3.8737664423436833,True,,,,,,,,,,PENDING,,2,115,0.00022187556529091308,-8.413171949764493,False,,,,,,,,
test/algebra/2391.json,test,ELIGIBLE,,False,False,,False,,,,PENDING,,9,328,0.0658017721132896,-2.653041881353306,True,,,,,,,,,,PENDING,,7,257,0.0005539731009198739,-7.497840300091334,False,,,,,,,,
test/algebra/2043.json,test,ELIGIBLE,,False,False,,False,,,,PENDING,,1,74,0.6826342827478087,0.7659044679040008,False,,,,,,,,,,PENDING,,3,135,0.007079436665959032,-4.943456326617743,False,,,,,,,,
test/precalculus/990.json,test,ELIGIBLE,,False,False,,False,,,,PENDING,,2,43,0.2272480130969793,-1.2239161624478085,False,,,,,,,,,,PENDING,,1,15,0.06575976346204207,-2.653725463969724,False,,,,,,,,
test/geometry/1140.json,test,ELIGIBLE,,False,False,,False,,,,PENDING,,6,652,0.8433252859448924,1.6831809796241037,True,,,,,,,,,,PENDING,,2,169,0.008663849851898064,-4.739894500353355,False,,,,,,,,
test/number_theory/46.json,test,ELIGIBLE,,False,False,,False,,,,PENDING,,3,184,0.03735112577993463,-3.2493256762271274,False,,,,,,,,,,PENDING,,1,29,0.007936616998322375,-4.828299885673784,False,,,,,,,,
test/prealgebra/1297.json,test,ELIGIBLE,,False,False,,False,,,,PENDING,,2,162,0.9381190583602926,2.7186646260620737,False,,,,,,,,,,PENDING,,1,99,0.19498142049621248,-1.4179610827633862,False,,,,,,,,
test/precalculus/1172.json,test,ELIGIBLE,,False,False,,False,,,,PENDING,,2,156,0.9149270531297515,2.3753352518199105,False,,,,,,,,,,PENDING,,4,362,0.04788901385882261,-2.9897954877321653,False,,,,,,,,
test/precalculus/1281.json,test,ELIGIBLE,,False,False,,False,,,,PENDING,,8,522,0.9972191783778301,5.882224152112472,False,,,,,,,,,,PENDING,,1,27,0.489245790484464,-0.04302347327373468,False,,,,,,,,
test/precalculus/675.json,test,ELIGIBLE,,False,False,,False,,,,PENDING,,6,506,0.6655151853770723,0.68796997427502,False,,,,,,,,,,PENDING,,1,107,0.04089014708250442,-3.155116486369078,False,,,,,,,,
test/prealgebra/1139.json,test,ELIGIBLE,,False,False,,False,,,,PENDING,,5,523,0.9766299157509856,3.732651030159812,True,,,,,,,,,,PENDING,,2,67,0.8006421623220656,1.390312719355114,False,,,,,,,,
test/intermediate_algebra/690.json,test,ELIGIBLE,,False,False,,False,,,,PENDING,,1,104,0.46868551931032104,-0.12542207927120108,False,,,,,,,,,,PENDING,,2,254,0.01757441288050853,-4.023580571950086,False,,,,,,,,
test/prealgebra/914.json,test,ELIGIBLE,,False,False,,False,,,,PENDING,,3,240,0.32827307223779617,-0.7160061011133076,False,,,,,,,,,,PENDING,,1,76,0.16569316271545106,-1.6164635845611437,False,,,,,,,,
test/algebra/1078.json,test,ELIGIBLE,,False,False,,False,,,,PENDING,,2,87,0.9957210097787733,5.449750055544408,False,,,,,,,,,,PENDING,,5,283,0.10292680441030232,-2.1651193603496677,False,,,,,,,,
test/number_theory/89.json,test,ELIGIBLE,,False,False,,False,,,,PENDING,,5,203,0.4954582150933766,-0.018167639315640915,True,,,,,,,,,,PENDING,,2,52,0.11040519319048539,-2.086608913304569,False,,,,,,,,
test/geometry/477.json,test,ELIGIBLE,,False,False,,False,,,,PENDING,,4,136,0.02363098694868627,-3.7212817450060487,True,,,,,,,,,,PENDING,,2,69,0.007862903121457949,-4.837705408112496,False,,,,,,,,
test/intermediate_algebra/345.json,test,ELIGIBLE,,False,False,,False,,,,PENDING,,3,288,0.9746518730582571,3.6493755145579074,False,,,,,,,,,,PENDING,,2,184,0.3374558144985236,-0.6746526689954884,False,,,,,,,,
test/geometry/947.json,test,ELIGIBLE,,False,False,,False,,,,PENDING,,2,96,0.36833145984828203,-0.5393815558973607,False,,,,,,,,,,PENDING,,4,354,0.020739315172725207,-3.8547667011027666,False,,,,,,,,
test/algebra/907.json,test,ELIGIBLE,,False,False,,False,,,,PENDING,,3,254,0.005167515297623589,-5.260182392979609,True,,,,,,,,,,PENDING,,1,46,0.00018805155512561402,-8.578606334097731,False,,,,,,,,
test/counting_and_probability/1114.json,test,ELIGIBLE,,False,False,,False,,,,PENDING,,1,38,0.8767706219455899,1.9621979287330786,False,,,,,,,,,,PENDING,,3,131,0.04687785773329156,-3.012197614104557,False,,,,,,,,
test/algebra/1035.json,test,ELIGIBLE,,False,False,,False,,,,PENDING,,4,133,0.545106987258268,0.18091982782287808,False,,,,,,,,,,PENDING,,7,261,0.00808930538205888,-4.809090211564447,False,,,,,,,,
test/geometry/456.json,test,ELIGIBLE,,False,False,,False,,,,PENDING,,1,16,0.02405981654588331,-3.7028582114323045,False,,,,,,,,,,PENDING,,4,128,0.0004685407302260428,-7.6654188720193455,False,,,,,,,,
test/prealgebra/1272.json,test,ELIGIBLE,,False,False,,False,,,,PENDING,,2,72,0.32163022592573587,-0.746290009783783,False,,,,,,,,,,PENDING,,5,231,0.0007854118862882829,-7.148516561394193,False,,,,,,,,
test/counting_and_probability/1003.json,test,ELIGIBLE,,False,False,,False,,,,PENDING,,4,284,0.9763388005557075,3.7199731056034055,False,,,,,,,,,,PENDING,,9,803,0.31094935310203814,-0.7956847289910667,True,,,,,,,,
test/algebra/435.json,test,ELIGIBLE,,False,False,,False,,,,PENDING,,2,28,0.22935361057940676,-1.2119646658918206,False,,,,,,,,,,PENDING,,3,79,0.007607464652596796,-4.870988773581599,True,,,,,,,,
test/intermediate_algebra/1217.json,test,ELIGIBLE,,False,False,,False,,,,PENDING,,9,567,0.6391346121869572,0.571610091042372,True,,,,,,,,,,PENDING,,4,154,0.00680894032003855,-4.982686550464997,False,,,,,,,,
test/number_theory/156.json,test,ELIGIBLE,,False,False,,False,,,,PENDING,,8,324,0.6095898287907316,0.4455884116766802,False,,,,,,,,,,PENDING,,7,270,0.004462631320272397,-5.407544086213857,False,,,,,,,,
test/precalculus/659.json,test,ELIGIBLE,,False,False,,False,,,,PENDING,,2,94,0.7627819627117748,1.167992520527183,False,,,,,,,,,,PENDING,,4,210,0.017054391976723437,-4.054146021484176,False,,,,,,,,
test/algebra/853.json,test,ELIGIBLE,,False,False,,False,,,,PENDING,,4,228,0.7649413344415279,1.1799640202179384,False,,,,,,,,,,PENDING,,7,334,0.014036013545179993,-4.251993406290043,False,,,,,,,,
test/precalculus/902.json,test,ELIGIBLE,,False,False,,False,,,,PENDING,,3,185,0.9968053596335962,5.743081004740174,False,,,,,,,,,,PENDING,,2,115,0.6817332023270168,0.7617483649503529,False,,,,,,,,
test/prealgebra/1555.json,test,ELIGIBLE,,False,False,,False,,,,PENDING,,1,22,0.12222364449506343,-1.9715393226464217,False,,,,,,,,,,PENDING,,2,80,0.0014021958014826914,-6.5683126616336365,False,,,,,,,,
test/number_theory/634.json,test,ELIGIBLE,,False,False,,False,,,,PENDING,,2,98,0.8868858473043261,2.0593187691180574,False,,,,,,,,,,PENDING,,3,157,0.08374196180649997,-2.3925578384193362,False,,,,,,,,
test/number_theory/1000.json,test,ELIGIBLE,,False,False,,False,,,,PENDING,,5,475,0.5226736031497987,0.09075665647821385,False,,,,,,,,,,PENDING,,1,48,0.026463966461945942,-3.6051507870155213,False,,,,,,,,
test/algebra/1814.json,test,ELIGIBLE,,False,False,,False,,,,PENDING,,7,365,0.1059923431433593,-2.1323474828470177,False,,,,,,,,,,PENDING,,3,166,0.0038111310101949574,-5.566010868951383,False,,,,,,,,
test/algebra/2159.json,test,ELIGIBLE,,False,False,,False,,,,PENDING,,2,194,0.36678684989139776,-0.5460262066489419,False,,,,,,,,,,PENDING,,3,227,0.004018009475200381,-5.5129425510405,False,,,,,,,,
test/counting_and_probability/181.json,test,ELIGIBLE,,False,False,,False,,,,PENDING,,9,363,0.9549739992885126,3.0544439977337143,False,,,,,,,,,,PENDING,,8,324,0.08919052472712165,-2.3235589284661256,False,,,,,,,,
test/intermediate_algebra/158.json,test,ELIGIBLE,,False,False,,False,,,,PENDING,,11,709,0.988100427112505,4.419281831790957,False,,,,,,,,,,PENDING,,13,827,0.1871782791870948,-1.4684502725802027,False,,,,,,,,
test/prealgebra/505.json,test,ELIGIBLE,,False,False,,False,,,,PENDING,,5,118,0.15642196061588867,-1.6850951848419802,False,,,,,,,,,,PENDING,,4,100,0.00022385035754604547,-8.404308900605503,False,,,,,,,,
test/intermediate_algebra/1388.json,test,ELIGIBLE,,False,False,,False,,,,PENDING,,3,309,0.6194817047069836,0.4873489098919146,False,,,,,,,,,,PENDING,,1,87,0.07563154595000703,-2.503237281330793,False,,,,,,,,
test/number_theory/572.json,test,ELIGIBLE,,False,False,,False,,,,PENDING,,7,316,0.43784531657072057,-0.24991135995451286,True,,,,,,,,,,PENDING,,3,81,0.01253855060021015,-4.366329511026517,False,,,,,,,,
test/intermediate_algebra/1930.json,test,ELIGIBLE,,False,False,,False,,,,PENDING,,6,540,0.9834439948778514,4.084311808228182,False,,,,,,,,,,PENDING,,1,54,0.6363413500428068,0.5595194804565704,False,,,,,,,,
test/geometry/1097.json,test,ELIGIBLE,,False,False,,False,,,,PENDING,,4,118,0.7929430912924387,1.342757778467842,False,,,,,,,,,,PENDING,,5,158,0.009808642295599926,-4.614634351102597,False,,,,,,,,
test/algebra/2102.json,test,ELIGIBLE,,False,False,,False,,,,PENDING,,3,157,0.028852141411589944,-3.516294515344562,False,,,,,,,,,,PENDING,,4,180,0.0009769265210869144,-6.930121713438488,False,,,,,,,,
test/prealgebra/1251.json,test,ELIGIBLE,,False,False,,False,,,,PENDING,,2,150,0.3620357814959254,-0.5665391470701895,False,,,,,,,,,,PENDING,,5,564,0.05430061527515194,-2.8573891855085662,False,,,,,,,,
test/precalculus/1146.json,test,ELIGIBLE,,False,False,,False,,,,PENDING,,3,298,0.9622186612050112,3.2374264253353386,False,,,,,,,,,,PENDING,,6,917,0.2302566389045212,-1.2068626538319607,True,,,,,,,,
test/counting_and_probability/870.json,test,ELIGIBLE,,False,False,,False,,,,PENDING,,3,213,0.955802883099353,3.07389214410083,False,,,,,,,,,,PENDING,,5,327,0.08295057104574986,-2.402916472869098,True,,,,,,,,
test/intermediate_algebra/607.json,test,ELIGIBLE,,False,False,,False,,,,PENDING,,5,329,0.9884343554410348,4.4480832044315886,False,,,,,,,,,,PENDING,,7,525,0.22394156923576566,-1.2428426485238138,True,,,,,,,,
test/algebra/1338.json,test,ELIGIBLE,,False,False,,False,,,,PENDING,,8,397,0.08700944055987878,-2.3507089154382235,True,,,,,,,,,,PENDING,,4,215,0.00041921030711437554,-7.776718539477389,False,,,,,,,,
test/prealgebra/996.json,test,ELIGIBLE,,False,False,,False,,,,PENDING,,8,376,0.940452716883139,2.759590701832706,False,,,,,,,,,,PENDING,,1,36,0.09589660650484132,-2.2436731316921743,False,,,,,,,,
test/prealgebra/1646.json,test,ELIGIBLE,,False,False,,False,,,,PENDING,,5,470,0.9957215630937206,5.449879929299461,False,,,,,,,,,,PENDING,,2,198,0.35689506360184986,-0.5888661099727814,False,,,,,,,,
test/algebra/2036.json,test,ELIGIBLE,,False,False,,False,,,,PENDING,,4,263,0.010558648881802198,-4.540195168763106,True,,,,,,,,,,PENDING,,2,82,0.0026518727952491348,-5.929833778162569,False,,,,,,,,
test/algebra/1796.json,test,ELIGIBLE,,False,False,,False,,,,PENDING,,5,322,0.011800429973026657,-4.427748702104416,True,,,,,,,,,,PENDING,,3,201,0.0002164942652089708,-8.437729981811252,False,,,,,,,,
test/number_theory/838.json,test,ELIGIBLE,,False,False,,False,,,,PENDING,,5,103,0.9374839260638217,2.70777590551032,False,,,,,,,,,,PENDING,,1,12,0.5193968626570048,0.07762640763655249,False,,,,,,,,
test/algebra/1303.json,test,EXCLUDED,"FORMAT_ERROR: missing, repeated or non-sequential Step N markers",False,False,,,,,,PENDING,,,,,,,,,,,,,,,,PENDING,,,,,,,,,,,,,,
test/algebra/2789.json,test,ELIGIBLE,,False,False,,False,,,,PENDING,,3,87,0.3012641712508972,-0.8412852182084869,False,,,,,,,,,,PENDING,,1,42,0.0009679989062854882,-6.939311132838907,False,,,,,,,,
test/prealgebra/930.json,test,ELIGIBLE,,False,False,,False,,,,PENDING,,1,12,0.24485210138584887,-1.1262592618177365,False,,,,,,,,,,PENDING,,3,75,0.011988809471454023,-4.411720353476832,True,,,,,,,,
test/precalculus/499.json,test,ELIGIBLE,,False,False,,False,,,,PENDING,,7,447,0.9331719154459924,2.6364660251586196,False,,,,,,,,,,PENDING,,1,50,0.005853958661329079,-5.134765992106653,False,,,,,,,,
test/precalculus/477.json,test,ELIGIBLE,,False,False,,False,,,,PENDING,,4,562,0.5459590679605658,0.18435665317507377,False,,,,,,,,,,PENDING,,3,464,0.039914249011995986,-3.1802892261791076,False,,,,,,,,
test/prealgebra/1787.json,test,ELIGIBLE,,False,False,,False,,,,PENDING,,1,49,0.025899603874018386,-3.627286700286176,False,,,,,,,,,,PENDING,,3,150,0.0008068803628509679,-7.121527943873613,False,,,,,,,,
test/precalculus/1105.json,test,ELIGIBLE,,False,False,,False,,,,PENDING,,4,186,0.31023366759833654,-0.7990271115574614,True,,,,,,,,,,PENDING,,2,104,0.012645255739607736,-4.357747287054881,False,,,,,,,,
test/prealgebra/1807.json,test,ELIGIBLE,,False,False,,False,,,,PENDING,,1,17,0.327046807390913,-0.7215724743463514,False,,,,,,,,,,PENDING,,7,176,0.0007614430440197405,-7.1795334497959304,False,,,,,,,,
test/algebra/1787.json,test,ELIGIBLE,,False,False,,False,,,,PENDING,,3,103,0.5433470210144766,0.1738244401861082,False,,,,,,,,,,PENDING,,4,153,0.033739421130618355,-3.3547666280170336,True,,,,,,,,
test/number_theory/1128.json,test,ELIGIBLE,,False,False,,False,,,,PENDING,,1,59,0.8636082129843539,1.8455876776659617,False,,,,,,,,,,PENDING,,3,189,0.05680762412938485,-2.8095997215826274,True,,,,,,,,
test/intermediate_algebra/102.json,test,ELIGIBLE,,False,False,,False,,,,PENDING,,4,220,0.8347695274863269,1.6198143693735267,False,,,,,,,,,,PENDING,,3,158,0.014899646667293664,-4.191406018472773,False,,,,,,,,
test/counting_and_probability/1060.json,test,ELIGIBLE,,False,False,,False,,,,PENDING,,5,201,0.5393838382928653,0.15786237272843318,False,,,,,,,,,,PENDING,,4,157,0.03367398725535421,-3.356775616825642,False,,,,,,,,
test/number_theory/516.json,test,ELIGIBLE,,False,False,,False,,,,PENDING,,8,510,0.7786276528920827,1.2576868383894393,False,,,,,,,,,,PENDING,,2,202,0.006494588413899174,-5.030270230538463,False,,,,,,,,
test/number_theory/72.json,test,ELIGIBLE,,False,False,,False,,,,PENDING,,1,45,0.7468621406163914,1.0819463783133583,False,,,,,,,,,,PENDING,,2,112,0.009832105057882755,-4.612221462092372,False,,,,,,,,
test/algebra/2700.json,test,ELIGIBLE,,False,False,,False,,,,PENDING,,1,68,0.7728098250205286,1.2242455543698054,False,,,,,,,,,,PENDING,,3,154,0.0170621462157954,-4.053683559051496,False,,,,,,,,
test/algebra/668.json,test,ELIGIBLE,,False,False,,False,,,,PENDING,,1,12,0.20650349797204343,-1.3461317800848507,False,,,,,,,,,,PENDING,,4,232,0.04139930129522881,-3.1422106118436743,True,,,,,,,,
test/geometry/465.json,test,ELIGIBLE,,False,False,,False,,,,PENDING,,3,229,0.9437287052006387,2.8196541926285876,False,,,,,,,,,,PENDING,,4,320,0.06815806557764567,-2.615333700534239,False,,,,,,,,
test/prealgebra/1252.json,test,ELIGIBLE,,False,False,,False,,,,PENDING,,6,261,0.4644312651560505,-0.1425156667137215,False,,,,,,,,,,PENDING,,2,94,0.014374576597012526,-4.227815255166619,False,,,,,,,,
test/algebra/1098.json,test,EXCLUDED,REFERENCE_FINAL_FORMAT_ERROR,False,False,,,,,,PENDING,,,,,,,,,,,,,,,,PENDING,,,,,,,,,,,,,,
test/intermediate_algebra/1544.json,test,ELIGIBLE,,False,False,,False,,,,PENDING,,9,798,0.9986773001564435,6.626756719825019,False,,,,,,,,,,PENDING,,1,50,0.11206393686309378,-2.069830166165229,False,,,,,,,,
test/prealgebra/1973.json,test,ELIGIBLE,,False,False,,False,,,,PENDING,,1,56,0.01032368724320049,-4.562936945607307,False,,,,,,,,,,PENDING,,2,113,0.004304963935971105,-5.443672261406416,True,,,,,,,,
test/intermediate_algebra/183.json,test,ELIGIBLE,,False,False,,False,,,,PENDING,,8,434,0.9972673279664864,5.899738969012689,False,,,,,,,,,,PENDING,,4,193,0.7288837756988693,0.988966688629727,False,,,,,,,,
test/algebra/224.json,test,ELIGIBLE,,False,False,,False,,,,PENDING,,4,150,0.043981742744142266,-3.0790024002423237,False,,,,,,,,,,PENDING,,2,64,0.00036540980377893926,-7.914125607532787,False,,,,,,,,
test/intermediate_algebra/1102.json,test,ELIGIBLE,,False,False,,False,,,,PENDING,,3,190,0.8582502559500162,1.8008325935985274,False,,,,,,,,,,PENDING,,4,260,0.04428931365246779,-3.0717118167616873,False,,,,,,,,
test/geometry/221.json,test,ELIGIBLE,,False,False,,False,,,,PENDING,,1,49,0.9216519000889597,2.465005886343671,False,,,,,,,,,,PENDING,,8,324,0.003214230272941605,-5.736947960387147,False,,,,,,,,
test/geometry/843.json,test,ELIGIBLE,,False,False,,False,,,,PENDING,,1,29,0.21241625427733213,-1.3104218956513074,False,,,,,,,,,,PENDING,,2,130,0.0022384212367164867,-6.099743536397928,False,,,,,,,,
test/prealgebra/1388.json,test,ELIGIBLE,,False,False,,False,,,,PENDING,,3,101,0.00035301408085628496,-7.948649536310243,False,,,,,,,,,,PENDING,,5,158,0.0001791693801949523,-8.626999756038156,True,,,,,,,,
