policy,reference,metric,n,mean,sd,min,max,ci,negative_pairs,positive_pairs,zero_pairs
k4,endpoint,correct,100,-0.03,0.22270150335361366,-1,1,"[-0.07, 0.01]",4,1,95
k4,endpoint,service_seconds,100,-4.727759016982746,10.514892332529095,-40.01249651396938,25.122510971064912,"[-6.8560334089792745, -2.8255253172284576]",90,10,0
k4,endpoint,generation_seconds,100,-4.727882434318453,10.28299135691628,-40.908351587931975,23.444612011051504,"[-6.834501458560698, -2.8841934728837804]",89,11,0
k4,endpoint,verification_seconds,100,0.003744574247393757,0.47969106172060766,-1.4536985329759773,1.9274674499902176,"[-0.08980411687472951, 0.10025251275481423]",66,32,2
k4,endpoint,recovery_seconds,100,-0.0036322271515382455,0.07760958832362377,-0.45503266499144956,0.2767006190115353,"[-0.02037559033211437, 0.010530501060857204]",30,12,58
k4,endpoint,decision_seconds,100,1.1070239852415397e-05,1.0807554377177788e-05,2.53401231020689e-06,8.187598723452538e-05,"[9.167771058855579e-06, 1.333916894509457e-05]",0,100,0
k4,endpoint,checks,100,0.57,1.5456357588351464,-4,6,"[0.27, 0.88]",6,36,58
k4,endpoint,generated_tokens,100,-79.51,297.2743688985655,-1140,811,"[-139.58, -25.83]",26,9,65
k4,endpoint,after_first_rollback_generated_tokens,100,-41.8,296.08321925984376,-1183,918,"[-99.66, 15.32]",20,9,71
k4,endpoint,after_first_rollback_decode_seconds,100,-1.8553486298305506,9.636059474231308,-37.12685707898345,29.330291124002542,"[-3.751446486439818, -0.03996084889251506]",33,9,58
k4,endpoint,discarded_generated_tokens,100,-51.09,328.65741873398946,-1565,1117,"[-119.05, 10.83]",20,8,72
k4,endpoint,rollbacks,100,0.05,1.5529379129946443,-6,6,"[-0.26, 0.35]",11,11,78
k4,unchecked,correct,100,0.13,0.36666666666666664,-1,1,"[0.06, 0.2]",1,14,85
k4,unchecked,service_seconds,100,3.454140333037358,8.217392288924538,-28.404890125995735,31.068643389939098,"[1.8236027649749302, 5.093344691579114]",56,44,0
k4,unchecked,generation_seconds,100,2.7733032966479367,7.8711614475012635,-30.300819808006054,29.047917122967192,"[1.2286723089481528, 4.3193153682111]",57,43,0
k4,unchecked,verification_seconds,100,0.6300307571300072,0.4934447212379942,0,1.991678148988285,"[0.5391593093208212, 0.7345463520394696]",0,98,2
k4,unchecked,recovery_seconds,100,0.0507952090195613,0.07644894795974916,0,0.2767006190115353,"[0.03598907145933481, 0.06712699680982041]",0,41,59
k4,unchecked,decision_seconds,100,1.1070239852415397e-05,1.0807554377177788e-05,2.53401231020689e-06,8.187598723452538e-05,"[9.167771058855579e-06, 1.333916894509457e-05]",0,100,0
k4,unchecked,checks,100,2.48,1.828395554312661,0,6,"[2.14, 2.86]",0,98,2
k4,unchecked,generated_tokens,100,137.53,253.96406550072504,-804,1072,"[88.26, 189.0]",5,43,52
k4,unchecked,after_first_rollback_generated_tokens,100,175.24,270.0875323881411,0,1204,"[125.2, 232.17]",0,41,59
k4,unchecked,after_first_rollback_decode_seconds,100,5.270634257569764,8.064762702720438,0.0,34.09074222900381,"[3.7446327955705057, 6.95855691284014]",0,41,59
k4,unchecked,discarded_generated_tokens,100,200.01,319.22856809325305,0,1222,"[140.67, 270.63]",0,41,59
k4,unchecked,rollbacks,100,1.21,1.8602432772368915,0,6,"[0.86, 1.6]",0,41,59
random,endpoint,correct,100,-0.05,0.3588702812826367,-1,1,"[-0.12, 0.02]",9,4,87
random,endpoint,service_seconds,100,-5.279867490506586,11.121429030351829,-46.042391835930175,34.655194985927665,"[-7.487902129483555, -3.2279182243015385]",86,14,0
random,endpoint,generation_seconds,100,-5.378321544978098,10.832352831094793,-46.888305647909874,32.47967695997795,"[-7.553617393336026, -3.407800627056713]",87,13,0
random,endpoint,verification_seconds,100,0.10462387072489947,0.5236600200523618,-1.2894839460932417,2.028622021971387,"[0.006481088643777184, 0.2065362724181614]",49,49,2
random,endpoint,recovery_seconds,100,-0.006411144891026197,0.0784154739908148,-0.3597188949934207,0.18350813201686833,"[-0.022654164537816542, 0.008045386138255707]",24,20,56
random,endpoint,decision_seconds,100,0.00024132863763952627,0.00016423103473362077,3.873401146847755e-05,0.0007057809707475826,"[0.00020949624944478274, 0.00027423735693446363]",0,100,0
random,endpoint,checks,100,1.06,1.7742262504761865,-4,6,"[0.71, 1.4]",6,54,40
random,endpoint,generated_tokens,100,-93.97,326.2347006358917,-1308,1350,"[-158.83, -33.34]",36,15,49
random,endpoint,after_first_rollback_generated_tokens,100,-47.28,342.1637649141154,-1231,1479,"[-109.04, 16.72]",24,15,61
random,endpoint,after_first_rollback_decode_seconds,100,-2.256433888340689,10.638384513019847,-40.54773825396842,38.49789822398452,"[-4.242677403594862, -0.2886614396504592]",28,16,56
random,endpoint,discarded_generated_tokens,100,-70.87,373.6606426405996,-1565,1692,"[-143.65, -0.82]",24,14,62
random,endpoint,rollbacks,100,-0.07,1.7130220210039462,-6,5,"[-0.4, 0.24]",16,17,67
random,k4,correct,100,-0.02,0.3475745687015677,-1,1,"[-0.08, 0.05]",7,5,88
random,k4,service_seconds,100,-0.5521084735238401,6.569257977366367,-21.883417400997132,28.287311799038434,"[-1.9151624967753014, 0.6896634350197565]",53,47,0
random,k4,generation_seconds,100,-0.650439110659645,6.3453030720089405,-20.754904317014734,27.307107377040666,"[-1.9587307649104333, 0.5513207411195618]",53,47,0
random,k4,verification_seconds,100,0.10087929647750571,0.3343953487623469,-1.0672326879866887,1.1980810329841916,"[0.03439259637598298, 0.16518963005873957]",40,58,2
random,k4,recovery_seconds,100,-0.0027789177394879514,0.05154136813041103,-0.21098808401438873,0.13957831100560725,"[-0.013135115059412783, 0.0067402977595338595]",18,26,56
random,k4,decision_seconds,100,0.00023025839778711087,0.0001582059442153394,3.568701504264027e-05,0.0006829289632150903,"[0.0001996015386248473, 0.0002613112179096788]",0,100,0
random,k4,checks,100,0.49,1.3218826488662816,-4,4,"[0.24, 0.75]",12,39,49
random,k4,generated_tokens,100,-14.46,217.0665037971245,-689,1041,"[-59.47, 27.7]",30,20,50
random,k4,after_first_rollback_generated_tokens,100,-5.48,225.5495860283848,-912,942,"[-49.29, 37.22]",20,19,61
random,k4,after_first_rollback_decode_seconds,100,-0.4010852585101384,6.4599356119450695,-25.391370240977267,26.08453094602737,"[-1.6700178141196376, 0.8328550041282142]",24,20,56
random,k4,discarded_generated_tokens,100,-19.78,265.7698776738776,-832,1198,"[-74.19, 31.98]",22,15,63
random,k4,rollbacks,100,-0.12,1.281413361105698,-5,4,"[-0.38, 0.12]",16,14,70
