question_id,policy,source_run,seed,correct,unfinished,termination,service_seconds,generation_seconds,initial_prefill_seconds,before_first_rollback_decode_seconds,after_first_rollback_decode_seconds,verification_seconds,recovery_seconds,decision_seconds,offline_restore_seconds,generated_tokens,before_first_rollback_generated_tokens,after_first_rollback_generated_tokens,checks,verifier_input_tokens,verifier_output_tokens,rollbacks,feedback_tokens_inserted,fail_restore_input_tokens,generation_calls,discarded_generated_tokens,retained_generated_tokens,endpoint_checks,intermediate_checks
test-1149,unchecked,3660363ff392fea6,175062195501338,0,0,FINAL_UNCHECKED,4.162274837959558,4.162274837959558,0.22146551200421527,3.9408093259553425,0.0,0,0,0,0,119,119,0,0,0,0,0,0,0,1,0,119,0,0
test-690,unchecked,3660363ff392fea6,90178879727765,1,0,FINAL_UNCHECKED,12.047835038974881,12.047835038974881,0.043104741955175996,12.004730297019705,0.0,0,0,0,0,379,379,0,0,0,0,0,0,0,1,0,379,0,0
test-823,unchecked,3660363ff392fea6,75033669639919,0,0,FINAL_UNCHECKED,7.533611922990531,7.533611922990531,0.04261938499985263,7.490992537990678,0.0,0,0,0,0,217,217,0,0,0,0,0,0,0,1,0,217,0,0
test-1110,unchecked,3660363ff392fea6,109784326867163,0,0,FINAL_UNCHECKED,4.6190968620358035,4.6190968620358035,0.04344979301095009,4.575647069024853,0.0,0,0,0,0,148,148,0,0,0,0,0,0,0,1,0,148,0,0
test-23,unchecked,3660363ff392fea6,227687225857993,1,0,FINAL_UNCHECKED,3.5297742830007337,3.5297742830007337,0.03437908197520301,3.4953952010255307,0.0,0,0,0,0,107,107,0,0,0,0,0,0,0,1,0,107,0,0
test-1249,unchecked,3660363ff392fea6,60115000362350,0,0,FINAL_UNCHECKED,13.594081877963617,13.594081877963617,0.07372370595112443,13.520358172012493,0.0,0,0,0,0,431,431,0,0,0,0,0,0,0,1,0,431,0,0
test-783,unchecked,3660363ff392fea6,247111168465598,0,1,EOS,14.273309292970225,14.273309292970225,0.04272087698336691,14.230588415986858,0.0,0,0,0,0,439,439,0,0,0,0,0,0,0,1,0,439,0,0
test-857,unchecked,3660363ff392fea6,202676473093313,1,0,FINAL_UNCHECKED,5.755109706020448,5.755109706020448,0.04657012299867347,5.708539583021775,0.0,0,0,0,0,182,182,0,0,0,0,0,0,0,1,0,182,0,0
test-489,unchecked,3660363ff392fea6,181996592728004,0,0,FINAL_UNCHECKED,4.280982346041128,4.280982346041128,0.050068303011357784,4.23091404302977,0.0,0,0,0,0,135,135,0,0,0,0,0,0,0,1,0,135,0,0
test-916,unchecked,3660363ff392fea6,37141424002706,0,0,FINAL_UNCHECKED,11.475138729962055,11.475138729962055,0.044124659965746105,11.431014069996309,0.0,0,0,0,0,347,347,0,0,0,0,0,0,0,1,0,347,0,0
test-263,unchecked,3660363ff392fea6,205308319351888,1,0,FINAL_UNCHECKED,6.666013044014107,6.666013044014107,0.043088236008770764,6.622924808005337,0.0,0,0,0,0,186,186,0,0,0,0,0,0,0,1,0,186,0,0
test-177,unchecked,3660363ff392fea6,152578421411585,1,0,FINAL_UNCHECKED,13.216313960030675,13.216313960030675,0.03780580603051931,13.178508154000156,0.0,0,0,0,0,425,425,0,0,0,0,0,0,0,1,0,425,0,0
test-1065,unchecked,3660363ff392fea6,24874407648227,0,0,FINAL_UNCHECKED,5.313313954975456,5.313313954975456,0.03518847102532163,5.278125483950134,0.0,0,0,0,0,171,171,0,0,0,0,0,0,0,1,0,171,0,0
test-450,unchecked,3660363ff392fea6,77733182476499,0,1,EOS,10.166168527037371,10.166168527037371,0.04143557301722467,10.124732954020146,0.0,0,0,0,0,334,334,0,0,0,0,0,0,0,1,0,334,0,0
test-273,unchecked,3660363ff392fea6,76127295584597,0,0,FINAL_UNCHECKED,8.818875722994562,8.818875722994562,0.04215818498050794,8.776717538014054,0.0,0,0,0,0,286,286,0,0,0,0,0,0,0,1,0,286,0,0
test-1131,unchecked,3660363ff392fea6,59021399873980,0,0,FINAL_UNCHECKED,6.877067533961963,6.877067533961963,0.040159771975595504,6.836907761986367,0.0,0,0,0,0,220,220,0,0,0,0,0,0,0,1,0,220,0,0
test-888,unchecked,3660363ff392fea6,242271198346542,1,0,FINAL_UNCHECKED,3.235584973997902,3.235584973997902,0.030206779018044472,3.2053781949798577,0.0,0,0,0,0,96,96,0,0,0,0,0,0,0,1,0,96,0,0
test-675,unchecked,3660363ff392fea6,136765015546457,0,0,FINAL_UNCHECKED,13.613589978020173,13.613589978020173,0.04143694101367146,13.572153037006501,0.0,0,0,0,0,438,438,0,0,0,0,0,0,0,1,0,438,0,0
test-1025,unchecked,3660363ff392fea6,140410009008639,0,0,FINAL_UNCHECKED,6.262630912009627,6.262630912009627,0.03156962001230568,6.231061291997321,0.0,0,0,0,0,206,206,0,0,0,0,0,0,0,1,0,206,0,0
test-902,unchecked,3660363ff392fea6,156240266800084,1,0,FINAL_UNCHECKED,6.180881439999212,6.180881439999212,0.03548093599965796,6.145400503999554,0.0,0,0,0,0,197,197,0,0,0,0,0,0,0,1,0,197,0,0
test-494,unchecked,3660363ff392fea6,116869590389362,0,0,FINAL_UNCHECKED,10.107038966030814,10.107038966030814,0.040965255990158767,10.066073710040655,0.0,0,0,0,0,326,326,0,0,0,0,0,0,0,1,0,326,0,0
test-615,unchecked,3660363ff392fea6,83023885148897,0,0,FINAL_UNCHECKED,8.814474591927137,8.814474591927137,0.039322803961113095,8.775151787966024,0.0,0,0,0,0,292,292,0,0,0,0,0,0,0,1,0,292,0,0
test-423,unchecked,3660363ff392fea6,14501563574197,0,1,CONTEXT_LIMIT,61.42462629597867,61.42462629597867,0.046851683990098536,61.37777461198857,0.0,0,0,0,0,1853,1853,0,0,0,0,0,0,0,1,0,1853,0,0
test-1097,unchecked,3660363ff392fea6,122072926224146,0,0,FINAL_UNCHECKED,5.561794348992407,5.561794348992407,0.03814175300067291,5.523652595991734,0.0,0,0,0,0,173,173,0,0,0,0,0,0,0,1,0,173,0,0
test-473,unchecked,3660363ff392fea6,9875382816052,0,0,FINAL_UNCHECKED,5.54430838994449,5.54430838994449,0.03794885898241773,5.506359530962072,0.0,0,0,0,0,174,174,0,0,0,0,0,0,0,1,0,174,0,0
test-660,unchecked,3660363ff392fea6,146005100533136,1,0,FINAL_UNCHECKED,8.384384048986249,8.384384048986249,0.03362975700292736,8.350754291983321,0.0,0,0,0,0,233,233,0,0,0,0,0,0,0,1,0,233,0,0
test-975,unchecked,3660363ff392fea6,21183761588695,1,0,FINAL_UNCHECKED,12.74784060701495,12.74784060701495,0.035434329009149224,12.712406278005801,0.0,0,0,0,0,363,363,0,0,0,0,0,0,0,1,0,363,0,0
test-1222,unchecked,3660363ff392fea6,217746335546720,1,0,FINAL_UNCHECKED,5.191998246009462,5.191998246009462,0.041237819008529186,5.150760427000932,0.0,0,0,0,0,152,152,0,0,0,0,0,0,0,1,0,152,0,0
test-580,unchecked,3660363ff392fea6,11452919407212,0,0,FINAL_UNCHECKED,12.533348895027302,12.533348895027302,0.04102404502918944,12.492324849998113,0.0,0,0,0,0,382,382,0,0,0,0,0,0,0,1,0,382,0,0
test-1023,unchecked,3660363ff392fea6,106092607638258,1,0,FINAL_UNCHECKED,11.184765853045974,11.184765853045974,0.03300354100065306,11.15176231204532,0.0,0,0,0,0,331,331,0,0,0,0,0,0,0,1,0,331,0,0
test-525,unchecked,3660363ff392fea6,91589669513901,0,0,FINAL_UNCHECKED,5.897275795985479,5.897275795985479,0.04233236098662019,5.854943434998859,0.0,0,0,0,0,173,173,0,0,0,0,0,0,0,1,0,173,0,0
test-1177,unchecked,3660363ff392fea6,144960077834677,1,0,FINAL_UNCHECKED,8.677914717060048,8.677914717060048,0.03711135603953153,8.640803361020517,0.0,0,0,0,0,256,256,0,0,0,0,0,0,0,1,0,256,0,0
test-576,unchecked,3660363ff392fea6,139176047841287,1,0,FINAL_UNCHECKED,12.524632175976876,12.524632175976876,0.04154610098339617,12.48308607499348,0.0,0,0,0,0,366,366,0,0,0,0,0,0,0,1,0,366,0,0
test-901,unchecked,3660363ff392fea6,233255700683307,0,0,FINAL_UNCHECKED,10.935745020979084,10.935745020979084,0.0416963099851273,10.894048710993957,0.0,0,0,0,0,321,321,0,0,0,0,0,0,0,1,0,321,0,0
test-589,unchecked,3660363ff392fea6,99145297913986,0,0,FINAL_UNCHECKED,6.048254175984766,6.048254175984766,0.04149753600358963,6.006756639981177,0.0,0,0,0,0,179,179,0,0,0,0,0,0,0,1,0,179,0,0
test-420,unchecked,3660363ff392fea6,80475944070362,0,1,EOS,6.496981611999217,6.496981611999217,0.04027901199879125,6.456702600000426,0.0,0,0,0,0,190,190,0,0,0,0,0,0,0,1,0,190,0,0
test-1170,unchecked,3660363ff392fea6,226793051376344,0,0,FINAL_UNCHECKED,6.65282453794498,6.65282453794498,0.042037412989884615,6.610787124955095,0.0,0,0,0,0,191,191,0,0,0,0,0,0,0,1,0,191,0,0
test-13,unchecked,3660363ff392fea6,67610854313031,0,1,EOS,17.68830859195441,17.68830859195441,0.041999462991952896,17.646309128962457,0.0,0,0,0,0,514,514,0,0,0,0,0,0,0,1,0,514,0,0
test-453,unchecked,3660363ff392fea6,15946598711393,0,0,FINAL_UNCHECKED,9.268810018023942,9.268810018023942,0.03963682404719293,9.229173193976749,0.0,0,0,0,0,272,272,0,0,0,0,0,0,0,1,0,272,0,0
test-317,unchecked,3660363ff392fea6,123686364182229,1,0,FINAL_UNCHECKED,3.3216027899761684,3.3216027899761684,0.0351302589988336,3.286472530977335,0.0,0,0,0,0,99,99,0,0,0,0,0,0,0,1,0,99,0,0
test-191,unchecked,3660363ff392fea6,31989528202345,0,0,FINAL_UNCHECKED,4.181922324991319,4.181922324991319,0.034353163035120815,4.1475691619561985,0.0,0,0,0,0,124,124,0,0,0,0,0,0,0,1,0,124,0,0
test-927,unchecked,3660363ff392fea6,271079722217939,1,0,FINAL_UNCHECKED,8.359599877032451,8.359599877032451,0.042136114032473415,8.317463762999978,0.0,0,0,0,0,245,245,0,0,0,0,0,0,0,1,0,245,0,0
test-638,unchecked,3660363ff392fea6,45658074581496,0,0,FINAL_UNCHECKED,4.0991340090404265,4.0991340090404265,0.035546599014196545,4.06358741002623,0.0,0,0,0,0,123,123,0,0,0,0,0,0,0,1,0,123,0,0
test-1099,unchecked,3660363ff392fea6,173090932736265,1,0,FINAL_UNCHECKED,7.800445500994101,7.800445500994101,0.04703565803356469,7.7534098429605365,0.0,0,0,0,0,235,235,0,0,0,0,0,0,0,1,0,235,0,0
test-996,unchecked,3660363ff392fea6,222855132888558,0,1,EOS,16.35282988101244,16.35282988101244,0.04153718799352646,16.311292693018913,0.0,0,0,0,0,468,468,0,0,0,0,0,0,0,1,0,468,0,0
test-918,unchecked,3660363ff392fea6,195660965946638,0,0,FINAL_UNCHECKED,7.222588796983473,7.222588796983473,0.03305377101060003,7.189535025972873,0.0,0,0,0,0,207,207,0,0,0,0,0,0,0,1,0,207,0,0
test-135,unchecked,3660363ff392fea6,247256422018131,0,0,FINAL_UNCHECKED,5.9181307930266485,5.9181307930266485,0.03894200699869543,5.879188786027953,0.0,0,0,0,0,161,161,0,0,0,0,0,0,0,1,0,161,0,0
test-82,unchecked,3660363ff392fea6,155479135745903,1,0,FINAL_UNCHECKED,7.8377523419912905,7.8377523419912905,0.03853928402531892,7.7992130579659715,0.0,0,0,0,0,209,209,0,0,0,0,0,0,0,1,0,209,0,0
test-1264,unchecked,3660363ff392fea6,90021893811283,0,1,EOS,15.769515030959155,15.769515030959155,0.05137131497031078,15.718143715988845,0.0,0,0,0,0,461,461,0,0,0,0,0,0,0,1,0,461,0,0
test-717,unchecked,3660363ff392fea6,245443194088912,1,0,FINAL_UNCHECKED,9.459550425992347,9.459550425992347,0.034366037987638265,9.425184388004709,0.0,0,0,0,0,290,290,0,0,0,0,0,0,0,1,0,290,0,0
test-1248,unchecked,3660363ff392fea6,234992318843252,0,0,FINAL_UNCHECKED,9.935236208024435,9.935236208024435,0.048722008999902755,9.886514199024532,0.0,0,0,0,0,315,315,0,0,0,0,0,0,0,1,0,315,0,0
test-398,unchecked,3660363ff392fea6,245270530255561,1,0,FINAL_UNCHECKED,6.893039648013655,6.893039648013655,0.03879964101361111,6.854240007000044,0.0,0,0,0,0,212,212,0,0,0,0,0,0,0,1,0,212,0,0
test-947,unchecked,3660363ff392fea6,24456137202015,1,0,FINAL_UNCHECKED,4.04836004396202,4.04836004396202,0.046904448012355715,4.001455595949665,0.0,0,0,0,0,125,125,0,0,0,0,0,0,0,1,0,125,0,0
test-179,unchecked,3660363ff392fea6,155114583373711,1,0,FINAL_UNCHECKED,5.918222294014413,5.918222294014413,0.03757555899210274,5.88064673502231,0.0,0,0,0,0,180,180,0,0,0,0,0,0,0,1,0,180,0,0
test-480,unchecked,3660363ff392fea6,21195651760396,1,0,FINAL_UNCHECKED,5.877253703016322,5.877253703016322,0.041210044000763446,5.836043659015559,0.0,0,0,0,0,178,178,0,0,0,0,0,0,0,1,0,178,0,0
test-752,unchecked,3660363ff392fea6,66771579162585,0,0,FINAL_UNCHECKED,5.022910995001439,5.022910995001439,0.035433796991128474,4.9874771980103105,0.0,0,0,0,0,148,148,0,0,0,0,0,0,0,1,0,148,0,0
test-830,unchecked,3660363ff392fea6,275008139936302,0,0,FINAL_UNCHECKED,8.462774023995735,8.462774023995735,0.04251235001720488,8.42026167397853,0.0,0,0,0,0,249,249,0,0,0,0,0,0,0,1,0,249,0,0
test-796,unchecked,3660363ff392fea6,130429571169423,0,0,FINAL_UNCHECKED,7.594640701019671,7.594640701019671,0.04082415101584047,7.55381655000383,0.0,0,0,0,0,221,221,0,0,0,0,0,0,0,1,0,221,0,0
test-210,unchecked,3660363ff392fea6,168671987400231,0,0,FINAL_UNCHECKED,12.978204896033276,12.978204896033276,0.045672895037569106,12.932532000995707,0.0,0,0,0,0,373,373,0,0,0,0,0,0,0,1,0,373,0,0
test-983,unchecked,3660363ff392fea6,203074223232137,1,0,FINAL_UNCHECKED,5.2109491910086945,5.2109491910086945,0.03561293298844248,5.175336258020252,0.0,0,0,0,0,159,159,0,0,0,0,0,0,0,1,0,159,0,0
test-152,unchecked,3660363ff392fea6,478378024564,0,0,FINAL_UNCHECKED,4.541379072004929,4.541379072004929,0.038046538014896214,4.503332533990033,0.0,0,0,0,0,141,141,0,0,0,0,0,0,0,1,0,141,0,0
test-51,unchecked,3660363ff392fea6,257271334165606,0,0,FINAL_UNCHECKED,14.842609052022453,14.842609052022453,0.03980806999607012,14.802800982026383,0.0,0,0,0,0,460,460,0,0,0,0,0,0,0,1,0,460,0,0
test-75,unchecked,3660363ff392fea6,146338900575398,0,0,FINAL_UNCHECKED,8.640197483007796,8.640197483007796,0.03859819000354037,8.601599293004256,0.0,0,0,0,0,261,261,0,0,0,0,0,0,0,1,0,261,0,0
test-270,unchecked,3660363ff392fea6,131959146081845,1,0,FINAL_UNCHECKED,7.982620190014131,7.982620190014131,0.03790553199360147,7.94471465802053,0.0,0,0,0,0,253,253,0,0,0,0,0,0,0,1,0,253,0,0
test-518,unchecked,3660363ff392fea6,178257099039207,1,0,FINAL_UNCHECKED,10.279420967970509,10.279420967970509,0.03984120499808341,10.239579762972426,0.0,0,0,0,0,319,319,0,0,0,0,0,0,0,1,0,319,0,0
test-788,unchecked,3660363ff392fea6,241749629633689,1,0,FINAL_UNCHECKED,3.024403996998444,3.024403996998444,0.03977398399729282,2.9846300130011514,0.0,0,0,0,0,96,96,0,0,0,0,0,0,0,1,0,96,0,0
test-903,unchecked,3660363ff392fea6,263556652544184,1,0,FINAL_UNCHECKED,16.574617148027755,16.574617148027755,0.03920836100587621,16.53540878702188,0.0,0,0,0,0,480,480,0,0,0,0,0,0,0,1,0,480,0,0
test-1236,unchecked,3660363ff392fea6,139098504434095,1,0,FINAL_UNCHECKED,9.113031107001007,9.113031107001007,0.04134172998601571,9.071689377014991,0.0,0,0,0,0,268,268,0,0,0,0,0,0,0,1,0,268,0,0
test-782,unchecked,3660363ff392fea6,268215929643648,0,0,FINAL_UNCHECKED,5.044142747938167,5.044142747938167,0.03671878098975867,5.007423966948409,0.0,0,0,0,0,161,161,0,0,0,0,0,0,0,1,0,161,0,0
test-865,unchecked,3660363ff392fea6,89340786659060,1,0,FINAL_UNCHECKED,8.903115905006416,8.903115905006416,0.04401871102163568,8.85909719398478,0.0,0,0,0,0,277,277,0,0,0,0,0,0,0,1,0,277,0,0
test-979,unchecked,3660363ff392fea6,227954302162361,0,0,FINAL_UNCHECKED,26.014741483028047,26.014741483028047,0.03719956200802699,25.97754192102002,0.0,0,0,0,0,815,815,0,0,0,0,0,0,0,1,0,815,0,0
test-239,unchecked,3660363ff392fea6,243793508670459,1,0,FINAL_UNCHECKED,8.348042187979445,8.348042187979445,0.03967301599914208,8.308369171980303,0.0,0,0,0,0,261,261,0,0,0,0,0,0,0,1,0,261,0,0
test-169,unchecked,3660363ff392fea6,75473699943901,1,0,FINAL_UNCHECKED,7.9756372890551575,7.9756372890551575,0.037088669021613896,7.938548620033544,0.0,0,0,0,0,252,252,0,0,0,0,0,0,0,1,0,252,0,0
test-150,unchecked,3660363ff392fea6,258623963815238,0,1,EOS,10.049362969060894,10.049362969060894,0.040944526030216366,10.008418443030678,0.0,0,0,0,0,306,306,0,0,0,0,0,0,0,1,0,306,0,0
test-959,unchecked,3660363ff392fea6,124697467528326,0,0,FINAL_UNCHECKED,8.22872022993397,8.22872022993397,0.04425839096074924,8.18446183897322,0.0,0,0,0,0,265,265,0,0,0,0,0,0,0,1,0,265,0,0
test-186,unchecked,3660363ff392fea6,74047272930412,0,0,FINAL_UNCHECKED,19.065448404988274,19.065448404988274,0.04491365299327299,19.020534751995,0.0,0,0,0,0,606,606,0,0,0,0,0,0,0,1,0,606,0,0
test-418,unchecked,3660363ff392fea6,33192084932259,1,0,FINAL_UNCHECKED,10.444524910009932,10.444524910009932,0.039063270029146224,10.405461639980786,0.0,0,0,0,0,308,308,0,0,0,0,0,0,0,1,0,308,0,0
test-392,unchecked,3660363ff392fea6,273751283636852,1,0,FINAL_UNCHECKED,9.6489370620111,9.6489370620111,0.043488128983881325,9.605448933027219,0.0,0,0,0,0,267,267,0,0,0,0,0,0,0,1,0,267,0,0
test-1006,unchecked,3660363ff392fea6,94209859691574,0,0,FINAL_UNCHECKED,6.934969330963213,6.934969330963213,0.04304017999675125,6.891929150966462,0.0,0,0,0,0,198,198,0,0,0,0,0,0,0,1,0,198,0,0
test-1156,unchecked,3660363ff392fea6,113250874078526,1,0,FINAL_UNCHECKED,10.6802949430421,10.6802949430421,0.03919882501941174,10.641096118022688,0.0,0,0,0,0,302,302,0,0,0,0,0,0,0,1,0,302,0,0
test-161,unchecked,3660363ff392fea6,140543187034397,1,0,FINAL_UNCHECKED,8.601242713979445,8.601242713979445,0.04248161299619824,8.558761100983247,0.0,0,0,0,0,255,255,0,0,0,0,0,0,0,1,0,255,0,0
test-686,unchecked,3660363ff392fea6,272287445298743,1,0,FINAL_UNCHECKED,5.527502320008352,5.527502320008352,0.03921772900503129,5.488284591003321,0.0,0,0,0,0,164,164,0,0,0,0,0,0,0,1,0,164,0,0
test-80,unchecked,3660363ff392fea6,213785929864358,0,0,FINAL_UNCHECKED,7.0473998300149105,7.0473998300149105,0.03282994299661368,7.014569887018297,0.0,0,0,0,0,213,213,0,0,0,0,0,0,0,1,0,213,0,0
test-1154,unchecked,3660363ff392fea6,8067022055308,1,0,FINAL_UNCHECKED,5.888212504971307,5.888212504971307,0.03697210497921333,5.851240399992093,0.0,0,0,0,0,174,174,0,0,0,0,0,0,0,1,0,174,0,0
test-1206,unchecked,3660363ff392fea6,17383563844774,1,0,FINAL_UNCHECKED,10.78716638800688,10.78716638800688,0.04042359202867374,10.746742795978207,0.0,0,0,0,0,309,309,0,0,0,0,0,0,0,1,0,309,0,0
test-984,unchecked,3660363ff392fea6,73996196214348,0,0,FINAL_UNCHECKED,25.0421013480518,25.0421013480518,0.04209471505600959,25.00000663299579,0.0,0,0,0,0,728,728,0,0,0,0,0,0,0,1,0,728,0,0
test-365,unchecked,3660363ff392fea6,120746433241186,1,0,FINAL_UNCHECKED,5.543903599027544,5.543903599027544,0.03537823201622814,5.508525367011316,0.0,0,0,0,0,168,168,0,0,0,0,0,0,0,1,0,168,0,0
test-42,unchecked,3660363ff392fea6,280364261624947,1,0,FINAL_UNCHECKED,4.487849780998658,4.487849780998658,0.043192534998524934,4.4446572460001335,0.0,0,0,0,0,138,138,0,0,0,0,0,0,0,1,0,138,0,0
test-208,unchecked,3660363ff392fea6,185082543511015,1,0,FINAL_UNCHECKED,5.30548479402205,5.30548479402205,0.045152259001042694,5.260332535021007,0.0,0,0,0,0,157,157,0,0,0,0,0,0,0,1,0,157,0,0
test-247,unchecked,3660363ff392fea6,41643564244864,0,0,FINAL_UNCHECKED,5.694814293994568,5.694814293994568,0.042282734997570515,5.652531558996998,0.0,0,0,0,0,170,170,0,0,0,0,0,0,0,1,0,170,0,0
test-269,unchecked,3660363ff392fea6,176092494226593,1,0,FINAL_UNCHECKED,8.080154994037002,8.080154994037002,0.03577978000976145,8.04437521402724,0.0,0,0,0,0,236,236,0,0,0,0,0,0,0,1,0,236,0,0
test-695,unchecked,3660363ff392fea6,188340668134382,1,0,FINAL_UNCHECKED,5.175155356992036,5.175155356992036,0.03438317199470475,5.140772184997331,0.0,0,0,0,0,152,152,0,0,0,0,0,0,0,1,0,152,0,0
test-159,unchecked,3660363ff392fea6,112635979463477,0,0,FINAL_UNCHECKED,5.043218819017056,5.043218819017056,0.043562120001297444,4.999656699015759,0.0,0,0,0,0,148,148,0,0,0,0,0,0,0,1,0,148,0,0
test-1155,unchecked,3660363ff392fea6,111656876501345,1,0,FINAL_UNCHECKED,6.316169134050142,6.316169134050142,0.039563139027450234,6.276605995022692,0.0,0,0,0,0,189,189,0,0,0,0,0,0,0,1,0,189,0,0
test-333,unchecked,3660363ff392fea6,62832118136914,1,0,FINAL_UNCHECKED,9.433178813022096,9.433178813022096,0.044416449032723904,9.388762363989372,0.0,0,0,0,0,266,266,0,0,0,0,0,0,0,1,0,266,0,0
test-762,unchecked,3660363ff392fea6,60351821098166,1,0,FINAL_UNCHECKED,9.029595429019537,9.029595429019537,0.08595349598908797,8.943641933030449,0.0,0,0,0,0,255,255,0,0,0,0,0,0,0,1,0,255,0,0
test-1147,unchecked,3660363ff392fea6,128319338108407,1,0,FINAL_UNCHECKED,13.892493464984,13.892493464984,0.04296508798142895,13.84952837700257,0.0,0,0,0,0,412,412,0,0,0,0,0,0,0,1,0,412,0,0
test-818,unchecked,3660363ff392fea6,252110786248962,1,0,FINAL_UNCHECKED,7.060433801962063,7.060433801962063,0.044223723001778126,7.016210078960285,0.0,0,0,0,0,203,203,0,0,0,0,0,0,0,1,0,203,0,0
test-645,unchecked,3660363ff392fea6,74085845277344,1,0,FINAL_UNCHECKED,5.598740833054762,5.598740833054762,0.04091685201274231,5.55782398104202,0.0,0,0,0,0,156,156,0,0,0,0,0,0,0,1,0,156,0,0
test-963,unchecked,3660363ff392fea6,158706570166616,0,0,FINAL_UNCHECKED,13.517089446017053,13.517089446017053,0.04647728300187737,13.470612163015176,0.0,0,0,0,0,379,379,0,0,0,0,0,0,0,1,0,379,0,0
test-1149,endpoint,3660363ff392fea6,175062195501338,0,0,FINAL_PASS,4.198223804007284,3.6994397380040027,0.035182353982236236,3.6642573840217665,0.0,0.4987840660032816,0,0,0,119,119,0,1,170,0,0,0,0,1,0,119,1,0
test-690,endpoint,3660363ff392fea6,90178879727765,1,0,FINAL_PASS,12.802062487055082,12.348530205024872,0.04289419302949682,12.305636011995375,0.0,0.4535322820302099,0,0,0,379,379,0,1,462,0,0,0,0,1,0,379,1,0
test-823,endpoint,3660363ff392fea6,75033669639919,0,0,FINAL_PASS,7.807603519002441,7.4565980230108835,0.04509294801391661,7.411505074996967,0.0,0.35100549599155784,0,0,0,217,217,0,1,346,0,0,0,0,1,0,217,1,0
test-1110,endpoint,3660363ff392fea6,109784326867163,0,1,BUDGET_VERIFIER,36.87628685805248,34.409001910011284,0.040539137029554695,4.815558682021219,29.55290409096051,1.9493359690532088,0.5179489789879881,0,0,1038,148,890,6,1605,0,6,366,1110,6,1038,0,6,0
test-23,endpoint,3660363ff392fea6,227687225857993,1,0,FINAL_PASS,3.5187255300115794,3.2597677030134946,0.03489441203419119,3.2248732909793034,0.0,0.2589578269980848,0,0,0,107,107,0,1,169,0,0,0,0,1,0,107,1,0
test-1249,endpoint,3660363ff392fea6,60115000362350,0,0,FINAL_PASS,17.788767840131186,16.95095118804602,0.04631125903688371,13.963647352007683,2.9409925770014524,0.7621703510521911,0.07564630103297532,0,0,527,431,96,2,796,0,1,61,254,2,431,96,2,0
test-783,endpoint,3660363ff392fea6,247111168465598,0,1,EOS,14.805185834004078,14.805185834004078,0.04256995103787631,14.762615882966202,0.0,0,0,0,0,439,439,0,0,0,0,0,0,0,1,0,439,0,0
test-857,endpoint,3660363ff392fea6,202676473093313,1,0,FINAL_PASS,6.382062219956424,6.0599869809811935,0.043152072990778834,6.016834907990415,0.0,0.3220752389752306,0,0,0,182,182,0,1,293,0,0,0,0,1,0,182,1,0
test-489,endpoint,3660363ff392fea6,181996592728004,0,0,FINAL_PASS,4.780277410987765,4.512938897009008,0.0413024440058507,4.471636453003157,0.0,0.26733851397875696,0,0,0,135,135,0,1,213,0,0,0,0,1,0,135,1,0
test-916,endpoint,3660363ff392fea6,37141424002706,1,0,FINAL_PASS,48.90607034100685,47.01054052397376,0.04234981397166848,11.696541037003044,35.27164967299905,1.7463541370234452,0.1491756800096482,0,0,1462,347,1115,4,1854,0,3,183,714,4,1110,352,4,0
test-263,endpoint,3660363ff392fea6,205308319351888,1,0,FINAL_PASS,6.979838963015936,6.707322404021397,0.044751539011485875,6.662570865009911,0.0,0.2725165589945391,0,0,0,186,186,0,1,251,0,0,0,0,1,0,186,1,0
test-177,endpoint,3660363ff392fea6,152578421411585,1,0,FINAL_PASS,15.421029534074478,14.904955669073388,0.04223962704418227,14.862716042029206,0.0,0.5160738650010899,0,0,0,425,425,0,1,520,0,0,0,0,1,0,425,1,0
test-1065,endpoint,3660363ff392fea6,24874407648227,0,0,FINAL_PASS,6.214288670977112,5.931352460989729,0.03499833500245586,5.896354125987273,0.0,0.28293620998738334,0,0,0,171,171,0,1,224,0,0,0,0,1,0,171,1,0
test-450,endpoint,3660363ff392fea6,77733182476499,0,1,EOS,12.29494962503668,12.29494962503668,0.04069997800979763,12.254249647026882,0.0,0,0,0,0,334,334,0,0,0,0,0,0,0,1,0,334,0,0
test-273,endpoint,3660363ff392fea6,76127295584597,1,0,FINAL_PASS,27.82970442099031,26.690516518021468,0.04623294802149758,10.162664632021915,16.481618937978055,1.042364758963231,0.09682314400561154,0,0,820,286,534,3,1096,0,2,122,446,3,543,277,3,0
test-1131,endpoint,3660363ff392fea6,59021399873980,0,1,BUDGET_VERIFIER,40.419292962003965,38.35154456802411,0.04300353798316792,7.523486280988436,30.785054749052506,1.8309056810103357,0.2368427129695192,0,0,1173,220,953,6,1635,0,6,366,1045,6,1173,0,6,0
test-888,endpoint,3660363ff392fea6,242271198346542,1,0,FINAL_PASS,6.325289384985808,5.791824954969343,0.07864072802476585,3.137105655972846,2.576078570971731,0.48841264203656465,0.04505178797990084,0,0,177,96,81,2,283,0,1,61,174,2,96,81,2,0
test-675,endpoint,3660363ff392fea6,136765015546457,0,1,GEN_BUDGET,68.42442740994738,67.18145175592508,0.04463202797342092,15.638822235981934,51.49799749196973,1.0957898630294949,0.1471857909928076,0,0,2048,438,1610,3,1108,0,3,183,738,4,780,1268,3,0
test-1025,endpoint,3660363ff392fea6,140410009008639,1,0,FINAL_PASS,15.994314853043761,15.084142895997502,0.038673800008837134,6.928731337015051,8.116737758973613,0.8253749950090423,0.08479696203721687,0,0,468,206,262,3,655,0,2,122,374,3,346,122,3,0
test-902,endpoint,3660363ff392fea6,156240266800084,1,0,FINAL_PASS,7.926817963947542,7.64176123496145,0.03428420500131324,7.607477029960137,0.0,0.2850567289860919,0,0,0,197,197,0,1,248,0,0,0,0,1,0,197,1,0
test-494,endpoint,3660363ff392fea6,116869590389362,0,1,BUDGET_VERIFIER,45.42403371096589,43.21398873103317,0.04923624801449478,11.614547353994567,31.550205129024107,1.9619681839831173,0.24807679594960064,0,0,1287,326,961,6,1882,0,6,366,1145,6,1287,0,6,0
test-615,endpoint,3660363ff392fea6,83023885148897,1,0,FINAL_PASS,20.05813744396437,19.24462907697307,0.042978203971870244,9.899215993005782,9.302434879995417,0.7634502410073765,0.050058125983923674,0,0,579,292,287,2,762,0,1,61,228,2,292,287,2,0
test-423,endpoint,3660363ff392fea6,14501563574197,0,1,CONTEXT_LIMIT,65.59742120304145,65.59742120304145,0.05023451300803572,65.54718669003341,0.0,0,0,0,0,1853,1853,0,0,0,0,0,0,0,1,0,1853,0,0
test-1097,endpoint,3660363ff392fea6,122072926224146,1,0,FINAL_PASS,14.587766715092584,13.47512379300315,0.04161770601058379,5.815231809974648,7.6182742770179175,0.9648282210109755,0.14781470107845962,0,0,413,173,240,4,708,0,3,183,591,4,269,144,4,0
test-473,endpoint,3660363ff392fea6,9875382816052,1,0,FINAL_PASS,12.64512618893059,12.063554973923601,0.034595795965287834,5.850771408004221,6.178187769954093,0.5403059829841368,0.041265232022851706,0,0,369,174,195,2,478,0,1,61,180,2,174,195,2,0
test-660,endpoint,3660363ff392fea6,146005100533136,1,0,FINAL_PASS,8.16540510795312,7.835722256975714,0.039728787960484624,7.7959934690152295,0.0,0.3296828509774059,0,0,0,233,233,0,1,283,0,0,0,0,1,0,233,1,0
test-975,endpoint,3660363ff392fea6,21183761588695,1,0,FINAL_PASS,12.948448145994917,12.52244668098865,0.037396277009975165,12.485050403978676,0.0,0.4260014650062658,0,0,0,363,363,0,1,413,0,0,0,0,1,0,363,1,0
test-1222,endpoint,3660363ff392fea6,217746335546720,1,0,FINAL_PASS,5.475833154981956,5.203351442003623,0.03815359598957002,5.165197846014053,0.0,0.27248171297833323,0,0,0,152,152,0,1,219,0,0,0,0,1,0,152,1,0
test-580,endpoint,3660363ff392fea6,11452919407212,0,1,BUDGET_VERIFIER,52.247576971014496,49.9385821329779,0.040923643973656,12.770801410020795,37.12685707898345,2.060743175970856,0.24825166206574067,0,0,1565,382,1183,6,1987,0,6,366,990,6,1565,0,6,0
test-1023,endpoint,3660363ff392fea6,106092607638258,1,0,FINAL_PASS,11.681852158042602,11.266259129042737,0.036560424021445215,11.229698705021292,0.0,0.41559302899986506,0,0,0,331,331,0,1,387,0,0,0,0,1,0,331,1,0
test-525,endpoint,3660363ff392fea6,91589669513901,0,1,EOS,16.167698701960035,15.786540408967994,0.04106327996123582,5.993375052988995,9.752102076017763,0.3316203790018335,0.049537913990207016,0,0,468,173,295,1,277,0,1,61,230,2,173,295,1,0
test-1177,endpoint,3660363ff392fea6,144960077834677,1,0,FINAL_PASS,9.094199431012385,8.754195254994556,0.03201259794877842,8.722182657045778,0.0,0.3400041760178283,0,0,0,256,256,0,1,315,0,0,0,0,1,0,256,1,0
test-576,endpoint,3660363ff392fea6,139176047841287,1,0,FINAL_PASS,16.345158279000316,15.90735383197898,0.043084695003926754,15.864269136975054,0.0,0.43780444702133536,0,0,0,366,366,0,1,465,0,0,0,0,1,0,366,1,0
test-901,endpoint,3660363ff392fea6,233255700683307,0,1,EOS,23.343131611996796,22.50693026697263,0.044732818962074816,11.573406635958236,10.88879081205232,0.741162708029151,0.0950386369950138,0,0,654,321,333,2,669,0,2,122,438,3,492,162,2,0
test-589,endpoint,3660363ff392fea6,99145297913986,0,1,BUDGET_VERIFIER,45.7903566340683,43.5721963790711,0.04527558002155274,5.418983203009702,38.10793759603985,1.9769558449625038,0.2412044100346975,0,0,1380,179,1201,6,1868,0,6,366,1040,6,1380,0,6,0
test-420,endpoint,3660363ff392fea6,80475944070362,0,1,EOS,6.254522919014562,6.254522919014562,0.03435362799791619,6.220169291016646,0.0,0,0,0,0,190,190,0,0,0,0,0,0,0,1,0,190,0,0
test-1170,endpoint,3660363ff392fea6,226793051376344,1,0,FINAL_PASS,13.4655932149617,12.765415261965245,0.038167982012964785,5.754660320002586,6.972586959949695,0.6487581729888916,0.05141978000756353,0,0,400,191,209,2,558,0,1,61,211,2,191,209,2,0
test-13,endpoint,3660363ff392fea6,67610854313031,0,1,EOS,15.608587272989098,15.608587272989098,0.03325430996483192,15.575332963024266,0.0,0,0,0,0,514,514,0,0,0,0,0,0,0,1,0,514,0,0
test-453,endpoint,3660363ff392fea6,15946598711393,1,0,FINAL_PASS,41.80558730306802,40.02878943801625,0.03266188903944567,12.398431567009538,27.597695981967263,1.5880954350577667,0.18870242999400944,0,0,1148,272,876,5,1491,0,4,244,792,5,940,208,5,0
test-317,endpoint,3660363ff392fea6,123686364182229,1,0,FINAL_PASS,6.317410120042041,6.053910815040581,0.06818635802483186,5.985724457015749,0.0,0.26349930500146,0,0,0,99,99,0,1,159,0,0,0,0,1,0,99,1,0
test-191,endpoint,3660363ff392fea6,31989528202345,1,0,FINAL_PASS,21.084747583896387,19.432455910893623,0.056541822967119515,5.853965168003924,13.521948919922579,1.3812786620110273,0.27101301099173725,0,0,558,124,434,6,900,0,5,305,895,6,388,170,6,0
test-927,endpoint,3660363ff392fea6,271079722217939,1,0,FINAL_PASS,11.464546039002016,11.095084708998911,0.043098415015265346,11.051986293983646,0.0,0.3694613300031051,0,0,0,245,245,0,1,339,0,0,0,0,1,0,245,1,0
test-638,endpoint,3660363ff392fea6,45658074581496,1,0,FINAL_PASS,13.727026559005026,13.121987448015716,0.07062082103220746,5.717869619955309,7.3334970070282,0.5621780849760398,0.04286102601327002,0,0,329,123,206,2,441,0,1,61,181,2,123,206,2,0
test-1099,endpoint,3660363ff392fea6,173090932736265,1,0,FINAL_PASS,13.160890792903956,12.807507072924636,0.05105552694294602,12.75645154598169,0.0,0.3533837199793197,0,0,0,235,235,0,1,327,0,0,0,0,1,0,235,1,0
test-996,endpoint,3660363ff392fea6,222855132888558,0,1,EOS,16.711474985000677,16.711474985000677,0.03954681201139465,16.671928172989283,0.0,0,0,0,0,468,468,0,0,0,0,0,0,0,1,0,468,0,0
test-918,endpoint,3660363ff392fea6,195660965946638,1,0,FINAL_PASS,13.369749195931945,12.742066247970797,0.04179820796707645,7.457903694012202,5.242364345991518,0.5848068029736169,0.042876144987531006,0,0,348,207,141,2,471,0,1,61,188,2,207,141,2,0
test-135,endpoint,3660363ff392fea6,247256422018131,1,0,FINAL_PASS,21.781090456817765,20.396346553927287,0.03449090599315241,5.635385859000962,14.726469788933173,1.2093716209055856,0.17537228198489174,0,0,599,161,438,5,919,0,4,244,756,5,505,94,5,0
test-82,endpoint,3660363ff392fea6,155479135745903,1,0,FINAL_PASS,7.170391238993034,6.89431882801,0.03906949301017448,6.855249334999826,0.0,0.2760724109830335,0,0,0,209,209,0,1,246,0,0,0,0,1,0,209,1,0
test-1264,endpoint,3660363ff392fea6,90021893811283,0,1,EOS,15.184091061004438,15.184091061004438,0.04766231297980994,15.136428748024628,0.0,0,0,0,0,461,461,0,0,0,0,0,0,0,1,0,461,0,0
test-717,endpoint,3660363ff392fea6,245443194088912,1,0,FINAL_PASS,9.252037192927673,8.901718408975285,0.03673258697381243,8.864985822001472,0.0,0.3503187839523889,0,0,0,290,290,0,1,348,0,0,0,0,1,0,290,1,0
test-1248,endpoint,3660363ff392fea6,234992318843252,0,1,EOS,22.805196481000166,21.944348448014352,0.04147521802224219,10.747765303996857,11.155107925995253,0.7605421379557811,0.10030589503003284,0,0,651,315,336,2,785,0,2,122,510,3,515,136,2,0
test-398,endpoint,3660363ff392fea6,245270530255561,1,0,FINAL_PASS,7.258714132010937,6.928148968028836,0.03842027502832934,6.889728693000507,0.0,0.3305651639821008,0,0,0,212,212,0,1,291,0,0,0,0,1,0,212,1,0
test-947,endpoint,3660363ff392fea6,24456137202015,1,0,FINAL_PASS,4.547645310987718,4.271599804982543,0.042161657998804,4.229438146983739,0.0,0.2760455060051754,0,0,0,125,125,0,1,202,0,0,0,0,1,0,125,1,0
test-179,endpoint,3660363ff392fea6,155114583373711,1,0,FINAL_PASS,6.589241766021587,6.312558203993831,0.041173806006554514,6.271384397987276,0.0,0.2766835620277561,0,0,0,180,180,0,1,241,0,0,0,0,1,0,180,1,0
test-480,endpoint,3660363ff392fea6,21195651760396,1,0,FINAL_PASS,6.627623528009281,6.350541006017011,0.04068056197138503,6.309860444045626,0.0,0.2770825219922699,0,0,0,178,178,0,1,245,0,0,0,0,1,0,178,1,0
test-752,endpoint,3660363ff392fea6,66771579162585,0,1,BUDGET_VERIFIER,25.425987620954402,23.769476233050227,0.040562628011684865,5.416338681010529,18.312574924028013,1.4418826789478771,0.2146287089562975,0,0,744,148,596,6,1076,0,6,366,895,6,744,0,6,0
test-830,endpoint,3660363ff392fea6,275008139936302,0,0,FINAL_PASS,8.526884660997894,8.162210310983937,0.043023433012422174,8.119186877971515,0.0,0.3646743500139564,0,0,0,249,249,0,1,336,0,0,0,0,1,0,249,1,0
test-796,endpoint,3660363ff392fea6,130429571169423,0,1,BUDGET_VERIFIER,37.6990438910434,35.70616215298651,0.035715889011044055,7.589571876975242,28.08087438700022,1.7519146330887452,0.24096710496814921,0,0,1113,221,892,6,1571,0,6,366,1030,6,1113,0,6,0
test-210,endpoint,3660363ff392fea6,168671987400231,0,0,FINAL_PASS,13.071332111023366,12.62690565903904,0.03759908699430525,12.589306572044734,0.0,0.4444264519843273,0,0,0,373,373,0,1,481,0,0,0,0,1,0,373,1,0
test-983,endpoint,3660363ff392fea6,203074223232137,1,0,FINAL_PASS,5.4500141169992276,5.173705533030443,0.03987463202793151,5.133830901002511,0.0,0.27630858396878466,0,0,0,159,159,0,1,200,0,0,0,0,1,0,159,1,0
test-152,endpoint,3660363ff392fea6,478378024564,1,0,FINAL_PASS,9.959170743997674,9.367641134012956,0.030857170990202576,4.4815619720029645,4.855221991019789,0.5487496869754978,0.04277992300922051,0,0,283,141,142,2,401,0,1,61,184,2,141,142,2,0
test-51,endpoint,3660363ff392fea6,257271334165606,0,1,BUDGET_VERIFIER,42.310414733947255,40.2756318100146,0.03507858497323468,15.623141604010016,24.61741162103135,1.8179011370521039,0.21688178688054904,0,0,1184,460,724,6,1550,0,6,366,960,6,1184,0,6,0
test-75,endpoint,3660363ff392fea6,146338900575398,0,1,BUDGET_VERIFIER,47.463423263980076,45.3258708230569,0.043757539009675384,8.739998007018585,36.54211527702864,1.8950371009414084,0.24251533998176455,0,0,1315,261,1054,6,1766,0,6,366,1045,6,1315,0,6,0
test-270,endpoint,3660363ff392fea6,131959146081845,1,0,FINAL_PASS,8.579887343046721,8.226640110020526,0.035854574001859874,8.190785536018666,0.0,0.3532472330261953,0,0,0,253,253,0,1,349,0,0,0,0,1,0,253,1,0
test-518,endpoint,3660363ff392fea6,178257099039207,1,0,FINAL_PASS,10.658902644005138,10.247804139973596,0.0389663859969005,10.208837753976695,0.0,0.4110985040315427,0,0,0,319,319,0,1,398,0,0,0,0,1,0,319,1,0
test-788,endpoint,3660363ff392fea6,241749629633689,1,0,FINAL_PASS,3.4262645490234718,3.171755597984884,0.04050356597872451,3.1312520320061594,0.0,0.25450895103858784,0,0,0,96,96,0,1,169,0,0,0,0,1,0,96,1,0
test-903,endpoint,3660363ff392fea6,263556652544184,1,0,FINAL_PASS,17.561857169959694,17.034458385955077,0.03573181398678571,16.99872657196829,0.0,0.5273987840046175,0,0,0,480,480,0,1,550,0,0,0,0,1,0,480,1,0
test-1236,endpoint,3660363ff392fea6,139098504434095,1,0,FINAL_PASS,9.462773633014876,9.094607586972415,0.03670783300185576,9.05789975397056,0.0,0.36816604604246095,0,0,0,268,268,0,1,354,0,0,0,0,1,0,268,1,0
test-782,endpoint,3660363ff392fea6,268215929643648,0,0,FINAL_PASS,15.304855847964063,14.444770856993273,0.037891098007094115,5.514244163001422,8.892635595984757,0.7767515059676953,0.08333348500309512,0,0,437,161,276,3,631,0,2,122,374,3,266,171,3,0
test-865,endpoint,3660363ff392fea6,89340786659060,1,0,FINAL_PASS,9.35398695699405,8.995801067969296,0.04638804594287649,8.94941302202642,0.0,0.3581858890247531,0,0,0,277,277,0,1,354,0,0,0,0,1,0,277,1,0
test-979,endpoint,3660363ff392fea6,227954302162361,0,1,EOS,45.375470682105515,44.26313651405508,0.039818855992052704,28.194787524000276,16.02853013406275,1.0267981480574235,0.08553601999301463,0,0,1299,815,484,2,1144,0,2,122,384,3,1033,266,2,0
test-239,endpoint,3660363ff392fea6,243793508670459,1,0,FINAL_PASS,9.062899679935072,8.68458570598159,0.04192802601028234,8.642657679971308,0.0,0.37831397395348176,0,0,0,261,261,0,1,366,0,0,0,0,1,0,261,1,0
test-169,endpoint,3660363ff392fea6,75473699943901,1,0,FINAL_PASS,9.019469955994282,8.675892136001494,0.056255289004184306,8.61963684699731,0.0,0.34357781999278814,0,0,0,252,252,0,1,292,0,0,0,0,1,0,252,1,0
test-150,endpoint,3660363ff392fea6,258623963815238,0,1,EOS,11.296237441943958,11.296237441943958,0.03687996795633808,11.25935747398762,0.0,0,0,0,0,306,306,0,0,0,0,0,0,0,1,0,306,0,0
test-959,endpoint,3660363ff392fea6,124697467528326,1,0,FINAL_PASS,22.16619579703547,21.27219430002151,0.042030266020447016,9.535884184006136,11.694279849994928,0.8347531650215387,0.0592483319924213,0,0,566,265,301,2,808,0,1,61,256,2,265,301,2,0
test-186,endpoint,3660363ff392fea6,74047272930412,1,0,FINAL_PASS,58.30419655202422,56.49632945196936,0.04516923998016864,19.515571157971863,36.93558905401733,1.6754910009913146,0.1323760990635492,0,0,1658,606,1052,3,2033,0,2,122,516,3,892,766,3,0
test-418,endpoint,3660363ff392fea6,33192084932259,1,0,FINAL_PASS,9.90071454201825,9.531307988974731,0.04174906900152564,9.489558919973206,0.0,0.3694065530435182,0,0,0,308,308,0,1,361,0,0,0,0,1,0,308,1,0
test-392,endpoint,3660363ff392fea6,273751283636852,0,1,EOS,43.30602163897129,41.48375428200234,0.03857336798682809,8.89431532798335,32.55086558603216,1.5855534960282966,0.23671386094065383,0,0,1214,267,947,5,1496,0,5,305,1030,6,1115,99,5,0
test-1006,endpoint,3660363ff392fea6,94209859691574,1,0,FINAL_PASS,19.173142466053832,18.084238990035374,0.04131145100109279,6.388320964004379,11.654606575029902,0.9863130239536986,0.10259045206476003,0,0,529,198,331,3,910,0,2,122,504,3,379,150,3,0
test-1156,endpoint,3660363ff392fea6,113250874078526,1,0,FINAL_PASS,10.439163048984483,10.072674117982388,0.040550114994402975,10.032124002987985,0.0,0.36648893100209534,0,0,0,302,302,0,1,365,0,0,0,0,1,0,302,1,0
test-161,endpoint,3660363ff392fea6,140543187034397,1,0,FINAL_PASS,8.644464447977953,8.274965099990368,0.039854789967648685,8.23511031002272,0.0,0.36949934798758477,0,0,0,255,255,0,1,337,0,0,0,0,1,0,255,1,0
test-686,endpoint,3660363ff392fea6,272287445298743,1,0,FINAL_PASS,6.434365519031417,6.136673810018692,0.03961097099818289,6.097062839020509,0.0,0.29769170901272446,0,0,0,164,164,0,1,243,0,0,0,0,1,0,164,1,0
test-80,endpoint,3660363ff392fea6,213785929864358,0,0,FINAL_PASS,7.687764191941824,7.407738801965024,0.030530432995874435,7.37720836896915,0.0,0.2800253899767995,0,0,0,213,213,0,1,255,0,0,0,0,1,0,213,1,0
test-1154,endpoint,3660363ff392fea6,8067022055308,1,0,FINAL_PASS,5.870897049026098,5.585071856039576,0.035456445009913296,5.549615411029663,0.0,0.28582519298652187,0,0,0,174,174,0,1,228,0,0,0,0,1,0,174,1,0
test-1206,endpoint,3660363ff392fea6,17383563844774,1,0,FINAL_PASS,10.590211242961232,10.166343584947754,0.039819651981815696,10.126523932965938,0.0,0.4238676580134779,0,0,0,309,309,0,1,387,0,0,0,0,1,0,309,1,0
test-984,endpoint,3660363ff392fea6,73996196214348,0,1,GEN_BUDGET,69.8096281682374,67.44232147809817,0.03448499203659594,23.957651578006335,43.450184908055235,2.124068067059852,0.24323862307937816,0,0,2048,728,1320,5,2363,0,5,305,1145,6,1866,182,5,0
test-365,endpoint,3660363ff392fea6,120746433241186,1,0,FINAL_PASS,6.046040747023653,5.763468637014739,0.03702543501276523,5.726443202001974,0.0,0.282572110008914,0,0,0,168,168,0,1,215,0,0,0,0,1,0,168,1,0
test-42,endpoint,3660363ff392fea6,280364261624947,1,0,FINAL_PASS,5.09190215804847,4.813982240040787,0.04272353003034368,4.771258710010443,0.0,0.277919918007683,0,0,0,138,138,0,1,242,0,0,0,0,1,0,138,1,0
test-208,endpoint,3660363ff392fea6,185082543511015,1,0,FINAL_PASS,5.410886311961804,5.131668998976238,0.04130929696839303,5.090359702007845,0.0,0.2792173129855655,0,0,0,157,157,0,1,240,0,0,0,0,1,0,157,1,0
test-247,endpoint,3660363ff392fea6,41643564244864,1,0,FINAL_PASS,18.86862011102494,17.877929886977654,0.03889108001021668,5.227706586010754,12.611332220956683,0.8947339330334216,0.09595629101386294,0,0,538,170,368,3,811,0,2,122,436,3,391,147,3,0
test-269,endpoint,3660363ff392fea6,176092494226593,1,0,FINAL_PASS,8.14519804698648,7.803945522988215,0.03138704999582842,7.772558472992387,0.0,0.3412525239982642,0,0,0,236,236,0,1,286,0,0,0,0,1,0,236,1,0
test-695,endpoint,3660363ff392fea6,188340668134382,1,0,FINAL_PASS,5.844004976039287,5.541514638985973,0.0634803039720282,5.478034335013945,0.0,0.30249033705331385,0,0,0,152,152,0,1,218,0,0,0,0,1,0,152,1,0
test-159,endpoint,3660363ff392fea6,112635979463477,0,0,FINAL_PASS,5.141912812076043,4.8536529640550725,0.03978073102189228,4.81387223303318,0.0,0.2882598480209708,0,0,0,148,148,0,1,224,0,0,0,0,1,0,148,1,0
test-1155,endpoint,3660363ff392fea6,111656876501345,1,0,FINAL_PASS,7.18921592499828,6.90346663701348,0.0388180409790948,6.864648596034385,0.0,0.2857492879847996,0,0,0,189,189,0,1,249,0,0,0,0,1,0,189,1,0
test-333,endpoint,3660363ff392fea6,62832118136914,1,0,FINAL_PASS,9.373298012011219,9.01276497298386,0.045993848994839936,8.96677112398902,0.0,0.36053303902735934,0,0,0,266,266,0,1,366,0,0,0,0,1,0,266,1,0
test-762,endpoint,3660363ff392fea6,60351821098166,1,0,FINAL_PASS,8.618379166990053,8.258292893995531,0.036652686016168445,8.221640207979362,0.0,0.360086272994522,0,0,0,255,255,0,1,339,0,0,0,0,1,0,255,1,0
test-1147,endpoint,3660363ff392fea6,128319338108407,1,0,FINAL_PASS,14.364473818044644,13.83117503701942,0.04203355801291764,13.789141479006503,0.0,0.5332987810252234,0,0,0,412,412,0,1,524,0,0,0,0,1,0,412,1,0
test-818,endpoint,3660363ff392fea6,252110786248962,1,0,FINAL_PASS,6.778671266976744,6.4433583679492585,0.04075270297471434,6.402605664974544,0.0,0.3353128990274854,0,0,0,203,203,0,1,278,0,0,0,0,1,0,203,1,0
test-645,endpoint,3660363ff392fea6,74085845277344,1,0,FINAL_PASS,5.091816003900021,4.8047592549119145,0.03487126395339146,4.769887990958523,0.0,0.28705674898810685,0,0,0,156,156,0,1,213,0,0,0,0,1,0,156,1,0
test-963,endpoint,3660363ff392fea6,158706570166616,0,1,EOS,24.416111146099865,23.774923521035817,0.03763178503140807,11.662719518993981,12.074572217010427,0.5424794400460087,0.09870818501804024,0,0,720,379,341,2,421,0,2,122,430,3,388,332,2,0
test-1149,k4,7bf883613b3ff02a,175062195501338,0,0,FINAL_PASS,3.213511338995886,3.0056972360034706,0.031328671000665054,2.9743685650028056,0.0,0.20780966299935244,0,4.439993062987924e-06,0,119,119,0,1,170,0,0,0,0,1,0,119,1,0
test-690,k4,7bf883613b3ff02a,90178879727765,1,0,FINAL_PASS,10.030591289978474,9.69817650099867,0.03461249399697408,9.663564007001696,0.0,0.33241136599099264,0,3.422988811507821e-06,0,379,379,0,1,462,0,0,0,0,1,0,379,1,0
test-823,k4,7bf883613b3ff02a,75033669639919,0,0,FINAL_PASS,5.758600417015259,5.4862759390089195,0.03317943100410048,5.453096508004819,0.0,0.27232181299768854,0,2.6650086510926485e-06,0,217,217,0,1,346,0,0,0,0,1,0,217,1,0
test-1110,k4,7bf883613b3ff02a,109784326867163,0,0,FINAL_UNCERTAIN,11.138801940964186,10.291737353982171,0.03211324199219234,3.9239469210006064,6.335677190989372,0.7841388870001538,0.06291631399653852,9.38598532229662e-06,0.061562884991872124,363,148,215,3,834,0,1,61,320,3,50,313,2,1
test-23,k4,7bf883613b3ff02a,227687225857993,1,0,FINAL_PASS,2.9513806129980367,2.7603591730003245,0.027814455999759957,2.7325447170005646,0.0,0.19101646800118033,0,4.971996531821787e-06,0,107,107,0,1,169,0,0,0,0,1,0,107,1,0
test-1249,k4,7bf883613b3ff02a,60115000362350,0,0,FINAL_PASS,14.512124047992984,13.843303825007752,0.03670151499682106,11.30174331201124,2.5048589979996905,0.6296074369893176,0.03920673999527935,6.046000635251403e-06,0,527,431,96,2,796,0,1,61,254,2,431,96,2,0
test-783,k4,7bf883613b3ff02a,247111168465598,0,1,BUDGET_VERIFIER,22.266431113006547,20.365793239994673,0.03310781299660448,5.390850252006203,14.941835174991866,1.6981532250065356,0.2024617959978059,2.285200753249228e-05,0.13579101300274488,748,211,537,6,1991,0,4,246,1171,6,578,170,0,6
test-857,k4,7bf883613b3ff02a,202676473093313,1,0,FINAL_PASS,4.944994435005356,4.694406139009516,0.03266150600393303,4.661744633005583,0.0,0.250584314999287,0,3.980996552854776e-06,0,182,182,0,1,293,0,0,0,0,1,0,182,1,0
test-489,k4,7bf883613b3ff02a,181996592728004,0,0,FINAL_PASS,3.877037696976913,3.665053179982351,0.032283839987940155,3.632769339994411,0.0,0.21198106800147798,0,3.4489930840209126e-06,0,135,135,0,1,213,0,0,0,0,1,0,135,1,0
test-916,k4,7bf883613b3ff02a,37141424002706,0,1,EOS,17.070681269018678,15.689483107009437,0.03285633299674373,3.3149521019950043,12.341674672017689,1.2859797730052378,0.095192147011403,2.6241992600262165e-05,0.20784883700252976,563,132,431,5,1410,0,2,122,601,6,290,273,0,5
test-263,k4,7bf883613b3ff02a,205308319351888,1,0,FINAL_PASS,4.984247719999985,4.775914729994838,0.03313427900138777,4.74278045099345,0.0,0.20832878700457513,0,4.203000571578741e-06,0,186,186,0,1,251,0,0,0,0,1,0,186,1,0
test-177,k4,7bf883613b3ff02a,152578421411585,1,0,FINAL_PASS,12.276726266019978,11.221909536019666,0.03268460600520484,11.189224930014461,0.0,1.0548070579970954,0,9.67200321611017e-06,0.1578436619893182,425,425,0,3,1318,0,0,0,0,3,0,425,1,2
test-1065,k4,7bf883613b3ff02a,24874407648227,0,0,FINAL_PASS,4.5244314320152625,4.3170637610019185,0.026474885002244264,4.290588875999674,0.0,0.20735717700154055,0,1.0494011803530157e-05,0,171,171,0,1,224,0,0,0,0,1,0,171,1,0
test-450,k4,7bf883613b3ff02a,77733182476499,0,1,BUDGET_VERIFIER,29.706881743011763,27.502688705018954,0.032130635998328216,8.9236164020258,18.546941666994826,1.9274674499902176,0.2767006190115353,2.4968991056084633e-05,0.05330348999996204,1000,348,652,6,2368,0,5,305,1564,6,834,166,2,4
test-273,k4,7bf883613b3ff02a,76127295584597,1,0,FINAL_PASS,13.351123233005637,12.479894185016747,0.03204968001227826,5.638735006999923,6.8091094980045455,0.8330792959895916,0.038134659989736974,1.5092009562067688e-05,0.07727476900618058,479,218,261,3,990,0,1,61,223,3,218,261,1,2
test-1131,k4,7bf883613b3ff02a,59021399873980,0,0,FINAL_PASS,12.241238025031635,11.316265211018617,0.03343223099363968,5.682810488011455,5.600022492013522,0.8440838110109325,0.08085594199656043,3.3061005524359643e-05,0.05354876500496175,420,220,200,4,801,0,2,122,418,4,321,99,2,2
test-888,k4,7bf883613b3ff02a,242271198346542,1,0,FINAL_PASS,5.083899129022029,4.673882449002122,0.029207482002675533,2.567161216007662,2.077513750991784,0.37704387100529857,0.032964458005153574,8.351009455509484e-06,0,177,96,81,2,283,0,1,61,174,2,96,81,2,0
test-675,k4,7bf883613b3ff02a,136765015546457,0,0,FINAL_UNCERTAIN,28.411930895978003,26.273100167993107,0.032671348002622835,10.772946785000386,15.467482034990098,1.991678148988285,0.14713354199193418,1.9037004676647484e-05,0.16853116899437737,908,413,495,5,2700,0,2,122,962,5,376,532,2,3
test-1025,k4,7bf883613b3ff02a,140410009008639,1,0,FINAL_PASS,13.477822253014892,12.547012232011184,0.03156768700864632,5.330267840996385,7.185176704006153,0.8553775070031406,0.07542023200949188,1.2281991075724363e-05,0.056958663000841625,452,206,246,4,777,0,2,122,374,4,315,137,2,2
test-902,k4,7bf883613b3ff02a,156240266800084,1,0,FINAL_PASS,5.486759419000009,5.072166282989201,0.028696481997030787,5.04346980099217,0.0,0.41458628000691533,0,6.856003892607987e-06,0.039483387998188846,197,197,0,2,404,0,0,0,0,2,0,197,1,1
test-494,k4,7bf883613b3ff02a,116869590389362,0,1,BUDGET_VERIFIER,41.17568235596991,39.154956088998006,0.032762122005806305,5.031451737988391,34.09074222900381,1.8325430729892105,0.18816224999318365,2.0943989511579275e-05,0.05345966000459157,1398,194,1204,6,2247,0,4,244,1109,6,1140,258,2,4
test-615,k4,7bf883613b3ff02a,83023885148897,1,0,FINAL_PASS,12.11841080096201,11.16689397598384,0.03318641899386421,7.077000968987704,4.056706588002271,0.8832240449846722,0.06828099599806592,1.1783995432779193e-05,0.053396321993204765,392,269,123,3,1021,0,1,61,397,3,100,292,2,1
test-423,k4,7bf883613b3ff02a,14501563574197,0,1,BUDGET_VERIFIER,33.019736169982934,31.123806487972615,0.037469192990101874,3.411635765005485,27.67470152997703,1.6962721450108802,0.1996366340026725,2.0902996766380966e-05,0.06510067799536046,1049,131,918,6,2120,0,5,305,1246,6,888,161,1,5
test-1097,k4,7bf883613b3ff02a,122072926224146,1,0,FINAL_PASS,13.417965470973286,12.523511591993156,0.0329795880097663,4.415641476996825,8.074890526986565,0.774280050987727,0.12016042998584453,1.3398006558418274e-05,0,413,173,240,4,708,0,3,183,591,4,269,144,4,0
test-473,k4,7bf883613b3ff02a,9875382816052,0,0,FINAL_PASS,7.509399494039826,6.859740691026673,0.025476708004134707,3.058017811010359,3.776246172012179,0.5769232400052715,0.07272007600113284,1.5487006749026477e-05,0,266,119,147,3,442,0,2,122,360,3,258,8,2,1
test-660,k4,7bf883613b3ff02a,146005100533136,1,0,FINAL_PASS,6.411008467985084,5.949112357993727,0.029625590002979152,5.9194867679907475,0.0,0.4618913720041746,0,4.73798718303442e-06,0.049415408007916994,229,229,0,2,471,0,0,0,0,2,0,229,1,1
test-975,k4,7bf883613b3ff02a,21183761588695,1,0,FINAL_UNCERTAIN,18.77321063996351,17.46072012098739,0.028289784997468814,8.6252774290042,8.80715290698572,1.2560839979851153,0.05638936799368821,1.7152997315861285e-05,0.142035943994415,604,333,271,4,1566,0,1,61,353,4,168,436,1,3
test-1222,k4,7bf883613b3ff02a,217746335546720,1,0,FINAL_PASS,4.113785193985677,3.905344849001267,0.027335956998285837,3.878008892002981,0.0,0.20843753399094567,0,2.8109934646636248e-06,0,152,152,0,1,219,0,0,0,0,1,0,152,1,0
test-580,k4,7bf883613b3ff02a,11452919407212,0,1,EOS,13.622288053986267,13.015231393001159,0.03202248200250324,12.983208910998655,0.0,0.6070446429948788,0,1.2017990229651332e-05,0.1474108700058423,483,483,0,2,741,0,0,0,0,3,0,483,0,2
test-1023,k4,7bf883613b3ff02a,106092607638258,1,0,FINAL_PASS,10.644869833020493,10.33010820200434,0.027682286003255285,10.302425916001084,0.0,0.31475909700384364,0,2.53401231020689e-06,0,331,331,0,1,387,0,0,0,0,1,0,331,1,0
test-525,k4,7bf883613b3ff02a,91589669513901,0,1,EOS,25.882819217047654,24.956863738014363,0.05885687800764572,5.794495971000288,19.10351088900643,0.8150087220128626,0.1109235399926547,2.3217027774080634e-05,0.06254776800051332,769,173,596,3,933,0,2,122,666,4,341,428,1,2
test-1177,k4,7bf883613b3ff02a,144960077834677,1,0,FINAL_PASS,8.270891104009934,7.748998551003751,0.029034421997494064,7.719964129006257,0.0,0.521885887006647,0,6.665999535471201e-06,0.053436062997207046,256,256,0,2,577,0,0,0,0,2,0,256,1,1
test-576,k4,7bf883613b3ff02a,139176047841287,1,0,FINAL_PASS,11.377577524006483,10.745996634999756,0.03772314000525512,10.7082734949945,0.0,0.6315747290063882,0,6.160000339150429e-06,0.07582882199494634,366,366,0,2,847,0,0,0,0,2,0,366,1,1
test-901,k4,7bf883613b3ff02a,233255700683307,0,1,BUDGET_VERIFIER,33.67487617400184,31.992018492994248,0.044486764003522694,5.805883352004457,26.141648376986268,1.490385338998749,0.19244722099392675,2.512101491447538e-05,0,1118,220,898,6,1683,0,6,366,1095,6,1118,0,2,4
test-589,k4,7bf883613b3ff02a,99145297913986,0,1,BUDGET_VERIFIER,35.30202225004905,33.65450794901699,0.03405324200866744,6.476378282997757,27.144076424010564,1.4476087860093685,0.19987797901558224,2.753600711002946e-05,0,1104,179,925,6,1610,0,6,366,1040,6,1104,0,5,1
test-420,k4,7bf883613b3ff02a,80475944070362,0,1,EOS,7.6287099460023455,7.628704934002599,0.037614518994814716,7.591090415007784,0.0,0,0,5.011999746784568e-06,0,190,190,0,0,0,0,0,0,0,1,0,190,0,0
test-1170,k4,7bf883613b3ff02a,226793051376344,1,0,FINAL_PASS,12.36606637701334,11.58266090899997,0.03414330699888524,5.492448525998043,6.056069076003041,0.7461288590129698,0.037263128004269674,1.348099613096565e-05,0.06110981600068044,400,191,209,3,752,0,1,61,211,3,191,209,2,1
test-13,k4,7bf883613b3ff02a,67610854313031,0,1,EOS,15.953291735015227,15.684856995008886,0.07837248900614213,15.606484506002744,0.0,0.26842259500699583,0,1.2144999345764518e-05,0.06609019399911631,514,514,0,1,323,0,0,0,0,2,0,514,0,1
test-453,k4,7bf883613b3ff02a,15946598711393,0,1,BUDGET_VERIFIER,26.825300710013835,25.041184645029716,0.032062705999123864,8.321675769009744,16.68744617002085,1.5411085479863686,0.24298557399015408,2.1943007595837116e-05,0.05644463600765448,784,272,512,6,1796,0,5,305,1413,6,638,146,5,1
test-317,k4,7bf883613b3ff02a,123686364182229,1,0,FINAL_PASS,3.1533782379847253,2.9652446399995824,0.031141924002440646,2.934102715997142,0.0,0.18813000498630572,0,3.592998837120831e-06,0,99,99,0,1,159,0,0,0,0,1,0,99,1,0
test-191,k4,7bf883613b3ff02a,31989528202345,1,0,FINAL_PASS,18.11673655094637,16.82305026196991,0.03573721200518776,3.717039520997787,13.070273528966936,1.0952265129890293,0.19837790000019595,8.187598723452538e-05,0,558,124,434,6,900,0,5,305,895,6,388,170,6,0
test-927,k4,7bf883613b3ff02a,271079722217939,1,0,FINAL_PASS,8.094685885007493,7.825396070009447,0.035316897003212944,7.790079173006234,0.0,0.2692867169971578,0,3.098000888712704e-06,0,245,245,0,1,339,0,0,0,0,1,0,245,1,0
test-638,k4,7bf883613b3ff02a,45658074581496,1,0,FINAL_PASS,10.862842974980595,10.366104118002113,0.03339553700061515,3.384606015999452,6.948102565002046,0.4589275319885928,0.037796327989781275,1.499700010754168e-05,0,329,123,206,2,441,0,1,61,181,2,123,206,2,0
test-1099,k4,7bf883613b3ff02a,173090932736265,1,0,FINAL_PASS,6.732652756007155,6.462421304997406,0.031764988001668826,6.430656316995737,0.0,0.2702288319997024,0,2.619010047055781e-06,0,235,235,0,1,327,0,0,0,0,1,0,235,1,0
test-996,k4,7bf883613b3ff02a,222855132888558,0,1,EOS,16.342184279987123,16.073298703995533,0.03219900399562903,16.041099699999904,0.0,0.2688784219935769,0,7.153998012654483e-06,0.07439415500266477,440,440,0,1,322,0,0,0,0,2,0,440,0,1
test-918,k4,7bf883613b3ff02a,195660965946638,1,0,FINAL_PASS,12.530429622027441,12.019103545011603,0.03476780100027099,7.095110952010145,4.889224792001187,0.4726000880036736,0.03871914900082629,6.840011337772012e-06,0,348,207,141,2,471,0,1,61,188,2,207,141,2,0
test-135,k4,7bf883613b3ff02a,247256422018131,1,0,FINAL_PASS,15.449647371991887,14.537939479996567,0.031470678994082846,5.643657309003174,8.86281149199931,0.7891245780047029,0.12257052600034513,1.2787990272045135e-05,0,431,161,270,4,693,0,3,183,567,4,351,80,3,1
test-82,k4,7bf883613b3ff02a,155479135745903,1,0,FINAL_PASS,6.8431544710038,6.465754753007786,0.053099020005902275,6.412655733001884,0.0,0.37737795599969104,0,2.176199632231146e-05,0.04244661799748428,209,209,0,2,335,0,0,0,0,2,0,209,1,1
test-1264,k4,7bf883613b3ff02a,90021893811283,0,1,EOS,14.69880358298542,14.698800106998533,0.03986559600161854,14.658934510996914,0.0,0,0,3.475986886769533e-06,0,461,461,0,0,0,0,0,0,0,1,0,461,0,0
test-717,k4,7bf883613b3ff02a,245443194088912,1,0,FINAL_PASS,10.292796255016583,10.023250423007994,0.027334477999829687,9.995915945008164,0.0,0.26954246300738305,0,3.36900120601058e-06,0,290,290,0,1,348,0,0,0,0,1,0,290,1,0
test-1248,k4,7bf883613b3ff02a,234992318843252,0,1,EOS,22.74597041097877,22.0274652629887,0.04689918499207124,11.443035455988138,10.53753062200849,0.6226151279988699,0.09587667000596412,1.3349985238164663e-05,0,651,315,336,2,785,0,2,122,510,3,515,136,2,0
test-398,k4,7bf883613b3ff02a,245270530255561,1,0,FINAL_PASS,5.918095762986923,5.666897097995388,0.03261268998903688,5.634284408006351,0.0,0.2511949489999097,0,3.7159916246309876e-06,0,212,212,0,1,291,0,0,0,0,1,0,212,1,0
test-947,k4,7bf883613b3ff02a,24456137202015,1,0,FINAL_PASS,3.6157372929883422,3.4069213999900967,0.03217731999757234,3.3747440799925243,0.0,0.20881283799826633,0,3.05499997921288e-06,0,125,125,0,1,202,0,0,0,0,1,0,125,1,0
test-179,k4,7bf883613b3ff02a,155114583373711,1,0,FINAL_PASS,5.072480033006286,4.863623773009749,0.026986473007127643,4.8366373000026215,0.0,0.20885309600271285,0,3.163993824273348e-06,0,180,180,0,1,241,0,0,0,0,1,0,180,1,0
test-480,k4,7bf883613b3ff02a,21195651760396,1,0,FINAL_PASS,5.034478447007132,4.824998330004746,0.03157134199864231,4.793426988006104,0.0,0.20947720399999525,0,2.9130023904144764e-06,0,178,178,0,1,245,0,0,0,0,1,0,178,1,0
test-752,k4,7bf883613b3ff02a,66771579162585,0,1,BUDGET_VERIFIER,21.26797802602232,19.898703020997345,0.030463808012427762,4.156996342993807,15.71124286999111,1.160090143996058,0.20916555702569894,1.930400321725756e-05,0,678,148,530,6,1013,0,6,366,895,6,678,0,5,1
test-830,k4,7bf883613b3ff02a,275008139936302,0,0,FINAL_PASS,9.496248751005623,9.225050748995272,0.035604357995907776,9.189446390999365,0.0,0.27119468100136146,0,3.321008989587426e-06,0,249,249,0,1,336,0,0,0,0,1,0,249,1,0
test-796,k4,7bf883613b3ff02a,130429571169423,0,1,BUDGET_VERIFIER,29.711663854977814,28.12057485000696,0.041904721001628786,7.2629490200051805,20.81572110900015,1.4153209070063895,0.17574755096575245,2.05469987122342e-05,0.049876116987434216,922,221,701,6,1576,0,5,305,975,6,832,90,5,1
test-210,k4,7bf883613b3ff02a,168671987400231,0,0,FINAL_PASS,12.109751878029783,11.477918592019705,0.03818583600514103,11.439732756014564,0.0,0.6318266840098659,0,6.6020002122968435e-06,0.06954249300179072,373,373,0,2,831,0,0,0,0,2,0,373,1,1
test-983,k4,7bf883613b3ff02a,203074223232137,1,0,FINAL_PASS,4.299359920012648,4.090427871997235,0.031445857996004634,4.058982014001231,0.0,0.2089268150011776,0,5.233014235273004e-06,0,159,159,0,1,200,0,0,0,0,1,0,159,1,0
test-152,k4,7bf883613b3ff02a,478378024564,1,0,FINAL_PASS,8.573637290013721,8.098645331992884,0.02711603499483317,3.5465880109986756,4.524941285999375,0.43747857499693055,0.03750700301316101,6.380010745488107e-06,0,283,141,142,2,401,0,1,61,184,2,141,142,2,0
test-51,k4,7bf883613b3ff02a,257271334165606,1,0,FINAL_PASS,19.41812198102707,18.11445351400471,0.03156791899527889,6.586822925994056,11.496062669015373,1.1719576150062494,0.13168832700466737,2.252501144539565e-05,0.05854495499806944,631,258,373,5,1193,0,3,183,759,5,428,203,3,2
test-75,k4,7bf883613b3ff02a,146338900575398,0,1,BUDGET_VERIFIER,24.181845411032555,22.683749612027896,0.03371657100797165,4.799180533009348,17.850852508010576,1.2947653349983739,0.20330651999393012,2.3944012355059385e-05,0,789,187,602,6,1284,0,6,366,1045,6,789,0,1,5
test-270,k4,7bf883613b3ff02a,131959146081845,1,0,FINAL_PASS,6.883468346990412,6.614592260011705,0.03261322699836455,6.58197903301334,0.0,0.2688729959918419,0,3.0909868655726314e-06,0,253,253,0,1,349,0,0,0,0,1,0,253,1,0
test-518,k4,7bf883613b3ff02a,178257099039207,1,0,FINAL_PASS,9.085158273999696,8.467937626992352,0.03434923199529294,8.43358839499706,0.0,0.6172140880080406,0,6.5589993027970195e-06,0.07245390000753105,319,319,0,2,745,0,0,0,0,2,0,319,1,1
test-788,k4,7bf883613b3ff02a,241749629633689,1,0,FINAL_PASS,2.6962262009910773,2.5083350019995123,0.03232052200473845,2.476014479994774,0.0,0.18788846000097692,0,2.7389905881136656e-06,0,96,96,0,1,169,0,0,0,0,1,0,96,1,0
test-903,k4,7bf883613b3ff02a,263556652544184,1,0,FINAL_PASS,13.963255584982107,13.196319609996863,0.039734261998091824,13.15658534799877,0.0,0.7669257980014663,0,1.0176983778364956e-05,0.09126404800917953,481,481,0,2,1011,0,0,0,0,2,0,481,1,1
test-1236,k4,7bf883613b3ff02a,139098504434095,1,0,FINAL_PASS,7.379021718996228,7.109205598986591,0.03256651799893007,7.076639080987661,0.0,0.2698109979974106,0,5.122012225911021e-06,0,268,268,0,1,354,0,0,0,0,1,0,268,1,0
test-782,k4,7bf883613b3ff02a,268215929643648,0,0,FINAL_PASS,13.628516176977428,12.912594769979478,0.02684846099873539,4.177585241995985,8.708161066984758,0.6416152710153256,0.07429142598994076,1.4709992683492601e-05,0,437,161,276,3,631,0,2,122,374,3,266,171,3,0
test-865,k4,7bf883613b3ff02a,89340786659060,1,0,FINAL_PASS,7.421040797999012,7.151450121993548,0.03222851100144908,7.119221610992099,0.0,0.2695866440044483,0,4.032001015730202e-06,0,277,277,0,1,354,0,0,0,0,1,0,277,1,0
test-979,k4,7bf883613b3ff02a,227954302162361,0,1,BUDGET_VERIFIER,26.286190596030792,24.68833690401516,0.032164176998776384,8.768946456999402,15.887226270016981,1.4166260700003477,0.18120378199091647,2.3840024368837476e-05,0.05199039800208993,907,353,554,6,1517,0,4,244,1048,6,710,197,2,4
test-239,k4,7bf883613b3ff02a,243793508670459,1,0,FINAL_PASS,6.636698919988703,6.368547760997899,0.03344072599429637,6.3351070350036025,0.0,0.26814822299638763,0,2.935994416475296e-06,0,261,261,0,1,366,0,0,0,0,1,0,261,1,0
test-169,k4,7bf883613b3ff02a,75473699943901,1,0,FINAL_PASS,7.395728579969727,6.9274829939968185,0.027421300997957587,6.900061692998861,0.0,0.46823771997878794,0,7.865994120948017e-06,0.053277781000360847,252,252,0,2,484,0,0,0,0,2,0,252,1,1
test-150,k4,7bf883613b3ff02a,258623963815238,0,1,BUDGET_VERIFIER,36.41874841300887,34.74084945299546,0.0329052379966015,5.3776530909963185,29.330291124002542,1.4769451470201602,0.2009317460033344,2.2066989913582802e-05,0,1117,222,895,6,1763,0,6,366,1180,6,1117,0,2,4
test-959,k4,7bf883613b3ff02a,124697467528326,1,0,FINAL_PASS,14.967627087971778,13.835357886971906,0.036945566986105405,6.447629458998563,7.350782860987238,1.091037078993395,0.04121513800055254,1.698400592431426e-05,0.12296650600910652,513,265,248,4,1243,0,1,61,256,4,265,248,2,2
test-186,k4,7bf883613b3ff02a,74047272930412,0,1,BUDGET_VERIFIER,25.29705406803987,23.427213183997083,0.037809051005751826,7.388849269991624,16.000554862999707,1.6166903950215783,0.25312352400214877,2.69650190602988e-05,0.062222451000707224,833,287,546,6,1844,0,5,305,1431,6,761,72,0,6
test-418,k4,7bf883613b3ff02a,33192084932259,1,0,FINAL_PASS,9.13327916599519,8.633495254005538,0.03218764600751456,8.601307607998024,0.0,0.49977651399967726,0,7.39798997528851e-06,0.05587341000500601,308,308,0,2,595,0,0,0,0,2,0,308,1,1
test-392,k4,7bf883613b3ff02a,273751283636852,0,1,EOS,16.210842003973085,15.465881577998516,0.03209033599705435,3.830686531000538,11.603104711000924,0.6645812039932935,0.08036367400200106,1.5547979273833334e-05,0.053722581986221485,520,147,373,3,686,0,2,122,412,4,326,194,0,3
test-1006,k4,7bf883613b3ff02a,94209859691574,1,0,FINAL_PASS,16.38098833798722,15.478675983991707,0.03251107099640649,5.1794636309932685,10.266701282002032,0.8155731389997527,0.08672810200368986,1.1112992069683969e-05,0,529,198,331,3,910,0,2,122,504,3,379,150,3,0
test-1156,k4,7bf883613b3ff02a,113250874078526,1,0,FINAL_PASS,9.509136147011304,9.008810548999463,0.032086246996186674,8.976724302003277,0.0,0.5003196489997208,0,5.949012120254338e-06,0.05215859798772726,312,312,0,2,597,0,0,0,0,2,0,312,1,1
test-161,k4,7bf883613b3ff02a,140543187034397,1,0,FINAL_PASS,7.506914341007359,6.96705951000331,0.034326572000281885,6.932732938003028,0.0,0.5398475830006646,0,7.248003385029733e-06,0.058943105992511846,255,255,0,2,616,0,0,0,0,2,0,255,1,1
test-686,k4,7bf883613b3ff02a,272287445298743,1,0,FINAL_PASS,4.545205436996184,4.335036981996382,0.03180491000239272,4.303232071993989,0.0,0.2101653179997811,0,3.1370000215247273e-06,0,164,164,0,1,243,0,0,0,0,1,0,164,1,0
test-80,k4,7bf883613b3ff02a,213785929864358,0,0,FINAL_PASS,5.873782346985536,5.665993101996719,0.028702477997285314,5.637290623999434,0.0,0.20778642199002206,0,2.8229987947270274e-06,0,213,213,0,1,255,0,0,0,0,1,0,213,1,0
test-1154,k4,7bf883613b3ff02a,8067022055308,1,0,FINAL_PASS,4.843622530985158,4.633935736987041,0.027023506991099566,4.606912229995942,0.0,0.20968352300405968,0,3.2709940569475293e-06,0,174,174,0,1,228,0,0,0,0,1,0,174,1,0
test-1206,k4,7bf883613b3ff02a,17383563844774,1,0,FINAL_PASS,9.184022946021287,8.592625179007882,0.0317696900019655,8.560855489005917,0.0,0.5913920280145248,0,5.738998879678547e-06,0.0570346820022678,308,308,0,2,688,0,0,0,0,2,0,308,1,1
test-984,k4,7bf883613b3ff02a,73996196214348,0,1,BUDGET_VERIFIER,38.65404987295915,36.728794663984445,0.03338666999479756,19.284391918990877,17.41101607499877,1.7201124419807456,0.20510923498659395,3.353200736455619e-05,0.05526272200222593,1328,728,600,6,2140,0,5,305,1083,6,1222,106,4,2
test-365,k4,7bf883613b3ff02a,120746433241186,1,0,FINAL_PASS,4.83053284601192,4.624106181014213,0.02700658301182557,4.597099598002387,0.0,0.20642343099461868,0,3.2340030884370208e-06,0,168,168,0,1,215,0,0,0,0,1,0,168,1,0
test-42,k4,7bf883613b3ff02a,280364261624947,1,0,FINAL_PASS,3.8771390239999164,3.668664519005688,0.03440156500437297,3.634262954001315,0.0,0.2084711560019059,0,3.3489923225715756e-06,0,138,138,0,1,242,0,0,0,0,1,0,138,1,0
test-208,k4,7bf883613b3ff02a,185082543511015,1,0,FINAL_PASS,4.392502325004898,4.184373017997132,0.032369314998504706,4.152003702998627,0.0,0.2081253850046778,0,3.922003088518977e-06,0,157,157,0,1,240,0,0,0,0,1,0,157,1,0
test-247,k4,7bf883613b3ff02a,41643564244864,1,0,FINAL_PASS,17.036715883994475,16.00319793098606,0.03250227299577091,4.511718151989044,11.458977506001247,0.9514167470042594,0.08208267499867361,1.8531005480326712e-05,0.05454777099657804,538,170,368,4,1026,0,2,122,436,4,391,147,3,1
test-269,k4,7bf883613b3ff02a,176092494226593,1,0,FINAL_PASS,7.233149314997718,6.75496256101178,0.030518867992213927,6.724443693019566,0.0,0.47817797798779793,0,8.775998139753938e-06,0.05683884900645353,232,232,0,2,495,0,0,0,0,2,0,232,1,1
test-695,k4,7bf883613b3ff02a,188340668134382,1,0,FINAL_PASS,4.2737980489910115,4.06697838800028,0.029965705994982272,4.037012682005297,0.0,0.2068168859987054,0,2.774992026388645e-06,0,152,152,0,1,218,0,0,0,0,1,0,152,1,0
test-159,k4,7bf883613b3ff02a,112635979463477,0,0,FINAL_PASS,4.053537530984613,3.8445569389878074,0.032118611998157576,3.81243832698965,0.0,0.2089763660042081,0,4.225992597639561e-06,0,148,148,0,1,224,0,0,0,0,1,0,148,1,0
test-1155,k4,7bf883613b3ff02a,111656876501345,1,0,FINAL_PASS,5.155575869008317,4.946079175002524,0.025973131007049233,4.9201060439954745,0.0,0.20949340400693472,0,3.2899988582357764e-06,0,189,189,0,1,249,0,0,0,0,1,0,189,1,0
test-333,k4,7bf883613b3ff02a,62832118136914,1,0,FINAL_PASS,7.1311774300120305,6.859485613997094,0.03206503399997018,6.827420579997124,0.0,0.27168880100362003,0,3.015011316165328e-06,0,266,266,0,1,366,0,0,0,0,1,0,266,1,0
test-762,k4,7bf883613b3ff02a,60351821098166,1,0,FINAL_PASS,6.986475679004798,6.718221015005838,0.03702795199933462,6.6811930630065035,0.0,0.26825161700253375,0,3.0469964258372784e-06,0,255,255,0,1,339,0,0,0,0,1,0,255,1,0
test-1147,k4,7bf883613b3ff02a,128319338108407,1,0,FINAL_PASS,11.117830747985863,10.726663770983578,0.03386506398965139,10.692798706993926,0.0,0.391164219006896,0,2.7579953894019127e-06,0,412,412,0,1,524,0,0,0,0,1,0,412,1,0
test-818,k4,7bf883613b3ff02a,252110786248962,1,0,FINAL_PASS,6.364313250989653,6.115119745998527,0.03193087800173089,6.083188867996796,0.0,0.2491903589980211,0,3.145993105135858e-06,0,203,203,0,1,278,0,0,0,0,1,0,203,1,0
test-645,k4,7bf883613b3ff02a,74085845277344,1,0,FINAL_PASS,4.881478896990302,4.675383116991725,0.030187642987584695,4.64519547400414,0.0,0.20609206600056496,0,3.7139980122447014e-06,0,156,156,0,1,213,0,0,0,0,1,0,156,1,0
test-963,k4,7bf883613b3ff02a,158706570166616,0,1,EOS,23.199191171996063,22.69858105799358,0.03842748000170104,11.743790093998541,10.916363483993337,0.41671744600171223,0.08388242300134152,1.0244999430142343e-05,0,720,379,341,2,421,0,2,122,430,3,388,332,2,0
test-1149,random,7bf883613b3ff02a,175062195501338,0,0,FINAL_PASS,3.8472405439970316,3.659637978998944,0.029054910992272198,3.630583068006672,0.0,0.1874368490098277,0,0.00016571598825976253,0,119,119,0,1,170,0,0,0,0,1,0,119,1,0
test-690,random,7bf883613b3ff02a,90178879727765,1,0,FINAL_PASS,12.459994188000564,12.132007344000158,0.034656880001421086,12.097350463998737,0.0,0.3279102890082868,0,7.655499211978167e-05,0,379,379,0,1,462,0,0,0,0,1,0,379,1,0
test-823,random,7bf883613b3ff02a,75033669639919,0,0,FINAL_PASS,6.355473032002919,6.086135366000235,0.04153849100111984,6.044596874999115,0.0,0.2692579470021883,0,7.971900049597025e-05,0,217,217,0,1,346,0,0,0,0,1,0,217,1,0
test-1110,random,7bf883613b3ff02a,109784326867163,0,1,BUDGET_VERIFIER,39.42611374000262,37.59884473102284,0.03291460299806204,5.145721991008031,32.42020813701674,1.6685158079926623,0.1582300839945674,0.000523116992553696,0.03768242300429847,1275,168,1107,6,1976,0,5,305,996,6,1248,27,3,3
test-23,random,7bf883613b3ff02a,227687225857993,1,0,FINAL_PASS,3.160192083014408,2.972130164009286,0.03271181399759371,2.9394183500116924,0.0,0.1879533790051937,0,0.00010853999992832541,0,107,107,0,1,169,0,0,0,0,1,0,107,1,0
test-1249,random,7bf883613b3ff02a,60115000362350,0,0,FINAL_PASS,15.982013899003505,15.313926319999155,0.03716284800611902,12.166473128003418,3.110290343989618,0.623915821997798,0.04405253799632192,0.0001192190102301538,0,527,431,96,2,796,0,1,61,254,2,431,96,2,0
test-783,random,7bf883613b3ff02a,247111168465598,0,1,BUDGET_VERIFIER,49.46038081993174,47.28486279398203,0.032809766998980194,8.754154802998528,38.49789822398452,2.028622021971387,0.14619022300757933,0.0007057809707475826,0.10185975400963798,1789,310,1479,6,2651,0,3,183,962,6,1692,97,0,6
test-857,random,7bf883613b3ff02a,202676473093313,1,0,FINAL_PASS,5.368679772000178,5.1179608030070085,0.0334947690134868,5.084466033993522,0.0,0.2506499719893327,0,6.899700383655727e-05,0,182,182,0,1,293,0,0,0,0,1,0,182,1,0
test-489,random,7bf883613b3ff02a,181996592728004,0,0,FINAL_PASS,3.9741739009914454,3.7659610949922353,0.03245737300312612,3.733503721989109,0.0,0.20815337999374606,0,5.9426005464047194e-05,0,135,135,0,1,213,0,0,0,0,1,0,135,1,0
test-916,random,7bf883613b3ff02a,37141424002706,1,0,FINAL_PASS,20.952539670994156,19.626946684991708,0.03257288099848665,6.175213120004628,13.419160683988594,1.1753956290194765,0.14989502698881552,0.00030232999415602535,0.03975147599703632,680,204,476,5,1281,0,3,183,789,5,460,220,1,4
test-263,random,7bf883613b3ff02a,205308319351888,1,0,FINAL_PASS,5.72775499697309,5.294367593989591,0.035163611988537014,5.259203982001054,0.0,0.43322473198350053,0,0.00016267099999822676,0.055143097997643054,186,186,0,2,452,0,0,0,0,2,0,186,1,1
test-177,random,7bf883613b3ff02a,152578421411585,1,0,FINAL_PASS,12.700870251981542,11.335424739998416,0.03311990799556952,11.302304832002847,0.0,1.3651736929896288,0,0.00027181899349670857,0.23238485398178454,425,425,0,4,1747,0,0,0,0,4,0,425,1,3
test-1065,random,7bf883613b3ff02a,24874407648227,0,0,FINAL_PASS,4.391821646000608,4.181076478998875,0.02919491200009361,4.151881566998782,0.0,0.21057081200706307,0,0.00017435499466955662,0,171,171,0,1,224,0,0,0,0,1,0,171,1,0
test-450,random,7bf883613b3ff02a,77733182476499,1,0,FINAL_PASS,14.063798164002947,12.927316711997264,0.033273195003857836,6.948061734001385,5.945981782992021,1.0705269370082533,0.06571253499714658,0.00024198000028263777,0.09461420000297949,453,232,221,4,1199,0,1,61,388,4,69,384,1,3
test-273,random,7bf883613b3ff02a,76127295584597,0,1,BUDGET_VERIFIER,24.634526665962767,22.91956471998128,0.032816837992868386,10.304513283001143,12.58223459898727,1.5608878619823372,0.15364457899704576,0.0004295050021028146,0.0969948080019094,779,343,436,6,1779,0,3,183,843,6,581,198,1,5
test-1131,random,7bf883613b3ff02a,59021399873980,0,0,FINAL_PASS,13.107191785005853,12.195494530024007,0.032413799010100774,5.339838257001247,6.823242474012659,0.8293219009938184,0.08208438698784448,0.00029096700018271804,0.038723753998056054,451,220,231,4,802,0,2,122,418,4,321,130,2,2
test-888,random,7bf883613b3ff02a,242271198346542,1,0,FINAL_PASS,4.00001382798655,3.6124449589988217,0.025418039003852755,0.5484715799975675,3.0385553399974015,0.35113817699311767,0.036294281992013566,0.00013641000259667635,0,119,24,95,2,222,0,1,61,174,2,24,95,1,1
test-675,random,7bf883613b3ff02a,136765015546457,0,0,FINAL_PASS,22.38203557401721,20.293146108015208,0.03260335400409531,9.310283516009804,10.950259238001308,1.8234411510056816,0.2650245750119211,0.00042373998439870775,0.071047274992452,740,361,379,5,2414,0,3,183,1563,5,398,342,2,3
test-1025,random,7bf883613b3ff02a,140410009008639,0,1,BUDGET_VERIFIER,19.187101441959385,17.725771506986348,0.02886448499339167,3.5400520309922285,14.156854991000728,1.3310178550018463,0.12988776901329402,0.0004243109578965232,0.11496373898989987,651,148,503,6,1379,0,3,183,714,6,387,264,2,4
test-902,random,7bf883613b3ff02a,156240266800084,1,0,FINAL_PASS,5.336615169013385,5.125391398003558,0.02623539400519803,5.09915600399836,0.0,0.2111494480050169,0,7.432300481013954e-05,0,197,197,0,1,248,0,0,0,0,1,0,197,1,0
test-494,random,7bf883613b3ff02a,116869590389362,0,1,BUDGET_VERIFIER,27.37536096201802,25.34873666103522,0.03709480400721077,16.612269869001466,8.699371988026542,1.802861035001115,0.22334817198861856,0.00041509399306960404,0.05545344699930865,846,554,292,6,2220,0,4,244,1532,6,652,194,4,2
test-615,random,7bf883613b3ff02a,83023885148897,1,0,FINAL_PASS,9.575820151003427,8.581647904007696,0.03308187299990095,8.548566031007795,0.0,0.9935947840131121,0,0.0005774629826191813,0.15439731799415313,304,304,0,4,1032,0,0,0,0,4,0,304,1,3
test-423,random,7bf883613b3ff02a,14501563574197,0,1,BUDGET_VERIFIER,38.06236443298985,36.1410213419731,0.03743411299365107,1.766801117992145,34.336786110987305,1.7372137009951985,0.18350813201686833,0.0006212580046849325,0.05202376398665365,1265,69,1196,6,2102,0,5,305,1142,6,1208,57,2,4
test-1097,random,7bf883613b3ff02a,122072926224146,1,0,FINAL_PASS,12.443871918032528,11.201671523027471,0.034564372996101156,4.431931893006549,6.735175257024821,1.1212960170087172,0.12041036000300664,0.0004940179933328182,0.08750686199346092,413,173,240,6,1002,0,3,183,591,6,269,144,4,2
test-473,random,7bf883613b3ff02a,9875382816052,1,0,FINAL_PASS,4.091104196981178,3.568898897996405,0.026973836997058243,3.541925060999347,0.0,0.5220264059898909,0,0.0001788929948816076,0.08098108098783996,119,119,0,3,382,0,0,0,0,3,0,119,1,2
test-660,random,7bf883613b3ff02a,146005100533136,1,0,FINAL_PASS,8.255308227002388,7.396541298003285,0.029065773996990174,7.367475524006295,0.0,0.8585120670031756,0,0.00025486199592705816,0.14840215200092643,238,238,0,4,843,0,0,0,0,4,0,238,1,3
test-975,random,7bf883613b3ff02a,21183761588695,0,1,EOS,9.408469121990493,9.219495102006476,0.03010249399812892,9.189392608008347,0.0,0.1888513099984266,0,0.00012270998558960855,0.04116748100204859,299,299,0,1,158,0,0,0,0,2,0,299,0,1
test-1222,random,7bf883613b3ff02a,217746335546720,1,0,FINAL_PASS,6.9114811530162115,6.215010593994521,0.027379474995541386,4.29146136000054,1.8961697589984396,0.6436742220103042,0.05251775299257133,0.0002785840188153088,0.041120948997559026,214,153,61,3,613,0,1,61,286,3,56,158,2,1
test-580,random,7bf883613b3ff02a,11452919407212,0,1,EOS,15.315029572986532,14.494110111001646,0.03151479001098778,14.462595320990658,0.0,0.8206399099872215,0,0.00027955199766438454,0.18533827702049166,483,483,0,3,898,0,0,0,0,4,0,483,0,3
test-1023,random,7bf883613b3ff02a,106092607638258,1,0,FINAL_PASS,9.66148638499726,9.068474530999083,0.027349957992555574,9.041124573006527,0.0,0.592866396997124,0,0.00014545700105372816,0.059412710994365625,331,331,0,2,681,0,0,0,0,2,0,331,1,1
test-525,random,7bf883613b3ff02a,91589669513901,0,1,EOS,18.03626277500007,17.107417971012183,0.03380001500772778,4.3539337380061625,12.719684217998292,0.8154972169868415,0.11310916200454812,0.0002384249964961782,0.05561608599964529,616,165,451,3,901,0,2,122,712,4,210,406,2,1
test-1177,random,7bf883613b3ff02a,144960077834677,1,0,FINAL_PASS,8.174343647013302,7.485474727014662,0.026418312001624145,7.459056415013038,0.0,0.6886561540013645,0,0.0002127659972757101,0.09339207399170846,256,256,0,3,705,0,0,0,0,3,0,256,1,2
test-576,random,7bf883613b3ff02a,139176047841287,1,0,FINAL_PASS,11.173906277981587,10.274241766004707,0.03248469400568865,10.241757071999018,0.0,0.8994596689881291,0,0.00020484298875089735,0.1247579560149461,366,366,0,3,1077,0,0,0,0,3,0,366,1,2
test-901,random,7bf883613b3ff02a,233255700683307,0,0,FINAL_UNCERTAIN,17.550866666962975,15.916981341986684,0.033277383001404814,6.918465632988955,8.965238325996324,1.4805086879932787,0.15298437200544868,0.0003922649775631726,0.09685874899150804,565,240,325,6,1635,0,3,183,867,6,335,230,2,4
test-589,random,7bf883613b3ff02a,99145297913986,0,1,BUDGET_VERIFIER,30.457590088044526,28.65789807200781,0.03210876999946777,5.080871003010543,23.5449182989978,1.601867682984448,0.197447684025974,0.00037664902629330754,0.04200292700261343,1021,179,842,6,1800,0,5,305,1044,6,968,53,5,1
test-420,random,7bf883613b3ff02a,80475944070362,0,1,EOS,4.859255157003645,4.8592017049959395,0.031911297992337495,4.827290407003602,0.0,0,0,5.345200770534575e-05,0,190,190,0,0,0,0,0,0,0,1,0,190,0,0
test-1170,random,7bf883613b3ff02a,226793051376344,0,1,BUDGET_VERIFIER,18.5381584650313,16.85820348901325,0.0322215350024635,2.438490846994682,14.387491107016103,1.5970618300052593,0.08243906800635159,0.00045407800644170493,0.21972553800151218,560,98,462,6,1879,0,2,122,422,6,179,381,1,5
test-13,random,7bf883613b3ff02a,67610854313031,0,1,EOS,18.965378600973054,18.001469586990424,0.031969803996616974,9.79630597999494,8.173193802998867,0.9231264300033217,0.040410287998383865,0.0003722959809238091,0.1630176170001505,601,304,297,4,1013,0,1,61,221,5,283,318,0,4
test-453,random,7bf883613b3ff02a,15946598711393,0,0,FINAL_UNCERTAIN,25.89366654897458,24.37404578998394,0.03393086200230755,8.629609707990312,15.710505219991319,1.416247344997828,0.103027794015361,0.0003456199774518609,0.10856952700123657,794,272,522,5,1651,0,2,122,530,5,515,279,3,2
test-317,random,7bf883613b3ff02a,123686364182229,1,0,FINAL_PASS,2.731092362984782,2.5416295509930933,0.03499928799283225,2.506630263000261,0.0,0.18940667700371705,0,5.613498797174543e-05,0,99,99,0,1,159,0,0,0,0,1,0,99,1,0
test-191,random,7bf883613b3ff02a,31989528202345,0,1,BUDGET_VERIFIER,12.26738652602944,10.933875036003883,0.026283216997398995,3.1677930769947125,7.7397987420117715,1.2428505340067204,0.09015395501046441,0.0005070010083727539,0.17543539401958697,403,124,279,6,1230,0,2,122,452,6,163,240,2,4
test-927,random,7bf883613b3ff02a,271079722217939,1,0,FINAL_PASS,8.162351204984589,7.680720932985423,0.03231776999018621,7.648403162995237,0.0,0.4814615139912348,0,0.0001687580079305917,0.04365247700479813,245,245,0,2,502,0,0,0,0,2,0,245,1,1
test-638,random,7bf883613b3ff02a,45658074581496,1,0,FINAL_PASS,10.59336985500704,9.891244657002972,0.027443767001386732,3.1334311090031406,6.730369780998444,0.6568040760030271,0.04506518298876472,0.00025593901227694005,0.054948431003140286,329,123,206,3,584,0,1,61,181,3,123,206,2,1
test-1099,random,7bf883613b3ff02a,173090932736265,1,0,FINAL_PASS,7.723255377015448,7.231010284012882,0.03791423600341659,7.1930960480094654,0.0,0.4920689959981246,0,0.00017609700444154441,0.03922163200331852,235,235,0,2,507,0,0,0,0,2,0,235,1,1
test-996,random,7bf883613b3ff02a,222855132888558,1,0,FINAL_PASS,17.93328170402674,17.217152431010618,0.033294075008598156,17.18385835600202,0.0,0.71597094500612,0,0.00015832801000215113,0.07169642199005466,572,572,0,2,987,0,0,0,0,2,0,572,1,1
test-918,random,7bf883613b3ff02a,195660965946638,1,0,FINAL_PASS,10.393446531001246,9.866529299004469,0.027756045004935004,5.27441897400422,4.564354279995314,0.4775154549861327,0.04920929799845908,0.00019247901218477637,0,348,207,141,2,471,0,1,61,188,2,207,141,2,0
test-135,random,7bf883613b3ff02a,247256422018131,0,0,FINAL_PASS,9.018226881002192,8.328943561005872,0.027960858002188616,5.075827761000255,3.225154942003428,0.6347075829980895,0.05432372599898372,0.00025201099924743176,0.041366984994965605,267,169,98,3,623,0,1,61,265,3,93,174,2,1
test-82,random,7bf883613b3ff02a,155479135745903,1,0,FINAL_PASS,7.085242610031855,6.480490241025109,0.029718407007749192,6.45077183401736,0.0,0.6045303989958484,0,0.000221970010898076,0.08956204600690398,209,209,0,3,560,0,0,0,0,3,0,209,1,2
test-1264,random,7bf883613b3ff02a,90021893811283,0,1,EOS,12.083224813992274,12.083174592989963,0.037052202998893335,12.04612238999107,0.0,0,0,5.022100231144577e-05,0,461,461,0,0,0,0,0,0,0,1,0,461,0,0
test-717,random,7bf883613b3ff02a,245443194088912,1,0,FINAL_PASS,9.24293927900726,8.467989195996779,0.030060229008086026,8.437928966988693,0.0,0.7747148040070897,0,0.00023527900339104235,0.11231164699711371,290,290,0,3,824,0,0,0,0,3,0,290,1,2
test-1248,random,7bf883613b3ff02a,234992318843252,0,1,BUDGET_VERIFIER,16.973230394971324,15.426626402986585,0.037049949998618104,2.522242641003686,12.867333811984281,1.3525775290036108,0.19352361898927484,0.0005028439918532968,0.05018305800331291,574,99,475,6,1494,0,5,305,1218,6,536,38,1,5
test-398,random,7bf883613b3ff02a,245270530255561,1,0,FINAL_PASS,6.716437841008883,6.255248422006844,0.038558115003979765,6.216690307002864,0.0,0.46090761199593544,0,0.00028180700610391796,0.04014026900404133,212,212,0,2,452,0,0,0,0,2,0,212,1,1
test-947,random,7bf883613b3ff02a,24456137202015,1,0,FINAL_PASS,4.252900980980485,3.8745543969998835,0.03220630099531263,3.842348096004571,0.0,0.37821089499630034,0,0.00013568898430094123,0.04157386899169069,125,125,0,2,308,0,0,0,0,2,0,125,1,1
test-179,random,7bf883613b3ff02a,155114583373711,1,0,FINAL_PASS,4.977196354986518,4.769323562999489,0.028172760998131707,4.741150802001357,0.0,0.2078072119911667,0,6.557999586220831e-05,0,180,180,0,1,241,0,0,0,0,1,0,180,1,0
test-480,random,7bf883613b3ff02a,21195651760396,1,0,FINAL_PASS,4.852022064005723,4.643931520011392,0.0387362879991997,4.605195232012193,0.0,0.20795186299073976,0,0.00013868100359104574,0,178,178,0,1,245,0,0,0,0,1,0,178,1,0
test-752,random,7bf883613b3ff02a,66771579162585,1,0,FINAL_PASS,11.050254934001714,10.227160297028604,0.027226757010794245,3.758128477013088,6.441805063004722,0.7424499109911267,0.08039506198838353,0.0002496639935998246,0.03850827299174853,372,148,224,4,652,0,2,122,358,4,207,165,2,2
test-830,random,7bf883613b3ff02a,275008139936302,0,0,FINAL_PASS,6.772686455005896,6.503913859996828,0.031912596998154186,6.472001262998674,0.0,0.26871920299890917,0,5.339201015885919e-05,0,249,249,0,1,336,0,0,0,0,1,0,249,1,0
test-796,random,7bf883613b3ff02a,130429571169423,0,0,FINAL_PASS,7.828246453980682,7.365670532992226,0.032205764000536874,7.333464768991689,0.0,0.4624306869955035,0,0.00014523399295285344,0.04025815799832344,233,233,0,2,460,0,0,0,0,2,0,233,1,1
test-210,random,7bf883613b3ff02a,168671987400231,0,1,BUDGET_VERIFIER,21.06392209896876,19.094037553993985,0.03260846799821593,9.911274616999435,9.150154468996334,1.8299077169940574,0.13957831100560725,0.00039851697511039674,0.17419991799397394,688,345,343,6,2278,0,3,183,950,6,456,232,2,4
test-983,random,7bf883613b3ff02a,203074223232137,1,0,FINAL_PASS,4.340779127000133,4.132773901001201,0.029997657999047078,4.102776243002154,0.0,0.20793302200036123,0,7.220399857033044e-05,0,159,159,0,1,200,0,0,0,0,1,0,159,1,0
test-152,random,7bf883613b3ff02a,478378024564,0,1,BUDGET_VERIFIER,19.61169306797092,18.203019768974627,0.027766479994170368,4.1917863999988185,13.983466888981638,1.2504817440058105,0.15776005299994722,0.00043150199053343385,0.042548967991024256,613,141,472,6,1227,0,4,244,936,6,501,112,3,3
test-51,random,7bf883613b3ff02a,257271334165606,1,0,FINAL_PASS,9.131053174976842,8.256809211001382,0.03290976599964779,8.223899445001734,0.0,0.873956006980734,0,0.00028795699472539127,0.14237233399762772,275,275,0,4,913,0,0,0,0,4,0,275,1,3
test-75,random,7bf883613b3ff02a,146338900575398,0,1,BUDGET_VERIFIER,19.302480398953776,17.849134862000938,0.032535885999095626,6.7727172810118645,11.043881694989977,1.2603413009783253,0.19253118299820926,0.0004730529763037339,0.038057993006077595,615,261,354,6,1205,0,5,305,1022,6,583,32,2,4
test-270,random,7bf883613b3ff02a,131959146081845,1,0,FINAL_PASS,8.273757007991662,7.790578234009445,0.032638005999615416,7.757940228009829,0.0,0.4829415589920245,0,0.00023721499019302428,0.046311430996865965,250,250,0,2,522,0,0,0,0,2,0,250,1,1
test-518,random,7bf883613b3ff02a,178257099039207,1,0,FINAL_PASS,8.629536167994956,8.31598190299701,0.031983495005988516,8.283998407991021,0.0,0.31350165999901947,0,5.260499892756343e-05,0,319,319,0,1,398,0,0,0,0,1,0,319,1,0
test-788,random,7bf883613b3ff02a,241749629633689,1,0,FINAL_PASS,2.698869237996405,2.509822524996707,0.032597465004073456,2.4772250599926338,0.0,0.18899333800072782,0,5.337499896995723e-05,0,96,96,0,1,169,0,0,0,0,1,0,96,1,0
test-903,random,7bf883613b3ff02a,263556652544184,1,0,FINAL_PASS,13.977452686987817,13.21708705398487,0.03242586099077016,13.184661192994099,0.0,0.7602350969973486,0,0.00013053600559942424,0.09072897001169622,481,481,0,2,1011,0,0,0,0,2,0,481,1,1
test-1236,random,7bf883613b3ff02a,139098504434095,1,0,FINAL_PASS,8.75565615396772,7.983577722974587,0.03321440199215431,7.950363320982433,0.0,0.7717744419933297,0,0.00030398899980355054,0.11262453999370337,265,265,0,3,870,0,0,0,0,3,0,265,1,2
test-782,random,7bf883613b3ff02a,268215929643648,0,0,FINAL_PASS,12.138367885010666,11.09526447301323,0.027051250013755634,4.118896890999167,6.949316332000308,0.9624295709945727,0.08023252700513694,0.00044131399772595614,0.08722424499865156,403,161,242,5,837,0,2,122,374,5,238,165,2,3
test-865,random,7bf883613b3ff02a,89340786659060,1,0,FINAL_PASS,7.827836955009843,7.282618165001622,0.03237371001159772,7.250244454990025,0.0,0.5450830469926586,0,0.00013574301556218415,0.056141690991353244,263,263,0,2,611,0,0,0,0,2,0,263,1,1
test-979,random,7bf883613b3ff02a,227954302162361,0,1,EOS,32.321417036946514,30.736665980977705,0.031622375987353735,9.15387179600657,21.55117180898378,1.371456972003216,0.21287393098464236,0.000420152980950661,0.053867365000769496,1123,353,770,5,1589,0,4,244,1252,6,763,360,2,3
test-239,random,7bf883613b3ff02a,243793508670459,1,0,FINAL_PASS,9.843457527997089,9.300493578019086,0.03641187000903301,9.264081708010053,0.0,0.542810662984266,0,0.0001532869937364012,0.04197460500290617,304,304,0,2,588,0,0,0,0,2,0,304,1,1
test-169,random,7bf883613b3ff02a,75473699943901,1,0,FINAL_PASS,7.480370389006566,7.0025823560135905,0.02757774900237564,6.975004607011215,0.0,0.47763349300657865,0,0.00015453998639713973,0.05597785300051328,252,252,0,2,523,0,0,0,0,2,0,252,1,1
test-150,random,7bf883613b3ff02a,258623963815238,0,1,BUDGET_VERIFIER,18.38344780796615,16.813711797993165,0.032357181000406854,3.1551567209971836,13.626197895995574,1.4108997579896823,0.1584103599889204,0.0004258919943822548,0.06919003899383824,607,123,484,6,1578,0,5,305,944,6,341,266,4,2
test-959,random,7bf883613b3ff02a,124697467528326,1,0,FINAL_PASS,14.583330143999774,13.108660881000105,0.037899271002970636,6.771614716999466,6.299146892997669,1.4244368509826018,0.04963897600828204,0.00059343600878492,0.21602657101175282,502,265,237,6,1544,0,1,61,256,6,265,237,2,4
test-186,random,7bf883613b3ff02a,74047272930412,0,1,BUDGET_VERIFIER,28.778821922984207,26.999470986032975,0.03708981400995981,7.588761843988323,19.373619328034692,1.520441041997401,0.25837916698947083,0.0005307279643602669,0,950,287,663,6,1745,0,6,366,1290,6,950,0,3,3
test-418,random,7bf883613b3ff02a,33192084932259,1,0,FINAL_PASS,8.680989285974647,8.193445427998086,0.03183613500732463,8.16160929299076,0.0,0.4874025479948614,0,0.00014130998170003295,0.04171641900029499,280,280,0,2,510,0,0,0,0,2,0,280,1,1
test-392,random,7bf883613b3ff02a,273751283636852,0,1,BUDGET_VERIFIER,18.35769195300236,17.021419668002636,0.03231322699866723,3.5219444510003086,13.46716199000366,1.2149468689895002,0.12080369199975394,0.0005217240104684606,0.09925620998546947,577,147,430,6,1165,0,3,183,618,6,488,89,0,6
test-1006,random,7bf883613b3ff02a,94209859691574,1,0,FINAL_PASS,10.182781673938734,8.704752114965231,0.03293541099992581,1.235444573991117,7.436372129974188,1.4352368529944215,0.04224173199327197,0.0005509739858098328,0.2510995409829775,300,52,248,6,1599,0,1,61,252,6,52,248,1,5
test-1156,random,7bf883613b3ff02a,113250874078526,1,0,FINAL_PASS,8.939644097015844,8.432103576007648,0.03162650500598829,8.40047707100166,0.0,0.5073946350021288,0,0.00014588600606657565,0.06232391200319398,302,302,0,2,616,0,0,0,0,2,0,302,1,1
test-161,random,7bf883613b3ff02a,140543187034397,1,0,FINAL_PASS,7.303217449007207,6.849561669994728,0.032290417002514005,6.817271252992214,0.0,0.4535248979955213,0,0.0001308810169575736,0.042420031008077785,221,221,0,2,440,0,0,0,0,2,0,221,1,1
test-686,random,7bf883613b3ff02a,272287445298743,1,0,FINAL_PASS,5.165620832995046,4.75244757499604,0.032076743998914026,4.720370830997126,0.0,0.4130399380082963,0,0.00013331999070942402,0.04508228700433392,164,164,0,2,385,0,0,0,0,2,0,164,1,1
test-80,random,7bf883613b3ff02a,213785929864358,0,0,FINAL_PASS,6.601402724001673,6.190946778006037,0.03213104899623431,6.1588157290098025,0.0,0.4102924170001643,0,0.0001635289954720065,0.04008169399457984,213,213,0,2,394,0,0,0,0,2,0,213,1,1
test-1154,random,7bf883613b3ff02a,8067022055308,1,0,FINAL_PASS,5.30772845998581,4.926606985987746,0.02457359799882397,4.902033387988922,0.0,0.3810032649926143,0,0.00011820900544989854,0.04039444999943953,164,164,0,2,333,0,0,0,0,2,0,164,1,1
test-1206,random,7bf883613b3ff02a,17383563844774,1,0,FINAL_PASS,7.821758535996196,7.507544367996161,0.0321483379957499,7.475396030000411,0.0,0.31414156599203125,0,7.26020080037415e-05,0,309,309,0,1,387,0,0,0,0,1,0,309,1,0
test-984,random,7bf883613b3ff02a,73996196214348,0,1,BUDGET_VERIFIER,32.94363073297427,31.223789679002948,0.03285174199845642,3.748773840998183,27.44216409600631,1.5177835519862128,0.20162298198556527,0.0004345199995441362,0,1179,153,1026,6,1818,0,6,366,1145,6,1179,0,4,2
test-365,random,7bf883613b3ff02a,120746433241186,1,0,FINAL_PASS,4.55049477898865,4.342942725998,0.028074961999664083,4.314867763998336,0.0,0.20749809200060554,0,5.396099004428834e-05,0,168,168,0,1,215,0,0,0,0,1,0,168,1,0
test-42,random,7bf883613b3ff02a,280364261624947,1,0,FINAL_PASS,3.8154547750018537,3.607170371004031,0.03251413100224454,3.5746562400017865,0.0,0.2082345870003337,0,4.9816997488960624e-05,0,138,138,0,1,242,0,0,0,0,1,0,138,1,0
test-208,random,7bf883613b3ff02a,185082543511015,1,0,FINAL_PASS,4.301094895999995,4.092140544991707,0.0333144439937314,4.058826100997976,0.0,0.2088674350088695,0,8.691599941812456e-05,0,157,157,0,1,240,0,0,0,0,1,0,157,1,0
test-247,random,7bf883613b3ff02a,41643564244864,1,0,FINAL_PASS,11.27426812001795,10.544501506985398,0.032534044003114104,2.940442624996649,7.571524837985635,0.6428976510069333,0.08651201201428194,0.00035695001133717597,0,347,115,232,3,635,0,2,122,436,3,204,143,1,2
test-269,random,7bf883613b3ff02a,176092494226593,1,0,FINAL_PASS,7.651894481037743,6.990782973007299,0.02873754499887582,6.962045428008423,0.0,0.6608988850057358,0,0.0002126230247085914,0.08517552800185513,232,232,0,3,593,0,0,0,0,3,0,232,1,2
test-695,random,7bf883613b3ff02a,188340668134382,1,0,FINAL_PASS,4.281220415010466,4.072943038016092,0.0274108310113661,4.045532207004726,0.0,0.2082002899987856,0,7.708699558861554e-05,0,152,152,0,1,218,0,0,0,0,1,0,152,1,0
test-159,random,7bf883613b3ff02a,112635979463477,0,0,FINAL_PASS,4.102628272012225,3.8946547780069523,0.03276303999882657,3.8618917380081257,0.0,0.2079193350073183,0,5.4158997954800725e-05,0,148,148,0,1,224,0,0,0,0,1,0,148,1,0
test-1155,random,7bf883613b3ff02a,111656876501345,1,0,FINAL_PASS,5.1328028950083535,4.923133641001186,0.02799951800261624,4.89513412299857,0.0,0.20962063800834585,0,4.861599882133305e-05,0,189,189,0,1,249,0,0,0,0,1,0,189,1,0
test-333,random,7bf883613b3ff02a,62832118136914,1,0,FINAL_PASS,8.447126217011828,7.943651189998491,0.03241317000356503,7.911238019994926,0.0,0.5032477600034326,0,0.00022726700990460813,0.052559185001882724,266,266,0,2,565,0,0,0,0,2,0,266,1,1
test-762,random,7bf883613b3ff02a,60351821098166,1,0,FINAL_PASS,6.770691945988801,6.501548825981445,0.031654000995331444,6.469894824986113,0.0,0.26910438599588815,0,3.873401146847755e-05,0,255,255,0,1,339,0,0,0,0,1,0,255,1,0
test-1147,random,7bf883613b3ff02a,128319338108407,1,0,FINAL_PASS,10.857440071980818,10.46388678799849,0.0330585399933625,10.430828248005128,0.0,0.3934799759881571,0,7.330799417104572e-05,0,412,412,0,1,524,0,0,0,0,1,0,412,1,0
test-818,random,7bf883613b3ff02a,252110786248962,1,0,FINAL_PASS,5.525046938986634,5.275824124997598,0.032426809004391544,5.243397315993207,0.0,0.24914563199854456,0,7.718199049122632e-05,0,203,203,0,1,278,0,0,0,0,1,0,203,1,0
test-645,random,7bf883613b3ff02a,74085845277344,1,0,FINAL_PASS,4.290662698011147,4.082331719997455,0.02678035499411635,4.055551365003339,0.0,0.20822236200910993,0,0.00010861600458156317,0,156,156,0,1,213,0,0,0,0,1,0,156,1,0
test-963,random,7bf883613b3ff02a,158706570166616,0,1,EOS,21.810366220015567,21.307623811007943,0.03220450300432276,9.896734288995503,11.378685019008117,0.4143340819864534,0.08815457501623314,0.0002537520049372688,0,720,379,341,2,421,0,2,122,430,3,388,332,2,0
