question_id,policy,reference,policy_correct,reference_correct,policy_termination,reference_termination,delta_correct,delta_service_seconds,delta_generation_seconds,delta_verification_seconds,delta_recovery_seconds,delta_decision_seconds,delta_checks,delta_generated_tokens,delta_after_first_rollback_generated_tokens,delta_after_first_rollback_decode_seconds,delta_discarded_generated_tokens,delta_rollbacks
test-1149,k4,endpoint,0,0,FINAL_PASS,FINAL_PASS,0,-0.9847124650113983,-0.6937425020005321,-0.2909744030039292,0,4.439993062987924e-06,0,0,0,0.0,0,0
test-690,k4,endpoint,1,1,FINAL_PASS,FINAL_PASS,0,-2.7714711970766075,-2.6503537040262017,-0.12112091603921726,0,3.422988811507821e-06,0,0,0,0.0,0,0
test-823,k4,endpoint,0,0,FINAL_PASS,FINAL_PASS,0,-2.049003101987182,-1.970322084001964,-0.0786836829938693,0,2.6650086510926485e-06,0,0,0,0.0,0,0
test-1110,k4,endpoint,0,0,FINAL_UNCERTAIN,BUDGET_VERIFIER,0,-25.737484917088295,-24.117264556029113,-1.165197082053055,-0.45503266499144956,9.38598532229662e-06,-3,-675,-675,-23.217226899971138,-988,-5
test-23,k4,endpoint,1,1,FINAL_PASS,FINAL_PASS,0,-0.5673449170135427,-0.4994085300131701,-0.06794135899690446,0,4.971996531821787e-06,0,0,0,0.0,0,0
test-1249,k4,endpoint,0,0,FINAL_PASS,FINAL_PASS,0,-3.276643792138202,-3.107647363038268,-0.13256291406287346,-0.03643956103769597,6.046000635251403e-06,0,0,0,-0.436133579001762,0,0
test-783,k4,endpoint,0,0,BUDGET_VERIFIER,EOS,0,7.461245279002469,5.560607405990595,1.6981532250065356,0.2024617959978059,2.285200753249228e-05,6,309,537,14.941835174991866,578,4
test-857,k4,endpoint,1,1,FINAL_PASS,FINAL_PASS,0,-1.4370677849510685,-1.3655808419716777,-0.07149092397594359,0,3.980996552854776e-06,0,0,0,0.0,0,0
test-489,k4,endpoint,0,0,FINAL_PASS,FINAL_PASS,0,-0.9032397140108515,-0.8478857170266565,-0.055357445977278985,0,3.4489930840209126e-06,0,0,0,0.0,0,0
test-916,k4,endpoint,0,1,EOS,FINAL_PASS,-1,-31.835389071988175,-31.321057416964322,-0.4603743640182074,-0.05398353299824521,2.6241992600262165e-05,1,-899,-684,-22.929975000981358,-820,-1
test-263,k4,endpoint,1,1,FINAL_PASS,FINAL_PASS,0,-1.9955912430159515,-1.931407674026559,-0.06418777198996395,0,4.203000571578741e-06,0,0,0,0.0,0,0
test-177,k4,endpoint,1,1,FINAL_PASS,FINAL_PASS,0,-3.1443032680545002,-3.683046133053722,0.5387331929960055,0,9.67200321611017e-06,2,0,0,0.0,0,0
test-1065,k4,endpoint,0,0,FINAL_PASS,FINAL_PASS,0,-1.6898572389618494,-1.61428869998781,-0.07557903298584279,0,1.0494011803530157e-05,0,0,0,0.0,0,0
test-450,k4,endpoint,0,0,BUDGET_VERIFIER,EOS,0,17.411932117975084,15.207739079982275,1.9274674499902176,0.2767006190115353,2.4968991056084633e-05,6,666,652,18.546941666994826,834,5
test-273,k4,endpoint,1,1,FINAL_PASS,FINAL_PASS,0,-14.478581187984673,-14.210622333004721,-0.20928546297363937,-0.058688484015874565,1.5092009562067688e-05,0,-341,-273,-9.67250943997351,-325,-1
test-1131,k4,endpoint,0,0,FINAL_PASS,BUDGET_VERIFIER,0,-28.17805493697233,-27.035279357005493,-0.9868218699994031,-0.15598677097295877,3.3061005524359643e-05,-2,-753,-753,-25.185032257038984,-852,-4
test-888,k4,endpoint,1,1,FINAL_PASS,FINAL_PASS,0,-1.241390255963779,-1.1179425059672212,-0.11136877103126608,-0.012087329974747263,8.351009455509484e-06,0,0,0,-0.49856481997994706,0,0
test-675,k4,endpoint,0,0,FINAL_UNCERTAIN,GEN_BUDGET,0,-40.01249651396938,-40.908351587931975,0.8958882859587902,-5.224900087341666e-05,1.9037004676647484e-05,2,-1140,-1115,-36.03051545697963,-404,-1
test-1025,k4,endpoint,1,1,FINAL_PASS,FINAL_PASS,0,-2.5164926000288688,-2.537130663986318,0.030002511994098313,-0.009376730027724989,1.2281991075724363e-05,1,-16,-16,-0.9315610549674602,-31,0
test-902,k4,endpoint,1,1,FINAL_PASS,FINAL_PASS,0,-2.440058544947533,-2.569594951972249,0.12952955102082342,0,6.856003892607987e-06,1,0,0,0.0,0,0
test-494,k4,endpoint,0,0,BUDGET_VERIFIER,BUDGET_VERIFIER,0,-4.248351354995975,-4.059032642035163,-0.12942511099390686,-0.05991454595641699,2.0943989511579275e-05,0,111,243,2.5405370999797015,-147,-2
test-615,k4,endpoint,1,1,FINAL_PASS,FINAL_PASS,0,-7.939726643002359,-8.07773510098923,0.11977380397729576,0.018222870014142245,1.1783995432779193e-05,1,-187,-164,-5.245728291993146,-192,0
test-423,k4,endpoint,0,0,BUDGET_VERIFIER,CONTEXT_LIMIT,0,-32.577685033058515,-34.473614715068834,1.6962721450108802,0.1996366340026725,2.0902996766380966e-05,6,-804,918,27.67470152997703,888,5
test-1097,k4,endpoint,1,1,FINAL_PASS,FINAL_PASS,0,-1.1698012441192986,-0.9516122010099934,-0.19054817002324853,-0.02765427109261509,1.3398006558418274e-05,0,0,0,0.456616249968647,0,0
test-473,k4,endpoint,0,1,FINAL_PASS,FINAL_PASS,-1,-5.135726694890764,-5.2038142828969285,0.03661725702113472,0.03145484397828113,1.5487006749026477e-05,1,-103,-48,-2.4019415979419136,84,1
test-660,k4,endpoint,1,1,FINAL_PASS,FINAL_PASS,0,-1.7543966399680357,-1.8866098989819875,0.13220852102676872,0,4.73798718303442e-06,1,-4,0,0.0,0,0
test-975,k4,endpoint,1,1,FINAL_UNCERTAIN,FINAL_PASS,0,5.824762493968592,4.9382734399987385,0.8300825329788495,0.05638936799368821,1.7152997315861285e-05,3,241,271,8.80715290698572,168,1
test-1222,k4,endpoint,1,1,FINAL_PASS,FINAL_PASS,0,-1.3620479609962786,-1.2980065930023557,-0.06404417898738757,0,2.8109934646636248e-06,0,0,0,0.0,0,0
test-580,k4,endpoint,0,0,EOS,BUDGET_VERIFIER,0,-38.62528891702823,-36.92335073997674,-1.4536985329759773,-0.24825166206574067,1.2017990229651332e-05,-4,-1082,-1183,-37.12685707898345,-1565,-6
test-1023,k4,endpoint,1,1,FINAL_PASS,FINAL_PASS,0,-1.0369823250221089,-0.9361509270383976,-0.10083393199602142,0,2.53401231020689e-06,0,0,0,0.0,0,0
test-525,k4,endpoint,0,0,EOS,EOS,0,9.71512051508762,9.170323329046369,0.48338834301102906,0.06138562600244768,2.3217027774080634e-05,2,301,301,9.351408812988666,168,1
test-1177,k4,endpoint,1,1,FINAL_PASS,FINAL_PASS,0,-0.8233083270024508,-1.005196703990805,0.18188171098881867,0,6.665999535471201e-06,1,0,0,0.0,0,0
test-576,k4,endpoint,1,1,FINAL_PASS,FINAL_PASS,0,-4.967580754993833,-5.161357196979225,0.19377028198505286,0,6.160000339150429e-06,1,0,0,0.0,0,0
test-901,k4,endpoint,0,0,BUDGET_VERIFIER,EOS,0,10.331744562005042,9.485088226021617,0.749222630969598,0.09740858399891295,2.512101491447538e-05,4,464,565,15.252857564933947,626,4
test-589,k4,endpoint,0,0,BUDGET_VERIFIER,BUDGET_VERIFIER,0,-10.488334384019254,-9.917688430054113,-0.5293470589531353,-0.04132643101911526,2.753600711002946e-05,0,-276,-276,-10.963861172029283,-276,0
test-420,k4,endpoint,0,0,EOS,EOS,0,1.3741870269877836,1.3741820149880368,0,0,5.011999746784568e-06,0,0,0,0.0,0,0
test-1170,k4,endpoint,1,1,FINAL_PASS,FINAL_PASS,0,-1.0995268379483605,-1.1827543529652758,0.09737068602407817,-0.014156652003293857,1.348099613096565e-05,1,0,0,-0.9165178839466535,0,0
test-13,k4,endpoint,0,0,EOS,EOS,0,0.3447044620261295,0.07626972201978788,0.26842259500699583,0,1.2144999345764518e-05,1,0,0,0.0,0,0
test-453,k4,endpoint,0,1,BUDGET_VERIFIER,FINAL_PASS,-1,-14.980286593054188,-14.98760479298653,-0.04698688707139809,0.054283143996144645,2.1943007595837116e-05,1,-364,-364,-10.910249811946414,-302,1
test-317,k4,endpoint,1,1,FINAL_PASS,FINAL_PASS,0,-3.1640318820573157,-3.0886661750409985,-0.0753693000151543,0,3.592998837120831e-06,0,0,0,0.0,0,0
test-191,k4,endpoint,1,1,FINAL_PASS,FINAL_PASS,0,-2.9680110329500167,-2.609405648923712,-0.28605214902199805,-0.0726351109915413,8.187598723452538e-05,0,0,0,-0.4516753909556428,0,0
test-927,k4,endpoint,1,1,FINAL_PASS,FINAL_PASS,0,-3.369860153994523,-3.2696886389894644,-0.10017461300594732,0,3.098000888712704e-06,0,0,0,0.0,0,0
test-638,k4,endpoint,1,1,FINAL_PASS,FINAL_PASS,0,-2.864183584024431,-2.755883330013603,-0.10325055298744701,-0.005064698023488745,1.499700010754168e-05,0,0,0,-0.38539444202615414,0,0
test-1099,k4,endpoint,1,1,FINAL_PASS,FINAL_PASS,0,-6.428238036896801,-6.34508576792723,-0.08315488797961734,0,2.619010047055781e-06,0,0,0,0.0,0,0
test-996,k4,endpoint,0,0,EOS,EOS,0,-0.36929070501355454,-0.6381762810051441,0.2688784219935769,0,7.153998012654483e-06,1,-28,0,0.0,0,0
test-918,k4,endpoint,1,1,FINAL_PASS,FINAL_PASS,0,-0.8393195739045041,-0.7229627029591938,-0.11220671496994328,-0.004156995986704715,6.840011337772012e-06,0,0,0,-0.3531395539903315,0,0
test-135,k4,endpoint,1,1,FINAL_PASS,FINAL_PASS,0,-6.331443084825878,-5.858407073930721,-0.42024704290088266,-0.05280175598454662,1.2787990272045135e-05,-1,-168,-168,-5.863658296933863,-154,-1
test-82,k4,endpoint,1,1,FINAL_PASS,FINAL_PASS,0,-0.32723676798923407,-0.42856407500221394,0.10130554501665756,0,2.176199632231146e-05,1,0,0,0.0,0,0
test-1264,k4,endpoint,0,0,EOS,EOS,0,-0.4852874780190177,-0.4852909540059045,0,0,3.475986886769533e-06,0,0,0,0.0,0,0
test-717,k4,endpoint,1,1,FINAL_PASS,FINAL_PASS,0,1.0407590620889096,1.1215320140327094,-0.08077632094500586,0,3.36900120601058e-06,0,0,0,0.0,0,0
test-1248,k4,endpoint,0,0,EOS,EOS,0,-0.05922607002139557,0.0831168149743462,-0.1379270099569112,-0.004429225024068728,1.3349985238164663e-05,0,0,0,-0.6175773039867636,0,0
test-398,k4,endpoint,1,1,FINAL_PASS,FINAL_PASS,0,-1.340618369024014,-1.2612518700334476,-0.0793702149821911,0,3.7159916246309876e-06,0,0,0,0.0,0,0
test-947,k4,endpoint,1,1,FINAL_PASS,FINAL_PASS,0,-0.9319080179993762,-0.8646784049924463,-0.06723266800690908,0,3.05499997921288e-06,0,0,0,0.0,0,0
test-179,k4,endpoint,1,1,FINAL_PASS,FINAL_PASS,0,-1.5167617330153007,-1.4489344309840817,-0.06783046602504328,0,3.163993824273348e-06,0,0,0,0.0,0,0
test-480,k4,endpoint,1,1,FINAL_PASS,FINAL_PASS,0,-1.5931450810021488,-1.5255426760122646,-0.06760531799227465,0,2.9130023904144764e-06,0,0,0,0.0,0,0
test-752,k4,endpoint,0,0,BUDGET_VERIFIER,BUDGET_VERIFIER,0,-4.158009594932082,-3.8707732120528817,-0.2817925349518191,-0.005463151930598542,1.930400321725756e-05,0,-66,-66,-2.6013320540369023,-66,0
test-830,k4,endpoint,0,0,FINAL_PASS,FINAL_PASS,0,0.9693640900077298,1.0628404380113352,-0.09347966901259497,0,3.321008989587426e-06,0,0,0,0.0,0,0
test-796,k4,endpoint,0,0,BUDGET_VERIFIER,BUDGET_VERIFIER,0,-7.987380036065588,-7.5855873029795475,-0.3365937260823557,-0.06521955400239676,2.05469987122342e-05,0,-191,-191,-7.265153278000071,-281,-1
test-210,k4,endpoint,0,0,FINAL_PASS,FINAL_PASS,0,-0.9615802329935832,-1.148987067019334,0.18740023202553857,0,6.6020002122968435e-06,1,0,0,0.0,0,0
test-983,k4,endpoint,1,1,FINAL_PASS,FINAL_PASS,0,-1.1506541969865793,-1.0832776610332076,-0.06738176896760706,0,5.233014235273004e-06,0,0,0,0.0,0,0
test-152,k4,endpoint,1,1,FINAL_PASS,FINAL_PASS,0,-1.3855334539839532,-1.268995802020072,-0.1112711119785672,-0.0052729199960595,6.380010745488107e-06,0,0,0,-0.33028070502041373,0,0
test-51,k4,endpoint,1,0,FINAL_PASS,BUDGET_VERIFIER,1,-22.892292752920184,-22.161178296009894,-0.6459435220458545,-0.08519345987588167,2.252501144539565e-05,-1,-553,-351,-13.121348952015978,-756,-3
test-75,k4,endpoint,0,0,BUDGET_VERIFIER,BUDGET_VERIFIER,0,-23.28157785294752,-22.642121211029007,-0.6002717659430346,-0.03920881998783443,2.3944012355059385e-05,0,-526,-452,-18.691262769018067,-526,0
test-270,k4,endpoint,1,1,FINAL_PASS,FINAL_PASS,0,-1.696418996056309,-1.6120478500088211,-0.08437423703435343,0,3.0909868655726314e-06,0,0,0,0.0,0,0
test-518,k4,endpoint,1,1,FINAL_PASS,FINAL_PASS,0,-1.5737443700054428,-1.7798665129812434,0.20611558397649787,0,6.5589993027970195e-06,1,0,0,0.0,0,0
test-788,k4,endpoint,1,1,FINAL_PASS,FINAL_PASS,0,-0.7300383480323944,-0.6634205959853716,-0.06662049103761092,0,2.7389905881136656e-06,0,0,0,0.0,0,0
test-903,k4,endpoint,1,1,FINAL_PASS,FINAL_PASS,0,-3.5986015849775868,-3.838138775958214,0.23952701399684884,0,1.0176983778364956e-05,1,1,0,0.0,0,0
test-1236,k4,endpoint,1,1,FINAL_PASS,FINAL_PASS,0,-2.0837519140186487,-1.9854019879858242,-0.09835504804505035,0,5.122012225911021e-06,0,0,0,0.0,0,0
test-782,k4,endpoint,0,0,FINAL_PASS,FINAL_PASS,0,-1.6763396709866356,-1.532176087013795,-0.1351362349523697,-0.009042059013154358,1.4709992683492601e-05,0,0,0,-0.18447452899999917,0,0
test-865,k4,endpoint,1,1,FINAL_PASS,FINAL_PASS,0,-1.932946158995037,-1.844350945975748,-0.0885992450203048,0,4.032001015730202e-06,0,0,0,0.0,0,0
test-979,k4,endpoint,0,0,BUDGET_VERIFIER,EOS,0,-19.089280086074723,-19.574799610039918,0.38982792194292415,0.09566776199790183,2.3840024368837476e-05,4,-392,70,-0.1413038640457671,-323,2
test-239,k4,endpoint,1,1,FINAL_PASS,FINAL_PASS,0,-2.4262007599463686,-2.316037944983691,-0.11016575095709413,0,2.935994416475296e-06,0,0,0,0.0,0,0
test-169,k4,endpoint,1,1,FINAL_PASS,FINAL_PASS,0,-1.6237413760245545,-1.7484091420046752,0.1246598999859998,0,7.865994120948017e-06,1,0,0,0.0,0,0
test-150,k4,endpoint,0,0,BUDGET_VERIFIER,EOS,0,25.122510971064912,23.444612011051504,1.4769451470201602,0.2009317460033344,2.2066989913582802e-05,6,811,895,29.330291124002542,1117,6
test-959,k4,endpoint,1,1,FINAL_PASS,FINAL_PASS,0,-7.198568709063693,-7.436836413049605,0.25628391397185624,-0.018033193991868757,1.698400592431426e-05,2,-53,-53,-4.34349698900769,0,0
test-186,k4,endpoint,0,1,BUDGET_VERIFIER,FINAL_PASS,-1,-33.00714248398435,-33.06911626797228,-0.05880060596973635,0.12074742493859958,2.69650190602988e-05,3,-825,-506,-20.93503419101762,-131,3
test-418,k4,endpoint,1,1,FINAL_PASS,FINAL_PASS,0,-0.7674353760230588,-0.8978127349691931,0.13036996095615905,0,7.39798997528851e-06,1,0,0,0.0,0,0
test-392,k4,endpoint,0,0,EOS,EOS,0,-27.095179634998203,-26.01787270400382,-0.9209722920350032,-0.15635018693865277,1.5547979273833334e-05,-2,-694,-574,-20.947760875031236,-789,-3
test-1006,k4,endpoint,1,1,FINAL_PASS,FINAL_PASS,0,-2.7921541280666133,-2.605563006043667,-0.17073988495394588,-0.015862350061070174,1.1112992069683969e-05,0,0,0,-1.3879052930278704,0,0
test-1156,k4,endpoint,1,1,FINAL_PASS,FINAL_PASS,0,-0.9300269019731786,-1.0638635689829243,0.13383071799762547,0,5.949012120254338e-06,1,10,0,0.0,0,0
test-161,k4,endpoint,1,1,FINAL_PASS,FINAL_PASS,0,-1.1375501069705933,-1.3079055899870582,0.17034823501307983,0,7.248003385029733e-06,1,0,0,0.0,0,0
test-686,k4,endpoint,1,1,FINAL_PASS,FINAL_PASS,0,-1.8891600820352323,-1.8016368280223105,-0.08752639101294335,0,3.1370000215247273e-06,0,0,0,0.0,0,0
test-80,k4,endpoint,0,0,FINAL_PASS,FINAL_PASS,0,-1.8139818449562881,-1.7417456999683054,-0.07223896798677742,0,2.8229987947270274e-06,0,0,0,0.0,0,0
test-1154,k4,endpoint,1,1,FINAL_PASS,FINAL_PASS,0,-1.0272745180409402,-0.9511361190525349,-0.07614166998246219,0,3.2709940569475293e-06,0,0,0,0.0,0,0
test-1206,k4,endpoint,1,1,FINAL_PASS,FINAL_PASS,0,-1.4061882969399448,-1.5737184059398714,0.16752437000104692,0,5.738998879678547e-06,1,-1,0,0.0,0,0
test-984,k4,endpoint,0,0,BUDGET_VERIFIER,GEN_BUDGET,0,-31.155578295278247,-30.71352681411372,-0.40395562507910654,-0.03812938809278421,3.353200736455619e-05,1,-720,-720,-26.039168833056465,-644,0
test-365,k4,endpoint,1,1,FINAL_PASS,FINAL_PASS,0,-1.2155079010117333,-1.1393624560005264,-0.07614867901429534,0,3.2340030884370208e-06,0,0,0,0.0,0,0
test-42,k4,endpoint,1,1,FINAL_PASS,FINAL_PASS,0,-1.2147631340485532,-1.1453177210350987,-0.0694487620057771,0,3.3489923225715756e-06,0,0,0,0.0,0,0
test-208,k4,endpoint,1,1,FINAL_PASS,FINAL_PASS,0,-1.0183839869569056,-0.9472959809791064,-0.0710919279808877,0,3.922003088518977e-06,0,0,0,0.0,0,0
test-247,k4,endpoint,1,1,FINAL_PASS,FINAL_PASS,0,-1.8319042270304635,-1.8747319559915923,0.05668281397083774,-0.013873616015189327,1.8531005480326712e-05,1,0,0,-1.152354714955436,0,0
test-269,k4,endpoint,1,1,FINAL_PASS,FINAL_PASS,0,-0.9120487319887616,-1.048982961976435,0.1369254539895337,0,8.775998139753938e-06,1,-4,0,0.0,0,0
test-695,k4,endpoint,1,1,FINAL_PASS,FINAL_PASS,0,-1.5702069270482752,-1.4745362509856932,-0.09567345105460845,0,2.774992026388645e-06,0,0,0,0.0,0,0
test-159,k4,endpoint,0,0,FINAL_PASS,FINAL_PASS,0,-1.0883752810914302,-1.0090960250672651,-0.07928348201676272,0,4.225992597639561e-06,0,0,0,0.0,0,0
test-1155,k4,endpoint,1,1,FINAL_PASS,FINAL_PASS,0,-2.033640055989963,-1.9573874620109564,-0.07625588397786487,0,3.2899988582357764e-06,0,0,0,0.0,0,0
test-333,k4,endpoint,1,1,FINAL_PASS,FINAL_PASS,0,-2.2421205819991883,-2.153279358986765,-0.08884423802373931,0,3.015011316165328e-06,0,0,0,0.0,0,0
test-762,k4,endpoint,1,1,FINAL_PASS,FINAL_PASS,0,-1.6319034879852552,-1.5400718789896928,-0.09183465599198826,0,3.0469964258372784e-06,0,0,0,0.0,0,0
test-1147,k4,endpoint,1,1,FINAL_PASS,FINAL_PASS,0,-3.2466430700587807,-3.1045112660358427,-0.14213456201832741,0,2.7579953894019127e-06,0,0,0,0.0,0,0
test-818,k4,endpoint,1,1,FINAL_PASS,FINAL_PASS,0,-0.41435801598709077,-0.3282386219507316,-0.08612254002946429,0,3.145993105135858e-06,0,0,0,0.0,0,0
test-645,k4,endpoint,1,1,FINAL_PASS,FINAL_PASS,0,-0.2103371069097193,-0.12937613792018965,-0.08096468298754189,0,3.7139980122447014e-06,0,0,0,0.0,0,0
test-963,k4,endpoint,0,0,EOS,EOS,0,-1.2169199741038028,-1.0763424630422378,-0.12576199404429644,-0.014825762016698718,1.0244999430142343e-05,0,0,0,-1.1582087330170907,0,0
test-1149,k4,unchecked,0,0,FINAL_PASS,FINAL_UNCHECKED,0,-0.9487634989636717,-1.1565776019560872,0.20780966299935244,0,4.439993062987924e-06,1,0,0,0.0,0,0
test-690,k4,unchecked,1,1,FINAL_PASS,FINAL_UNCHECKED,0,-2.017243748996407,-2.349658537976211,0.33241136599099264,0,3.422988811507821e-06,1,0,0,0.0,0,0
test-823,k4,unchecked,0,0,FINAL_PASS,FINAL_UNCHECKED,0,-1.7750115059752716,-2.047335983981611,0.27232181299768854,0,2.6650086510926485e-06,1,0,0,0.0,0,0
test-1110,k4,unchecked,0,0,FINAL_UNCERTAIN,FINAL_UNCHECKED,0,6.519705078928382,5.6726404919463675,0.7841388870001538,0.06291631399653852,9.38598532229662e-06,3,215,215,6.335677190989372,50,1
test-23,k4,unchecked,1,1,FINAL_PASS,FINAL_UNCHECKED,0,-0.578393670002697,-0.7694151100004092,0.19101646800118033,0,4.971996531821787e-06,1,0,0,0.0,0,0
test-1249,k4,unchecked,0,0,FINAL_PASS,FINAL_UNCHECKED,0,0.9180421700293664,0.24922194704413414,0.6296074369893176,0.03920673999527935,6.046000635251403e-06,2,96,96,2.5048589979996905,431,1
test-783,k4,unchecked,0,0,BUDGET_VERIFIER,EOS,0,7.993121820036322,6.092483947024448,1.6981532250065356,0.2024617959978059,2.285200753249228e-05,6,309,537,14.941835174991866,578,4
test-857,k4,unchecked,1,1,FINAL_PASS,FINAL_UNCHECKED,0,-0.8101152710150927,-1.0607035670109326,0.250584314999287,0,3.980996552854776e-06,1,0,0,0.0,0,0
test-489,k4,unchecked,0,0,FINAL_PASS,FINAL_UNCHECKED,0,-0.4039446490642149,-0.6159291660587769,0.21198106800147798,0,3.4489930840209126e-06,1,0,0,0.0,0,0
test-916,k4,unchecked,0,0,EOS,FINAL_UNCHECKED,0,5.595542539056623,4.214344377047382,1.2859797730052378,0.095192147011403,2.6241992600262165e-05,5,216,431,12.341674672017689,290,2
test-263,k4,unchecked,1,1,FINAL_PASS,FINAL_UNCHECKED,0,-1.6817653240141226,-1.8900983140192693,0.20832878700457513,0,4.203000571578741e-06,1,0,0,0.0,0,0
test-177,k4,unchecked,1,1,FINAL_PASS,FINAL_UNCHECKED,0,-0.9395876940106973,-1.9944044240110088,1.0548070579970954,0,9.67200321611017e-06,3,0,0,0.0,0,0
test-1065,k4,unchecked,0,0,FINAL_PASS,FINAL_UNCHECKED,0,-0.7888825229601935,-0.9962501939735375,0.20735717700154055,0,1.0494011803530157e-05,1,0,0,0.0,0,0
test-450,k4,unchecked,0,0,BUDGET_VERIFIER,EOS,0,19.540713215974392,17.336520177981583,1.9274674499902176,0.2767006190115353,2.4968991056084633e-05,6,666,652,18.546941666994826,834,5
test-273,k4,unchecked,1,0,FINAL_PASS,FINAL_UNCHECKED,1,4.532247510011075,3.6610184620221844,0.8330792959895916,0.038134659989736974,1.5092009562067688e-05,3,193,261,6.8091094980045455,218,1
test-1131,k4,unchecked,0,0,FINAL_PASS,FINAL_UNCHECKED,0,5.364170491069672,4.439197677056654,0.8440838110109325,0.08085594199656043,3.3061005524359643e-05,4,200,200,5.600022492013522,321,2
test-888,k4,unchecked,1,1,FINAL_PASS,FINAL_UNCHECKED,0,1.848314155024127,1.4382974750042195,0.37704387100529857,0.032964458005153574,8.351009455509484e-06,2,81,81,2.077513750991784,96,1
test-675,k4,unchecked,0,0,FINAL_UNCERTAIN,FINAL_UNCHECKED,0,14.79834091795783,12.659510189972934,1.991678148988285,0.14713354199193418,1.9037004676647484e-05,5,470,495,15.467482034990098,376,2
test-1025,k4,unchecked,1,0,FINAL_PASS,FINAL_UNCHECKED,1,7.215191341005266,6.2843813200015575,0.8553775070031406,0.07542023200949188,1.2281991075724363e-05,4,246,246,7.185176704006153,315,2
test-902,k4,unchecked,1,1,FINAL_PASS,FINAL_UNCHECKED,0,-0.6941220209992025,-1.1087151570100104,0.41458628000691533,0,6.856003892607987e-06,2,0,0,0.0,0,0
test-494,k4,unchecked,0,0,BUDGET_VERIFIER,FINAL_UNCHECKED,0,31.068643389939098,29.047917122967192,1.8325430729892105,0.18816224999318365,2.0943989511579275e-05,6,1072,1204,34.09074222900381,1140,4
test-615,k4,unchecked,1,0,FINAL_PASS,FINAL_UNCHECKED,1,3.303936209034873,2.3524193840567023,0.8832240449846722,0.06828099599806592,1.1783995432779193e-05,3,100,123,4.056706588002271,100,1
test-423,k4,unchecked,0,0,BUDGET_VERIFIER,CONTEXT_LIMIT,0,-28.404890125995735,-30.300819808006054,1.6962721450108802,0.1996366340026725,2.0902996766380966e-05,6,-804,918,27.67470152997703,888,5
test-1097,k4,unchecked,1,0,FINAL_PASS,FINAL_UNCHECKED,1,7.8561711219808785,6.961717243000749,0.774280050987727,0.12016042998584453,1.3398006558418274e-05,4,240,240,8.074890526986565,269,3
test-473,k4,unchecked,0,0,FINAL_PASS,FINAL_UNCHECKED,0,1.965091104095336,1.3154323010821827,0.5769232400052715,0.07272007600113284,1.5487006749026477e-05,3,92,147,3.776246172012179,258,2
test-660,k4,unchecked,1,1,FINAL_PASS,FINAL_UNCHECKED,0,-1.9733755810011644,-2.435271690992522,0.4618913720041746,0,4.73798718303442e-06,2,-4,0,0.0,0,0
test-975,k4,unchecked,1,1,FINAL_UNCERTAIN,FINAL_UNCHECKED,0,6.025370032948558,4.712879513972439,1.2560839979851153,0.05638936799368821,1.7152997315861285e-05,4,241,271,8.80715290698572,168,1
test-1222,k4,unchecked,1,1,FINAL_PASS,FINAL_UNCHECKED,0,-1.0782130520237843,-1.2866533970081946,0.20843753399094567,0,2.8109934646636248e-06,1,0,0,0.0,0,0
test-580,k4,unchecked,0,0,EOS,FINAL_UNCHECKED,0,1.088939158958965,0.4818824979738565,0.6070446429948788,0,1.2017990229651332e-05,2,101,0,0.0,0,0
test-1023,k4,unchecked,1,1,FINAL_PASS,FINAL_UNCHECKED,0,-0.5398960200254805,-0.8546576510416344,0.31475909700384364,0,2.53401231020689e-06,1,0,0,0.0,0,0
test-525,k4,unchecked,0,0,EOS,FINAL_UNCHECKED,0,19.985543421062175,19.059587942028884,0.8150087220128626,0.1109235399926547,2.3217027774080634e-05,3,596,596,19.10351088900643,341,2
test-1177,k4,unchecked,1,1,FINAL_PASS,FINAL_UNCHECKED,0,-0.40702361305011436,-0.9289161660562968,0.521885887006647,0,6.665999535471201e-06,2,0,0,0.0,0,0
test-576,k4,unchecked,1,1,FINAL_PASS,FINAL_UNCHECKED,0,-1.147054651970393,-1.7786355409771204,0.6315747290063882,0,6.160000339150429e-06,2,0,0,0.0,0,0
test-901,k4,unchecked,0,0,BUDGET_VERIFIER,FINAL_UNCHECKED,0,22.739131153022754,21.056273472015164,1.490385338998749,0.19244722099392675,2.512101491447538e-05,6,797,898,26.141648376986268,1118,6
test-589,k4,unchecked,0,0,BUDGET_VERIFIER,FINAL_UNCHECKED,0,29.253768074064283,27.606253773032222,1.4476087860093685,0.19987797901558224,2.753600711002946e-05,6,925,925,27.144076424010564,1104,6
test-420,k4,unchecked,0,0,EOS,EOS,0,1.1317283340031281,1.1317233220033813,0,0,5.011999746784568e-06,0,0,0,0.0,0,0
test-1170,k4,unchecked,1,0,FINAL_PASS,FINAL_UNCHECKED,1,5.71324183906836,4.929836371054989,0.7461288590129698,0.037263128004269674,1.348099613096565e-05,3,209,209,6.056069076003041,191,1
test-13,k4,unchecked,0,0,EOS,EOS,0,-1.7350168569391826,-2.003451596945524,0.26842259500699583,0,1.2144999345764518e-05,1,0,0,0.0,0,0
test-453,k4,unchecked,0,0,BUDGET_VERIFIER,FINAL_UNCHECKED,0,17.556490691989893,15.772374627005775,1.5411085479863686,0.24298557399015408,2.1943007595837116e-05,6,512,512,16.68744617002085,638,5
test-317,k4,unchecked,1,1,FINAL_PASS,FINAL_UNCHECKED,0,-0.16822455199144315,-0.356358149976586,0.18813000498630572,0,3.592998837120831e-06,1,0,0,0.0,0,0
test-191,k4,unchecked,1,0,FINAL_PASS,FINAL_UNCHECKED,1,13.934814225955051,12.641127936978592,1.0952265129890293,0.19837790000019595,8.187598723452538e-05,6,434,434,13.070273528966936,388,5
test-927,k4,unchecked,1,1,FINAL_PASS,FINAL_UNCHECKED,0,-0.26491399202495813,-0.5342038070230046,0.2692867169971578,0,3.098000888712704e-06,1,0,0,0.0,0,0
test-638,k4,unchecked,1,0,FINAL_PASS,FINAL_UNCHECKED,1,6.763708965940168,6.2669701089616865,0.4589275319885928,0.037796327989781275,1.499700010754168e-05,2,206,206,6.948102565002046,123,1
test-1099,k4,unchecked,1,1,FINAL_PASS,FINAL_UNCHECKED,0,-1.0677927449869458,-1.3380241959966952,0.2702288319997024,0,2.619010047055781e-06,1,0,0,0.0,0,0
test-996,k4,unchecked,0,0,EOS,EOS,0,-0.010645601025316864,-0.27953117701690644,0.2688784219935769,0,7.153998012654483e-06,1,-28,0,0.0,0,0
test-918,k4,unchecked,1,0,FINAL_PASS,FINAL_UNCHECKED,1,5.307840825043968,4.79651474802813,0.4726000880036736,0.03871914900082629,6.840011337772012e-06,2,141,141,4.889224792001187,207,1
test-135,k4,unchecked,1,0,FINAL_PASS,FINAL_UNCHECKED,1,9.531516578965238,8.619808686969918,0.7891245780047029,0.12257052600034513,1.2787990272045135e-05,4,270,270,8.86281149199931,351,3
test-82,k4,unchecked,1,1,FINAL_PASS,FINAL_UNCHECKED,0,-0.9945978709874908,-1.371997588983504,0.37737795599969104,0,2.176199632231146e-05,2,0,0,0.0,0,0
test-1264,k4,unchecked,0,0,EOS,EOS,0,-1.0707114479737356,-1.0707149239606224,0,0,3.475986886769533e-06,0,0,0,0.0,0,0
test-717,k4,unchecked,1,1,FINAL_PASS,FINAL_UNCHECKED,0,0.8332458290242357,0.5636999970156467,0.26954246300738305,0,3.36900120601058e-06,1,0,0,0.0,0,0
test-1248,k4,unchecked,0,0,EOS,FINAL_UNCHECKED,0,12.810734202954336,12.092229054964264,0.6226151279988699,0.09587667000596412,1.3349985238164663e-05,2,336,336,10.53753062200849,515,2
test-398,k4,unchecked,1,1,FINAL_PASS,FINAL_UNCHECKED,0,-0.9749438850267325,-1.2261425500182668,0.2511949489999097,0,3.7159916246309876e-06,1,0,0,0.0,0,0
test-947,k4,unchecked,1,1,FINAL_PASS,FINAL_UNCHECKED,0,-0.4326227509736782,-0.6414386439719237,0.20881283799826633,0,3.05499997921288e-06,1,0,0,0.0,0,0
test-179,k4,unchecked,1,1,FINAL_PASS,FINAL_UNCHECKED,0,-0.8457422610081267,-1.0545985210046638,0.20885309600271285,0,3.163993824273348e-06,1,0,0,0.0,0,0
test-480,k4,unchecked,1,1,FINAL_PASS,FINAL_UNCHECKED,0,-0.8427752560091903,-1.052255373011576,0.20947720399999525,0,2.9130023904144764e-06,1,0,0,0.0,0,0
test-752,k4,unchecked,0,0,BUDGET_VERIFIER,FINAL_UNCHECKED,0,16.24506703102088,14.875792025995906,1.160090143996058,0.20916555702569894,1.930400321725756e-05,6,530,530,15.71124286999111,678,6
test-830,k4,unchecked,0,0,FINAL_PASS,FINAL_UNCHECKED,0,1.0334747270098887,0.7622767249995377,0.27119468100136146,0,3.321008989587426e-06,1,0,0,0.0,0,0
test-796,k4,unchecked,0,0,BUDGET_VERIFIER,FINAL_UNCHECKED,0,22.117023153958144,20.52593414898729,1.4153209070063895,0.17574755096575245,2.05469987122342e-05,6,701,701,20.81572110900015,832,5
test-210,k4,unchecked,0,0,FINAL_PASS,FINAL_UNCHECKED,0,-0.8684530180034926,-1.5002863040135708,0.6318266840098659,0,6.6020002122968435e-06,2,0,0,0.0,0,0
test-983,k4,unchecked,1,1,FINAL_PASS,FINAL_UNCHECKED,0,-0.9115892709960463,-1.1205213190114591,0.2089268150011776,0,5.233014235273004e-06,1,0,0,0.0,0,0
test-152,k4,unchecked,1,0,FINAL_PASS,FINAL_UNCHECKED,1,4.032258218008792,3.557266259987955,0.43747857499693055,0.03750700301316101,6.380010745488107e-06,2,142,142,4.524941285999375,141,1
test-51,k4,unchecked,1,0,FINAL_PASS,FINAL_UNCHECKED,1,4.575512929004617,3.271844461982255,1.1719576150062494,0.13168832700466737,2.252501144539565e-05,5,171,373,11.496062669015373,428,3
test-75,k4,unchecked,0,0,BUDGET_VERIFIER,FINAL_UNCHECKED,0,15.541647928024759,14.0435521290201,1.2947653349983739,0.20330651999393012,2.3944012355059385e-05,6,528,602,17.850852508010576,789,6
test-270,k4,unchecked,1,1,FINAL_PASS,FINAL_UNCHECKED,0,-1.0991518430237193,-1.3680279300024267,0.2688729959918419,0,3.0909868655726314e-06,1,0,0,0.0,0,0
test-518,k4,unchecked,1,1,FINAL_PASS,FINAL_UNCHECKED,0,-1.1942626939708134,-1.8114833409781568,0.6172140880080406,0,6.5589993027970195e-06,2,0,0,0.0,0,0
test-788,k4,unchecked,1,1,FINAL_PASS,FINAL_UNCHECKED,0,-0.32817779600736685,-0.5160689949989319,0.18788846000097692,0,2.7389905881136656e-06,1,0,0,0.0,0,0
test-903,k4,unchecked,1,1,FINAL_PASS,FINAL_UNCHECKED,0,-2.611361563045648,-3.3782975380308926,0.7669257980014663,0,1.0176983778364956e-05,2,1,0,0.0,0,0
test-1236,k4,unchecked,1,1,FINAL_PASS,FINAL_UNCHECKED,0,-1.7340093880047789,-2.0038255080144154,0.2698109979974106,0,5.122012225911021e-06,1,0,0,0.0,0,0
test-782,k4,unchecked,0,0,FINAL_PASS,FINAL_UNCHECKED,0,8.58437342903926,7.868452022041311,0.6416152710153256,0.07429142598994076,1.4709992683492601e-05,3,276,276,8.708161066984758,266,2
test-865,k4,unchecked,1,1,FINAL_PASS,FINAL_UNCHECKED,0,-1.4820751070074039,-1.751665783012868,0.2695866440044483,0,4.032001015730202e-06,1,0,0,0.0,0,0
test-979,k4,unchecked,0,0,BUDGET_VERIFIER,FINAL_UNCHECKED,0,0.27144911300274543,-1.3264045790128876,1.4166260700003477,0.18120378199091647,2.3840024368837476e-05,6,92,554,15.887226270016981,710,4
test-239,k4,unchecked,1,1,FINAL_PASS,FINAL_UNCHECKED,0,-1.7113432679907419,-1.979494426981546,0.26814822299638763,0,2.935994416475296e-06,1,0,0,0.0,0,0
test-169,k4,unchecked,1,1,FINAL_PASS,FINAL_UNCHECKED,0,-0.57990870908543,-1.048154295058339,0.46823771997878794,0,7.865994120948017e-06,2,0,0,0.0,0,0
test-150,k4,unchecked,0,0,BUDGET_VERIFIER,EOS,0,26.369385443947976,24.69148648393457,1.4769451470201602,0.2009317460033344,2.2066989913582802e-05,6,811,895,29.330291124002542,1117,6
test-959,k4,unchecked,1,0,FINAL_PASS,FINAL_UNCHECKED,1,6.738906858037808,5.606637657037936,1.091037078993395,0.04121513800055254,1.698400592431426e-05,4,248,248,7.350782860987238,265,1
test-186,k4,unchecked,0,0,BUDGET_VERIFIER,FINAL_UNCHECKED,0,6.231605663051596,4.3617647790088085,1.6166903950215783,0.25312352400214877,2.69650190602988e-05,6,227,546,16.000554862999707,761,5
test-418,k4,unchecked,1,1,FINAL_PASS,FINAL_UNCHECKED,0,-1.311245744014741,-1.8110296560043935,0.49977651399967726,0,7.39798997528851e-06,2,0,0,0.0,0,0
test-392,k4,unchecked,0,1,EOS,FINAL_UNCHECKED,-1,6.561904941961984,5.816944515987416,0.6645812039932935,0.08036367400200106,1.5547979273833334e-05,3,253,373,11.603104711000924,326,2
test-1006,k4,unchecked,1,0,FINAL_PASS,FINAL_UNCHECKED,1,9.446019007024006,8.543706653028494,0.8155731389997527,0.08672810200368986,1.1112992069683969e-05,3,331,331,10.266701282002032,379,2
test-1156,k4,unchecked,1,1,FINAL_PASS,FINAL_UNCHECKED,0,-1.1711587960307952,-1.6714843940426363,0.5003196489997208,0,5.949012120254338e-06,2,10,0,0.0,0,0
test-161,k4,unchecked,1,1,FINAL_PASS,FINAL_UNCHECKED,0,-1.094328372972086,-1.6341832039761357,0.5398475830006646,0,7.248003385029733e-06,2,0,0,0.0,0,0
test-686,k4,unchecked,1,1,FINAL_PASS,FINAL_UNCHECKED,0,-0.9822968830121681,-1.1924653380119707,0.2101653179997811,0,3.1370000215247273e-06,1,0,0,0.0,0,0
test-80,k4,unchecked,0,0,FINAL_PASS,FINAL_UNCHECKED,0,-1.1736174830293749,-1.3814067280181916,0.20778642199002206,0,2.8229987947270274e-06,1,0,0,0.0,0,0
test-1154,k4,unchecked,1,1,FINAL_PASS,FINAL_UNCHECKED,0,-1.0445899739861488,-1.2542767679842655,0.20968352300405968,0,3.2709940569475293e-06,1,0,0,0.0,0,0
test-1206,k4,unchecked,1,1,FINAL_PASS,FINAL_UNCHECKED,0,-1.603143441985594,-2.1945412089989986,0.5913920280145248,0,5.738998879678547e-06,2,-1,0,0.0,0,0
test-984,k4,unchecked,0,0,BUDGET_VERIFIER,FINAL_UNCHECKED,0,13.611948524907348,11.686693315932644,1.7201124419807456,0.20510923498659395,3.353200736455619e-05,6,600,600,17.41101607499877,1222,5
test-365,k4,unchecked,1,1,FINAL_PASS,FINAL_UNCHECKED,0,-0.7133707530156244,-0.9197974180133315,0.20642343099461868,0,3.2340030884370208e-06,1,0,0,0.0,0,0
test-42,k4,unchecked,1,1,FINAL_PASS,FINAL_UNCHECKED,0,-0.610710756998742,-0.8191852619929705,0.2084711560019059,0,3.3489923225715756e-06,1,0,0,0.0,0,0
test-208,k4,unchecked,1,1,FINAL_PASS,FINAL_UNCHECKED,0,-0.9129824690171517,-1.121111776024918,0.2081253850046778,0,3.922003088518977e-06,1,0,0,0.0,0,0
test-247,k4,unchecked,1,0,FINAL_PASS,FINAL_UNCHECKED,1,11.341901589999907,10.308383636991493,0.9514167470042594,0.08208267499867361,1.8531005480326712e-05,4,368,368,11.458977506001247,391,2
test-269,k4,unchecked,1,1,FINAL_PASS,FINAL_UNCHECKED,0,-0.8470056790392846,-1.3251924330252223,0.47817797798779793,0,8.775998139753938e-06,2,-4,0,0.0,0,0
test-695,k4,unchecked,1,1,FINAL_PASS,FINAL_UNCHECKED,0,-0.9013573080010246,-1.1081769689917564,0.2068168859987054,0,2.774992026388645e-06,1,0,0,0.0,0,0
test-159,k4,unchecked,0,0,FINAL_PASS,FINAL_UNCHECKED,0,-0.9896812880324433,-1.198661880029249,0.2089763660042081,0,4.225992597639561e-06,1,0,0,0.0,0,0
test-1155,k4,unchecked,1,1,FINAL_PASS,FINAL_UNCHECKED,0,-1.1605932650418254,-1.3700899590476183,0.20949340400693472,0,3.2899988582357764e-06,1,0,0,0.0,0,0
test-333,k4,unchecked,1,1,FINAL_PASS,FINAL_UNCHECKED,0,-2.302001383010065,-2.5736931990250014,0.27168880100362003,0,3.015011316165328e-06,1,0,0,0.0,0,0
test-762,k4,unchecked,1,1,FINAL_PASS,FINAL_UNCHECKED,0,-2.043119750014739,-2.3113744140136987,0.26825161700253375,0,3.0469964258372784e-06,1,0,0,0.0,0,0
test-1147,k4,unchecked,1,1,FINAL_PASS,FINAL_UNCHECKED,0,-2.7746627169981366,-3.165829694000422,0.391164219006896,0,2.7579953894019127e-06,1,0,0,0.0,0,0
test-818,k4,unchecked,1,1,FINAL_PASS,FINAL_UNCHECKED,0,-0.6961205509724095,-0.9453140559635358,0.2491903589980211,0,3.145993105135858e-06,1,0,0,0.0,0,0
test-645,k4,unchecked,1,1,FINAL_PASS,FINAL_UNCHECKED,0,-0.7172619360644603,-0.9233577160630375,0.20609206600056496,0,3.7139980122447014e-06,1,0,0,0.0,0,0
test-963,k4,unchecked,0,0,EOS,FINAL_UNCHECKED,0,9.68210172597901,9.181491611976526,0.41671744600171223,0.08388242300134152,1.0244999430142343e-05,2,341,341,10.916363483993337,388,2
test-1149,random,endpoint,0,0,FINAL_PASS,FINAL_PASS,0,-0.3509832600102527,-0.03980175900505856,-0.3113472169934539,0,0.00016571598825976253,0,0,0,0.0,0,0
test-690,random,endpoint,1,1,FINAL_PASS,FINAL_PASS,0,-0.3420682990545174,-0.21652286102471408,-0.12562199302192312,0,7.655499211978167e-05,0,0,0,0.0,0,0
test-823,random,endpoint,0,0,FINAL_PASS,FINAL_PASS,0,-1.452130486999522,-1.3704626570106484,-0.08174754898936953,0,7.971900049597025e-05,0,0,0,0.0,0,0
test-1110,random,endpoint,0,0,BUDGET_VERIFIER,BUDGET_VERIFIER,0,2.549826881950139,3.1898428210115526,-0.2808201610605465,-0.3597188949934207,0.000523116992553696,0,237,217,2.8673040460562333,210,-1
test-23,random,endpoint,1,1,FINAL_PASS,FINAL_PASS,0,-0.35853344699717127,-0.2876375390042085,-0.07100444799289107,0,0.00010853999992832541,0,0,0,0.0,0,0
test-1249,random,endpoint,0,0,FINAL_PASS,FINAL_PASS,0,-1.8067539411276812,-1.6370248680468649,-0.13825452905439306,-0.0315937630366534,0.0001192190102301538,0,0,0,0.16929776698816568,0,0
test-783,random,endpoint,0,0,BUDGET_VERIFIER,EOS,0,34.655194985927665,32.47967695997795,2.028622021971387,0.14619022300757933,0.0007057809707475826,6,1350,1479,38.49789822398452,1692,3
test-857,random,endpoint,1,1,FINAL_PASS,FINAL_PASS,0,-1.0133824479562463,-0.942026177974185,-0.0714252669858979,0,6.899700383655727e-05,0,0,0,0.0,0,0
test-489,random,endpoint,0,0,FINAL_PASS,FINAL_PASS,0,-0.8061035099963192,-0.7469778020167723,-0.05918513398501091,0,5.9426005464047194e-05,0,0,0,0.0,0,0
test-916,random,endpoint,1,1,FINAL_PASS,FINAL_PASS,0,-27.953530670012697,-27.38359383898205,-0.5709585080039687,0.0007193469791673124,0.00030232999415602535,1,-782,-639,-21.852488989010453,-650,0
test-263,random,endpoint,1,1,FINAL_PASS,FINAL_PASS,0,-1.2520839660428464,-1.4129548100318061,0.16070817298896145,0,0.00016267099999822676,1,0,0,0.0,0,0
test-177,random,endpoint,1,1,FINAL_PASS,FINAL_PASS,0,-2.7201592820929363,-3.569530929074972,0.8490998279885389,0,0.00027181899349670857,3,0,0,0.0,0,0
test-1065,random,endpoint,0,0,FINAL_PASS,FINAL_PASS,0,-1.822467024976504,-1.7502759819908533,-0.07236539798032027,0,0.00017435499466955662,0,0,0,0.0,0,0
test-450,random,endpoint,1,0,FINAL_PASS,EOS,1,1.7688485389662674,0.6323670869605849,1.0705269370082533,0.06571253499714658,0.00024198000028263777,4,119,221,5.945981782992021,69,1
test-273,random,endpoint,0,1,BUDGET_VERIFIER,FINAL_PASS,-1,-3.1951777550275438,-3.770951798040187,0.5185231030191062,0.056821434991434216,0.0004295050021028146,3,-41,-98,-3.899384338990785,38,1
test-1131,random,endpoint,0,0,FINAL_PASS,BUDGET_VERIFIER,0,-27.312101176998112,-26.156050038000103,-1.0015837800165173,-0.15475832598167472,0.00029096700018271804,-2,-722,-722,-23.961812275039847,-852,-4
test-888,random,endpoint,1,1,FINAL_PASS,FINAL_PASS,0,-2.3252755569992587,-2.179379995970521,-0.13727446504344698,-0.00875750598788727,0.00013641000259667635,0,-58,14,0.46247676902567036,-72,0
test-675,random,endpoint,0,0,FINAL_PASS,GEN_BUDGET,0,-46.042391835930175,-46.888305647909874,0.7276512879761867,0.11783878401911352,0.00042373998439870775,2,-1308,-1231,-40.54773825396842,-382,0
test-1025,random,endpoint,0,1,BUDGET_VERIFIER,FINAL_PASS,-1,3.1927865889156237,2.641628610988846,0.505642859992804,0.04509080697607715,0.0004243109578965232,3,183,241,6.040117232027114,41,1
test-902,random,endpoint,1,1,FINAL_PASS,FINAL_PASS,0,-2.5902027949341573,-2.5163698369578924,-0.07390728098107502,0,7.432300481013954e-05,0,0,0,0.0,0,0
test-494,random,endpoint,0,0,BUDGET_VERIFIER,BUDGET_VERIFIER,0,-18.048672748947865,-17.86525206999795,-0.1591071489820024,-0.024728623960982077,0.00041509399306960404,0,-441,-669,-22.850833140997565,-635,-2
test-615,random,endpoint,1,1,FINAL_PASS,FINAL_PASS,0,-10.482317292960943,-10.662981172965374,0.2301445430057356,-0.050058125983923674,0.0005774629826191813,2,-275,-287,-9.302434879995417,-292,-1
test-423,random,endpoint,0,0,BUDGET_VERIFIER,CONTEXT_LIMIT,0,-27.535056770051597,-29.45639986106835,1.7372137009951985,0.18350813201686833,0.0006212580046849325,6,-588,1196,34.336786110987305,1208,5
test-1097,random,endpoint,1,1,FINAL_PASS,FINAL_PASS,0,-2.1438947970600566,-2.273452269975678,0.15646779599774163,-0.027404341075452976,0.0004940179933328182,2,0,0,-0.8830990199930966,0,0
test-473,random,endpoint,1,1,FINAL_PASS,FINAL_PASS,0,-8.554021991949412,-8.494656075927196,-0.018279576994245872,-0.041265232022851706,0.0001788929948816076,1,-250,-195,-6.178187769954093,-174,-1
test-660,random,endpoint,1,1,FINAL_PASS,FINAL_PASS,0,0.08990311904926784,-0.4391809589724289,0.5288292160257697,0,0.00025486199592705816,3,5,0,0.0,0,0
test-975,random,endpoint,0,1,EOS,FINAL_PASS,-1,-3.539979024004424,-3.3029515789821744,-0.2371501550078392,0,0.00012270998558960855,0,-64,0,0.0,0,0
test-1222,random,endpoint,1,1,FINAL_PASS,FINAL_PASS,0,1.4356479980342556,1.011659151990898,0.371192509031971,0.05251775299257133,0.0002785840188153088,2,62,61,1.8961697589984396,56,1
test-580,random,endpoint,0,0,EOS,BUDGET_VERIFIER,0,-36.932547398027964,-35.44447202197625,-1.2401032659836346,-0.24825166206574067,0.00027955199766438454,-3,-1082,-1183,-37.12685707898345,-1565,-6
test-1023,random,endpoint,1,1,FINAL_PASS,FINAL_PASS,0,-2.0203657730453415,-2.197784598043654,0.1772733679972589,0,0.00014545700105372816,1,0,0,0.0,0,0
test-525,random,endpoint,0,0,EOS,EOS,0,1.8685640730400337,1.3208775620441884,0.483876837985008,0.06357124801434111,0.0002384249964961782,2,148,156,2.967582141980529,37,1
test-1177,random,endpoint,1,1,FINAL_PASS,FINAL_PASS,0,-0.9198557839990826,-1.2687205279798945,0.3486519779835362,0,0.0002127659972757101,2,0,0,0.0,0,0
test-576,random,endpoint,1,1,FINAL_PASS,FINAL_PASS,0,-5.171252001018729,-5.633112065974274,0.46165522196679376,0,0.00020484298875089735,2,0,0,0.0,0,0
test-901,random,endpoint,0,0,FINAL_UNCERTAIN,EOS,0,-5.792264945033821,-6.589948924985947,0.7393459799641278,0.05794573501043487,0.0003922649775631726,4,-89,-8,-1.9235524860559963,-157,1
test-589,random,endpoint,0,0,BUDGET_VERIFIER,BUDGET_VERIFIER,0,-15.332766546023777,-14.91429830706329,-0.3750881619780557,-0.04375672600872349,0.00037664902629330754,0,-359,-359,-14.563019297042047,-412,-1
test-420,random,endpoint,0,0,EOS,EOS,0,-1.395267762010917,-1.3953212140186224,0,0,5.345200770534575e-05,0,0,0,0.0,0,0
test-1170,random,endpoint,0,1,BUDGET_VERIFIER,FINAL_PASS,-1,5.0725652500696015,4.092788227048004,0.9483036570163677,0.03101928799878806,0.00045407800644170493,4,160,253,7.414904147066409,-12,1
test-13,random,endpoint,0,0,EOS,EOS,0,3.356791327983956,2.3928823140013264,0.9231264300033217,0.040410287998383865,0.0003722959809238091,4,87,297,8.173193802998867,283,1
test-453,random,endpoint,0,1,FINAL_UNCERTAIN,FINAL_PASS,-1,-15.911920754093444,-15.654743648032309,-0.17184809005993884,-0.08567463597864844,0.0003456199774518609,0,-354,-354,-11.887190761975944,-425,-2
test-317,random,endpoint,1,1,FINAL_PASS,FINAL_PASS,0,-3.586317757057259,-3.5122812640474876,-0.07409262799774297,0,5.613498797174543e-05,0,0,0,0.0,0,0
test-191,random,endpoint,0,1,BUDGET_VERIFIER,FINAL_PASS,-1,-8.817361057866947,-8.49858087488974,-0.13842812800430693,-0.18085905598127283,0.0005070010083727539,0,-155,-155,-5.7821501779108075,-225,-3
test-927,random,endpoint,1,1,FINAL_PASS,FINAL_PASS,0,-3.3021948340174276,-3.414363776013488,0.11200018398812972,0,0.0001687580079305917,1,0,0,0.0,0,0
test-638,random,endpoint,1,1,FINAL_PASS,FINAL_PASS,0,-3.1336567039979855,-3.2307427910127444,0.09462599102698732,0.0022041569754946977,0.00025593901227694005,1,0,0,-0.6031272260297555,0,0
test-1099,random,endpoint,1,1,FINAL_PASS,FINAL_PASS,0,-5.437635415888508,-5.576496788911754,0.13868527601880487,0,0.00017609700444154441,1,0,0,0.0,0,0
test-996,random,endpoint,1,0,FINAL_PASS,EOS,1,1.2218067190260626,0.5056774460099405,0.71597094500612,0,0.00015832801000215113,2,104,0,0.0,0,0
test-918,random,endpoint,1,1,FINAL_PASS,FINAL_PASS,0,-2.9763026649306994,-2.875536948966328,-0.10729134798748419,0.006333153010928072,0.00019247901218477637,0,0,0,-0.6780100659962045,0,0
test-135,random,endpoint,0,1,FINAL_PASS,FINAL_PASS,-1,-12.762863575815572,-12.067402992921416,-0.5746640379074961,-0.12104855598590802,0.00025201099924743176,-2,-332,-340,-11.501314846929745,-412,-3
test-82,random,endpoint,1,1,FINAL_PASS,FINAL_PASS,0,-0.08514862896117847,-0.41382858698489144,0.3284579880128149,0,0.000221970010898076,2,0,0,0.0,0,0
test-1264,random,endpoint,0,0,EOS,EOS,0,-3.1008662470121635,-3.100916468014475,0,0,5.022100231144577e-05,0,0,0,0.0,0,0
test-717,random,endpoint,1,1,FINAL_PASS,FINAL_PASS,0,-0.009097913920413703,-0.43372921297850553,0.4243960200547008,0,0.00023527900339104235,2,0,0,0.0,0,0
test-1248,random,endpoint,0,0,BUDGET_VERIFIER,EOS,0,-5.831966086028842,-6.517722045027767,0.5920353910478298,0.093217723959242,0.0005028439918532968,4,-77,139,1.712225885989028,21,3
test-398,random,endpoint,1,1,FINAL_PASS,FINAL_PASS,0,-0.5422762910020538,-0.6729005460219923,0.13034244801383466,0,0.00028180700610391796,1,0,0,0.0,0,0
test-947,random,endpoint,1,1,FINAL_PASS,FINAL_PASS,0,-0.29474433000723366,-0.3970454079826595,0.10216538899112493,0,0.00013568898430094123,1,0,0,0.0,0,0
test-179,random,endpoint,1,1,FINAL_PASS,FINAL_PASS,0,-1.6120454110350693,-1.543234640994342,-0.06887635003658943,0,6.557999586220831e-05,0,0,0,0.0,0,0
test-480,random,endpoint,1,1,FINAL_PASS,FINAL_PASS,0,-1.7756014640035573,-1.7066094860056182,-0.06913065900153015,0,0.00013868100359104574,0,0,0,0.0,0,0
test-752,random,endpoint,1,0,FINAL_PASS,BUDGET_VERIFIER,1,-14.375732686952688,-13.542315936021623,-0.6994327679567505,-0.13423364696791396,0.0002496639935998246,-2,-372,-372,-11.870769861023291,-537,-4
test-830,random,endpoint,0,0,FINAL_PASS,FINAL_PASS,0,-1.7541982059919974,-1.658296450987109,-0.09595514701504726,0,5.339201015885919e-05,0,0,0,0.0,0,0
test-796,random,endpoint,0,0,FINAL_PASS,BUDGET_VERIFIER,0,-29.87079743706272,-28.340491619994282,-1.2894839460932417,-0.24096710496814921,0.00014523399295285344,-4,-880,-892,-28.08087438700022,-1113,-6
test-210,random,endpoint,0,0,BUDGET_VERIFIER,FINAL_PASS,0,7.992589987945394,6.467131894954946,1.3854812650097301,0.13957831100560725,0.00039851697511039674,5,315,343,9.150154468996334,456,3
test-983,random,endpoint,1,1,FINAL_PASS,FINAL_PASS,0,-1.109234989999095,-1.0409316320292419,-0.06837556196842343,0,7.220399857033044e-05,0,0,0,0.0,0,0
test-152,random,endpoint,0,1,BUDGET_VERIFIER,FINAL_PASS,-1,9.652522323973244,8.835378634961671,0.7017320570303127,0.11498012999072671,0.00043150199053343385,4,330,330,9.12824489796185,360,3
test-51,random,endpoint,1,0,FINAL_PASS,BUDGET_VERIFIER,1,-33.17936155897041,-32.01882259901322,-0.9439451300713699,-0.21688178688054904,0.00028795699472539127,-2,-909,-724,-24.61741162103135,-1184,-6
test-75,random,endpoint,0,0,BUDGET_VERIFIER,BUDGET_VERIFIER,0,-28.1609428650263,-27.476735961055965,-0.6346957999630831,-0.049984156983555295,0.0004730529763037339,0,-700,-700,-25.498233582038665,-732,-1
test-270,random,endpoint,1,1,FINAL_PASS,FINAL_PASS,0,-0.3061303350550588,-0.43606187601108104,0.1296943259658292,0,0.00023721499019302428,1,-3,0,0.0,0,0
test-518,random,endpoint,1,1,FINAL_PASS,FINAL_PASS,0,-2.029366476010182,-1.9318222369765863,-0.09759684403252322,0,5.260499892756343e-05,0,0,0,0.0,0,0
test-788,random,endpoint,1,1,FINAL_PASS,FINAL_PASS,0,-0.7273953110270668,-0.6619330729881767,-0.06551561303786002,0,5.337499896995723e-05,0,0,0,0.0,0,0
test-903,random,endpoint,1,1,FINAL_PASS,FINAL_PASS,0,-3.584404482971877,-3.8173713319702074,0.2328363129927311,0,0.00013053600559942424,1,1,0,0.0,0,0
test-1236,random,endpoint,1,1,FINAL_PASS,FINAL_PASS,0,-0.7071174790471559,-1.1110298639978282,0.4036083959508687,0,0.00030398899980355054,2,-3,0,0.0,0,0
test-782,random,endpoint,0,0,FINAL_PASS,FINAL_PASS,0,-3.166487962953397,-3.3495063839800423,0.18567806502687745,-0.003100957997958176,0.00044131399772595614,2,-34,-34,-1.9433192639844492,-28,0
test-865,random,endpoint,1,1,FINAL_PASS,FINAL_PASS,0,-1.526150001984206,-1.7131829029676737,0.18689715796790551,0,0.00013574301556218415,1,-14,0,0.0,0,0
test-979,random,endpoint,0,0,EOS,EOS,0,-13.054053645159001,-13.526470533077372,0.3446588239457924,0.12733791099162772,0.000420152980950661,3,-176,286,5.522641674921033,-270,2
test-239,random,endpoint,1,1,FINAL_PASS,FINAL_PASS,0,0.780557848062017,0.6159078720374964,0.16449668903078418,0,0.0001532869937364012,1,43,0,0.0,0,0
test-169,random,endpoint,1,1,FINAL_PASS,FINAL_PASS,0,-1.5390995669877157,-1.6733097799879033,0.1340556730137905,0,0.00015453998639713973,1,0,0,0.0,0,0
test-150,random,endpoint,0,0,BUDGET_VERIFIER,EOS,0,7.087210366022191,5.517474356049206,1.4108997579896823,0.1584103599889204,0.0004258919943822548,6,301,484,13.626197895995574,341,5
test-959,random,endpoint,1,1,FINAL_PASS,FINAL_PASS,0,-7.582865653035697,-8.163533419021405,0.589683685961063,-0.009609355984139256,0.00059343600878492,4,-64,-64,-5.395132956997259,0,0
test-186,random,endpoint,0,1,BUDGET_VERIFIER,FINAL_PASS,-1,-29.525374629040016,-29.496858465936384,-0.1550499589939136,0.12600306792592164,0.0005307279643602669,3,-708,-389,-17.561969725982635,58,4
test-418,random,endpoint,1,1,FINAL_PASS,FINAL_PASS,0,-1.2197252560436027,-1.337862560976646,0.11799599495134316,0,0.00014130998170003295,1,-28,0,0.0,0,0
test-392,random,endpoint,0,0,BUDGET_VERIFIER,EOS,0,-24.94832968596893,-24.4623346139997,-0.37060662703879643,-0.1159101689408999,0.0005217240104684606,1,-637,-517,-19.0837035960285,-627,-2
test-1006,random,endpoint,1,1,FINAL_PASS,FINAL_PASS,0,-8.990360792115098,-9.379486875070143,0.4489238290407229,-0.06034872007148806,0.0005509739858098328,3,-229,-83,-4.218234445055714,-327,-1
test-1156,random,endpoint,1,1,FINAL_PASS,FINAL_PASS,0,-1.4995189519686392,-1.6405705419747392,0.14090570400003344,0,0.00014588600606657565,1,0,0,0.0,0,0
test-161,random,endpoint,1,1,FINAL_PASS,FINAL_PASS,0,-1.341246998970746,-1.4254034299956402,0.08402555000793654,0,0.0001308810169575736,1,-34,0,0.0,0,0
test-686,random,endpoint,1,1,FINAL_PASS,FINAL_PASS,0,-1.2687446860363707,-1.384226235022652,0.11534822899557184,0,0.00013331999070942402,1,0,0,0.0,0,0
test-80,random,endpoint,0,0,FINAL_PASS,FINAL_PASS,0,-1.0863614679401508,-1.2167920239589876,0.1302670270233648,0,0.0001635289954720065,1,0,0,0.0,0,0
test-1154,random,endpoint,1,1,FINAL_PASS,FINAL_PASS,0,-0.5631685890402878,-0.6584648700518301,0.0951780720060924,0,0.00011820900544989854,1,-10,0,0.0,0,0
test-1206,random,endpoint,1,1,FINAL_PASS,FINAL_PASS,0,-2.7684527069650358,-2.658799216951593,-0.10972609202144668,0,7.26020080037415e-05,0,0,0,0.0,0,0
test-984,random,endpoint,0,0,BUDGET_VERIFIER,GEN_BUDGET,0,-36.865997435263125,-36.21853179909522,-0.6062845150736393,-0.04161564109381288,0.0004345199995441362,1,-869,-294,-16.008020812048926,-687,1
test-365,random,endpoint,1,1,FINAL_PASS,FINAL_PASS,0,-1.4955459680350032,-1.420525911016739,-0.07507401800830849,0,5.396099004428834e-05,0,0,0,0.0,0,0
test-42,random,endpoint,1,1,FINAL_PASS,FINAL_PASS,0,-1.2764473830466159,-1.2068118690367555,-0.0696853310073493,0,4.9816997488960624e-05,0,0,0,0.0,0,0
test-208,random,endpoint,1,1,FINAL_PASS,FINAL_PASS,0,-1.1097914159618085,-1.0395284539845306,-0.07034987797669601,0,8.691599941812456e-05,0,0,0,0.0,0,0
test-247,random,endpoint,1,1,FINAL_PASS,FINAL_PASS,0,-7.594351991006988,-7.333428379992256,-0.25183628202648833,-0.009444278999581002,0.00035695001133717597,0,-191,-136,-5.039807382971048,-187,0
test-269,random,endpoint,1,1,FINAL_PASS,FINAL_PASS,0,-0.4933035659487359,-0.8131625499809161,0.31964636100747157,0,0.0002126230247085914,2,-4,0,0.0,0,0
test-695,random,endpoint,1,1,FINAL_PASS,FINAL_PASS,0,-1.5627845610288205,-1.4685716009698808,-0.09429004705452826,0,7.708699558861554e-05,0,0,0,0.0,0,0
test-159,random,endpoint,0,0,FINAL_PASS,FINAL_PASS,0,-1.039284540063818,-0.9589981860481203,-0.08034051301365253,0,5.4158997954800725e-05,0,0,0,0.0,0,0
test-1155,random,endpoint,1,1,FINAL_PASS,FINAL_PASS,0,-2.056413029989926,-1.9803329960122937,-0.07612864997645374,0,4.861599882133305e-05,0,0,0,0.0,0,0
test-333,random,endpoint,1,1,FINAL_PASS,FINAL_PASS,0,-0.9261717949993908,-1.0691137829853687,0.1427147209760733,0,0.00022726700990460813,1,0,0,0.0,0,0
test-762,random,endpoint,1,1,FINAL_PASS,FINAL_PASS,0,-1.8476872210012516,-1.7567440680140862,-0.09098188699863385,0,3.873401146847755e-05,0,0,0,0.0,0,0
test-1147,random,endpoint,1,1,FINAL_PASS,FINAL_PASS,0,-3.5070337460638257,-3.3672882490209304,-0.13981880503706634,0,7.330799417104572e-05,0,0,0,0.0,0,0
test-818,random,endpoint,1,1,FINAL_PASS,FINAL_PASS,0,-1.25362432799011,-1.1675342429516604,-0.08616726702894084,0,7.718199049122632e-05,0,0,0,0.0,0,0
test-645,random,endpoint,1,1,FINAL_PASS,FINAL_PASS,0,-0.8011533058888745,-0.7224275349144591,-0.07883438697899692,0,0.00010861600458156317,0,0,0,0.0,0,0
test-963,random,endpoint,0,0,EOS,EOS,0,-2.6057449260842986,-2.4672997100278735,-0.1281453580595553,-0.010553610001807101,0.0002537520049372688,0,0,0,-0.6958871980023105,0,0
test-1149,random,k4,0,0,FINAL_PASS,FINAL_PASS,0,0.6337292050011456,0.6539407429954736,-0.02037281398952473,0,0.0001612759951967746,0,0,0,0.0,0,0
test-690,random,k4,1,1,FINAL_PASS,FINAL_PASS,0,2.42940289802209,2.4338308430014877,-0.004501076982705854,0,7.313200330827385e-05,0,0,0,0.0,0,0
test-823,random,k4,0,0,FINAL_PASS,FINAL_PASS,0,0.5968726149876602,0.5998594269913156,-0.0030638659955002367,0,7.70539918448776e-05,0,0,0,0.0,0,0
test-1110,random,k4,0,0,BUDGET_VERIFIER,FINAL_UNCERTAIN,0,28.287311799038434,27.307107377040666,0.8843769209925085,0.09531376999802887,0.0005137310072313994,3,912,892,26.08453094602737,1198,4
test-23,random,k4,1,1,FINAL_PASS,FINAL_PASS,0,0.20881147001637146,0.21177099100896157,-0.003063088995986618,0,0.00010356800339650363,0,0,0,0.0,0,0
test-1249,random,k4,0,0,FINAL_PASS,FINAL_PASS,0,1.469889851010521,1.470622494991403,-0.0056916149915196,0.004845798001042567,0.0001131730095949024,0,0,0,0.6054313459899276,0,0
test-783,random,k4,0,0,BUDGET_VERIFIER,BUDGET_VERIFIER,0,27.193949706925196,26.919069553987356,0.3304687969648512,-0.05627157299022656,0.0006829289632150903,0,1041,942,23.556063048992655,1114,-1
test-857,random,k4,1,1,FINAL_PASS,FINAL_PASS,0,0.42368533699482214,0.42355466399749275,6.56569900456816e-05,0,6.501600728370249e-05,0,0,0,0.0,0,0
test-489,random,k4,0,0,FINAL_PASS,FINAL_PASS,0,0.09713620401453227,0.10090791500988416,-0.003827688007731922,0,5.597701238002628e-05,0,0,0,0.0,0,0
test-916,random,k4,1,0,FINAL_PASS,EOS,1,3.881858401975478,3.937463577982271,-0.11058414398576133,0.05470287997741252,0.0002760880015557632,0,117,45,1.0774860119709047,170,1
test-263,random,k4,1,1,FINAL_PASS,FINAL_PASS,0,0.743507276973105,0.518452863994753,0.2248959449789254,0,0.00015846799942664802,1,0,0,0.0,0,0
test-177,random,k4,1,1,FINAL_PASS,FINAL_PASS,0,0.4241439859615639,0.11351520397874992,0.31036663499253336,0,0.0002621469902805984,1,0,0,0.0,0,0
test-1065,random,k4,0,0,FINAL_PASS,FINAL_PASS,0,-0.13260978601465467,-0.13598728200304322,0.0032136350055225194,0,0.00016386098286602646,0,0,0,0.0,0,0
test-450,random,k4,1,0,FINAL_PASS,BUDGET_VERIFIER,1,-15.643083579008817,-14.57537199302169,-0.8569405129819643,-0.21098808401438873,0.00021701100922655314,-2,-547,-431,-12.600959884002805,-765,-4
test-273,random,k4,0,1,BUDGET_VERIFIER,FINAL_PASS,-1,11.28340343295713,10.439670534964534,0.7278085659927456,0.11550991900730878,0.00041441299254074693,3,300,175,5.773125100982725,363,2
test-1131,random,k4,0,0,FINAL_PASS,FINAL_PASS,0,0.865953759974218,0.8792293190053897,-0.014761910017114133,0.00122844499128405,0.0002579059946583584,0,31,31,1.2232199819991365,0,0
test-888,random,k4,1,1,FINAL_PASS,FINAL_PASS,0,-1.0838853010354796,-1.0614374900033,-0.025905694012180902,0.003329823986859992,0.00012805899314116687,0,-58,14,0.9610415890056174,-72,0
test-675,random,k4,0,0,FINAL_PASS,FINAL_UNCERTAIN,0,-6.029895321960794,-5.979954059977899,-0.1682369979826035,0.11789103301998693,0.00040470297972206026,0,-168,-116,-4.51722279698879,22,1
test-1025,random,k4,0,1,BUDGET_VERIFIER,FINAL_PASS,-1,5.7092791889444925,5.178759274975164,0.4756403479987057,0.054467537003802136,0.0004120289668207988,2,199,257,6.971678286994575,72,1
test-902,random,k4,1,1,FINAL_PASS,FINAL_PASS,0,-0.15014424998662435,0.05322511501435656,-0.20343683200189844,0,6.746700091753155e-05,-1,0,0,0.0,0,0
test-494,random,k4,0,0,BUDGET_VERIFIER,BUDGET_VERIFIER,0,-13.80032139395189,-13.806219427962787,-0.029682037988095544,0.03518592199543491,0.00039415000355802476,0,-552,-912,-25.391370240977267,-488,0
test-615,random,k4,1,1,FINAL_PASS,FINAL_PASS,0,-2.5425906499585835,-2.585246071976144,0.11037073902843986,-0.06828099599806592,0.0005656789871864021,1,-88,-123,-4.056706588002271,-100,-1
test-423,random,k4,0,0,BUDGET_VERIFIER,BUDGET_VERIFIER,0,5.042628263006918,5.0172148540004855,0.040941555984318256,-0.016128501985804178,0.0006003550079185516,0,216,278,6.6620845810102765,320,0
test-1097,random,k4,1,1,FINAL_PASS,FINAL_PASS,0,-0.974093552940758,-1.3218400689656846,0.34701596602099016,0.0002499300171621144,0.0004806199867743999,2,0,0,-1.3397152699617436,0,0
test-473,random,k4,1,0,FINAL_PASS,FINAL_PASS,1,-3.4182952970586484,-3.2908417930302676,-0.05489683401538059,-0.07272007600113284,0.00016340598813258111,0,-147,-147,-3.776246172012179,-258,-2
test-660,random,k4,1,1,FINAL_PASS,FINAL_PASS,0,1.8442997590173036,1.4474289400095586,0.396620694999001,0,0.00025012400874402374,2,9,0,0.0,0,0
test-975,random,k4,0,1,EOS,FINAL_UNCERTAIN,-1,-9.364741517973016,-8.241225018980913,-1.0672326879866887,-0.05638936799368821,0.00010555698827374727,-3,-305,-271,-8.80715290698572,-168,-1
test-1222,random,k4,1,1,FINAL_PASS,FINAL_PASS,0,2.797695959030534,2.3096657449932536,0.43523668801935855,0.05251775299257133,0.0002757730253506452,2,62,61,1.8961697589984396,56,1
test-580,random,k4,0,0,EOS,EOS,0,1.6927415190002648,1.4788787180004874,0.21359526699234266,0,0.0002675340074347332,1,0,0,0.0,0,0
test-1023,random,k4,1,1,FINAL_PASS,FINAL_PASS,0,-0.9833834480232326,-1.2616336710052565,0.2781072999932803,0,0.00014292298874352127,1,0,0,0.0,0,0
test-525,random,k4,0,0,EOS,EOS,0,-7.846556442047586,-7.84944576700218,0.000488494973978959,0.002185622011893429,0.00021520796872209758,0,-153,-145,-6.383826671008137,-131,0
test-1177,random,k4,1,1,FINAL_PASS,FINAL_PASS,0,-0.09654745699663181,-0.2635238239890896,0.16677026699471753,0,0.0002060999977402389,1,0,0,0.0,0,0
test-576,random,k4,1,1,FINAL_PASS,FINAL_PASS,0,-0.2036712460248964,-0.47175486899504904,0.2678849399817409,0,0.00019868298841174692,1,0,0,0.0,0,0
test-901,random,k4,0,0,FINAL_UNCERTAIN,BUDGET_VERIFIER,0,-16.124009507038863,-16.075037151007564,-0.009876651005470194,-0.03946284898847807,0.0003671439626486972,0,-553,-573,-17.176410050989944,-783,-3
test-589,random,k4,0,0,BUDGET_VERIFIER,BUDGET_VERIFIER,0,-4.844432162004523,-4.996609877009178,0.15425889697507955,-0.002430294989608228,0.0003491130191832781,0,-83,-83,-3.5991581250127638,-136,-1
test-420,random,k4,0,0,EOS,EOS,0,-2.7694547889987007,-2.7695032290066592,0,0,4.844000795856118e-05,0,0,0,0.0,0,0
test-1170,random,k4,0,1,BUDGET_VERIFIER,FINAL_PASS,-1,6.172092088017962,5.27554258001328,0.8509329709922895,0.045175940002081916,0.0004405970103107393,3,160,253,8.331422031013062,-12,1
test-13,random,k4,0,0,EOS,EOS,0,3.0120868659578264,2.3166125919815386,0.6547038349963259,0.040410287998383865,0.0003601509815780446,3,87,297,8.173193802998867,283,1
test-453,random,k4,0,0,FINAL_UNCERTAIN,BUDGET_VERIFIER,0,-0.9316341610392556,-0.6671388550457777,-0.12486120298854075,-0.13995777997479308,0.0003236769698560238,-1,10,10,-0.9769409500295296,-123,-3
test-317,random,k4,1,1,FINAL_PASS,FINAL_PASS,0,-0.4222858749999432,-0.42361508900648914,0.0012766720174113289,0,5.25419891346246e-05,0,0,0,0.0,0,0
test-191,random,k4,0,1,BUDGET_VERIFIER,FINAL_PASS,-1,-5.84935002491693,-5.889175225966028,0.14762402101769112,-0.10822394498973154,0.0004251250211382285,0,-155,-155,-5.330474786955165,-225,-3
test-927,random,k4,1,1,FINAL_PASS,FINAL_PASS,0,0.06766531997709535,-0.14467513702402357,0.21217479699407704,0,0.000165660007041879,1,0,0,0.0,0,0
test-638,random,k4,1,1,FINAL_PASS,FINAL_PASS,0,-0.2694731199735543,-0.47485946099914145,0.19787654401443433,0.007268854998983443,0.00024094201216939837,1,0,0,-0.2177327840036014,0,0
test-1099,random,k4,1,1,FINAL_PASS,FINAL_PASS,0,0.9906026210082928,0.7685889790154761,0.2218401639984222,0,0.00017347799439448863,1,0,0,0.0,0,0
test-996,random,k4,1,0,FINAL_PASS,EOS,1,1.5910974240396172,1.1438537270150846,0.4470925230125431,0,0.00015117401198949665,1,132,0,0.0,0,0
test-918,random,k4,1,1,FINAL_PASS,FINAL_PASS,0,-2.1369830910261953,-2.152574246007134,0.004915366982459091,0.010490148997632787,0.00018563900084700435,0,0,0,-0.324870512005873,0,0
test-135,random,k4,0,1,FINAL_PASS,FINAL_PASS,-1,-6.431420490989694,-6.208995918990695,-0.15441699500661343,-0.06824680000136141,0.00023922300897538662,-1,-164,-172,-5.6376565499958815,-258,-2
test-82,random,k4,1,1,FINAL_PASS,FINAL_PASS,0,0.2420881390280556,0.014735488017322496,0.22715244299615733,0,0.00020020801457576454,1,0,0,0.0,0,0
test-1264,random,k4,0,0,EOS,EOS,0,-2.615578768993146,-2.6156255140085705,0,0,4.674501542467624e-05,0,0,0,0.0,0,0
test-717,random,k4,1,1,FINAL_PASS,FINAL_PASS,0,-1.0498569760093233,-1.555261227011215,0.5051723409997066,0,0.00023191000218503177,2,0,0,0.0,0,0
test-1248,random,k4,0,0,BUDGET_VERIFIER,EOS,0,-5.772740016007447,-6.6008388600021135,0.729962401004741,0.09764694898331072,0.0004894940066151321,4,-77,139,2.3298031899757916,21,3
test-398,random,k4,1,1,FINAL_PASS,FINAL_PASS,0,0.7983420780219603,0.5883513240114553,0.20971266299602576,0,0.00027809101447928697,1,0,0,0.0,0,0
test-947,random,k4,1,1,FINAL_PASS,FINAL_PASS,0,0.6371636879921425,0.4676329970097868,0.169398056998034,0,0.00013263398432172835,1,0,0,0.0,0,0
test-179,random,k4,1,1,FINAL_PASS,FINAL_PASS,0,-0.09528367801976856,-0.09430021001026034,-0.0010458840115461498,0,6.241600203793496e-05,0,0,0,0.0,0,0
test-480,random,k4,1,1,FINAL_PASS,FINAL_PASS,0,-0.18245638300140854,-0.18106680999335367,-0.0015253410092554986,0,0.00013576800120063126,0,0,0,0.0,0,0
test-752,random,k4,1,0,FINAL_PASS,BUDGET_VERIFIER,1,-10.217723092020606,-9.671542723968741,-0.41764023300493136,-0.1287704950373154,0.00023035999038256705,-2,-306,-306,-9.269437806986389,-471,-4
test-830,random,k4,0,0,FINAL_PASS,FINAL_PASS,0,-2.723562295999727,-2.721136888998444,-0.0024754780024522915,0,5.007100116927177e-05,0,0,0,0.0,0,0
test-796,random,k4,0,0,FINAL_PASS,BUDGET_VERIFIER,0,-21.883417400997132,-20.754904317014734,-0.952890220010886,-0.17574755096575245,0.00012468699424061924,-4,-689,-701,-20.81572110900015,-832,-5
test-210,random,k4,0,0,BUDGET_VERIFIER,FINAL_PASS,0,8.954170220938977,7.61611896197428,1.1980810329841916,0.13957831100560725,0.0003919149748980999,4,315,343,9.150154468996334,456,3
test-983,random,k4,1,1,FINAL_PASS,FINAL_PASS,0,0.04141920698748436,0.04234602900396567,-0.0009937930008163676,0,6.697098433505744e-05,0,0,0,0.0,0,0
test-152,random,k4,0,1,BUDGET_VERIFIER,FINAL_PASS,-1,11.038055777957197,10.104374436981743,0.8130031690088799,0.12025304998678621,0.00042512197978794575,4,330,330,9.458525602982263,360,3
test-51,random,k4,1,1,FINAL_PASS,FINAL_PASS,0,-10.287068806050229,-9.857644303003326,-0.29800160802551545,-0.13168832700466737,0.0002654319832799956,-1,-356,-373,-11.496062669015373,-428,-3
test-75,random,k4,0,0,BUDGET_VERIFIER,BUDGET_VERIFIER,0,-4.879365012078779,-4.834614750026958,-0.034424034020048566,-0.010775336995720863,0.0004491089639486745,0,-174,-248,-6.806970813020598,-206,-1
test-270,random,k4,1,1,FINAL_PASS,FINAL_PASS,0,1.3902886610012501,1.17598597399774,0.21406856300018262,0,0.00023412400332745165,1,-3,0,0.0,0,0
test-518,random,k4,1,1,FINAL_PASS,FINAL_PASS,0,-0.4556221060047392,-0.15195572399534285,-0.3037124280090211,0,4.604599962476641e-05,-1,0,0,0.0,0,0
test-788,random,k4,1,1,FINAL_PASS,FINAL_PASS,0,0.002643037005327642,0.0014875229971949011,0.0011048779997508973,0,5.063600838184357e-05,0,0,0,0.0,0,0
test-903,random,k4,1,1,FINAL_PASS,FINAL_PASS,0,0.014197102005709894,0.020767443988006562,-0.006690701004117727,0,0.00012035902182105929,0,0,0,0.0,0,0
test-1236,random,k4,1,1,FINAL_PASS,FINAL_PASS,0,1.3766344349714927,0.874372123987996,0.5019634439959191,0,0.0002988669875776395,2,-3,0,0.0,0,0
test-782,random,k4,0,0,FINAL_PASS,FINAL_PASS,0,-1.4901482919667615,-1.8173302969662473,0.32081429997924715,0.005941101015196182,0.00042660400504246354,2,-34,-34,-1.75884473498445,-28,0
test-865,random,k4,1,1,FINAL_PASS,FINAL_PASS,0,0.40679615701083094,0.13116804300807416,0.2754964029882103,0,0.00013171101454645395,1,-14,0,0.0,0,0
test-979,random,k4,0,0,EOS,BUDGET_VERIFIER,0,6.0352264409157215,6.0483290769625455,-0.04516909799713176,0.03167014899372589,0.00039631295658182353,-1,216,216,5.6639455389668,53,0
test-239,random,k4,1,1,FINAL_PASS,FINAL_PASS,0,3.2067586080083856,2.9319458170211874,0.2746624399878783,0,0.0001503509993199259,1,43,0,0.0,0,0
test-169,random,k4,1,1,FINAL_PASS,FINAL_PASS,0,0.08464180903683882,0.07509936201677192,0.00939577302779071,0,0.0001466739922761917,0,0,0,0.0,0,0
test-150,random,k4,0,0,BUDGET_VERIFIER,BUDGET_VERIFIER,0,-18.03530060504272,-17.927137655002298,-0.06604538903047796,-0.04252138601441402,0.000403825004468672,0,-510,-411,-15.704093228006968,-776,-1
test-959,random,k4,1,1,FINAL_PASS,FINAL_PASS,0,-0.38429694397200365,-0.7266970059718005,0.3333997719892068,0.0084238380077295,0.0005764520028606057,2,-11,-11,-1.0516359679895686,0,0
test-186,random,k4,0,0,BUDGET_VERIFIER,BUDGET_VERIFIER,0,3.481767854944337,3.5722578020358924,-0.09624935302417725,0.005255642987322062,0.0005037629452999681,0,117,117,3.373064465034986,189,1
test-418,random,k4,1,1,FINAL_PASS,FINAL_PASS,0,-0.45228988002054393,-0.4400498260074528,-0.012373966004815884,0,0.00013391199172474444,0,-28,0,0.0,0,0
test-392,random,k4,0,0,BUDGET_VERIFIER,EOS,0,2.1468499490292743,1.55553809000412,0.5503656649962068,0.040440017997752875,0.0005061760311946273,3,57,57,1.8640572790027363,162,1
test-1006,random,k4,1,1,FINAL_PASS,FINAL_PASS,0,-6.1982066640484845,-6.773923869026476,0.6196637139946688,-0.044486370010417886,0.0005398609937401488,3,-229,-83,-2.8303291520278435,-327,-1
test-1156,random,k4,1,1,FINAL_PASS,FINAL_PASS,0,-0.5694920499954605,-0.5767069729918148,0.007074986002407968,0,0.0001399369939463213,0,-10,0,0.0,0,0
test-161,random,k4,1,1,FINAL_PASS,FINAL_PASS,0,-0.20369689200015273,-0.11749784000858199,-0.08632268500514328,0,0.00012363301357254386,0,-34,0,0.0,0,0
test-686,random,k4,1,1,FINAL_PASS,FINAL_PASS,0,0.6204153959988616,0.41741059299965855,0.2028746200085152,0,0.0001301829906878993,1,0,0,0.0,0,0
test-80,random,k4,0,0,FINAL_PASS,FINAL_PASS,0,0.7276203770161374,0.5249536760093179,0.20250599501014221,0,0.00016070599667727947,1,0,0,0.0,0,0
test-1154,random,k4,1,1,FINAL_PASS,FINAL_PASS,0,0.4641059290006524,0.29267124900070485,0.1713197419885546,0,0.00011493801139295101,1,-10,0,0.0,0,0
test-1206,random,k4,1,1,FINAL_PASS,FINAL_PASS,0,-1.362264410025091,-1.0850808110117214,-0.2772504620224936,0,6.686300912406296e-05,-1,1,0,0.0,0,0
test-984,random,k4,0,0,BUDGET_VERIFIER,BUDGET_VERIFIER,0,-5.710419139984879,-5.505004984981497,-0.2023288899945328,-0.003486253001028672,0.00040098799217958003,0,-149,426,10.031148021007539,-43,1
test-365,random,k4,1,1,FINAL_PASS,FINAL_PASS,0,-0.28003806702326983,-0.28116345501621254,0.0010746610059868544,0,5.0726986955851316e-05,0,0,0,0.0,0,0
test-42,random,k4,1,1,FINAL_PASS,FINAL_PASS,0,-0.061684248998062685,-0.06149414800165687,-0.00023656900157220662,0,4.646800516638905e-05,0,0,0,0.0,0,0
test-208,random,k4,1,1,FINAL_PASS,FINAL_PASS,0,-0.09140742900490295,-0.09223247300542425,0.0007420500041916966,0,8.299399632960558e-05,0,0,0,0.0,0,0
test-247,random,k4,1,1,FINAL_PASS,FINAL_PASS,0,-5.762447763976525,-5.458696424000664,-0.3085190959973261,0.004429337015608326,0.00033841900585684925,-1,-191,-136,-3.8874526680156123,-187,0
test-269,random,k4,1,1,FINAL_PASS,FINAL_PASS,0,0.41874516604002565,0.23582041199551895,0.18272090701793786,0,0.00020384702656883746,1,0,0,0.0,0,0
test-695,random,k4,1,1,FINAL_PASS,FINAL_PASS,0,0.007422366019454785,0.005964650015812367,0.0013834040000801906,0,7.431200356222689e-05,0,0,0,0.0,0,0
test-159,random,k4,0,0,FINAL_PASS,FINAL_PASS,0,0.04909074102761224,0.050097839019144885,-0.0010570309968898073,0,4.9933005357161164e-05,0,0,0,0.0,0,0
test-1155,random,k4,1,1,FINAL_PASS,FINAL_PASS,0,-0.022772973999963142,-0.022945534001337364,0.00012723400141112506,0,4.5325999963097274e-05,0,0,0,0.0,0,0
test-333,random,k4,1,1,FINAL_PASS,FINAL_PASS,0,1.3159487869997974,1.0841655760013964,0.2315589589998126,0,0.0002242519985884428,1,0,0,0.0,0,0
test-762,random,k4,1,1,FINAL_PASS,FINAL_PASS,0,-0.2157837330159964,-0.21667218902439345,0.0008527689933544025,0,3.568701504264027e-05,0,0,0,0.0,0,0
test-1147,random,k4,1,1,FINAL_PASS,FINAL_PASS,0,-0.26039067600504495,-0.26277698298508767,0.0023157569812610745,0,7.054999878164381e-05,0,0,0,0.0,0,0
test-818,random,k4,1,1,FINAL_PASS,FINAL_PASS,0,-0.8392663120030193,-0.8392956210009288,-4.472699947655201e-05,0,7.403599738609046e-05,0,0,0,0.0,0,0
test-645,random,k4,1,1,FINAL_PASS,FINAL_PASS,0,-0.5908161989791552,-0.5930513969942695,0.002130296008544974,0,0.00010490200656931847,0,0,0,0.0,0,0
test-963,random,k4,0,0,EOS,EOS,0,-1.3888249519804958,-1.3909572469856357,-0.0023833640152588487,0.004272152014891617,0.00024350700550712645,0,0,0,0.46232153501478024,0,0
