snapshot_id,question_id,group,action,replicate,seed,correct,unfinished,termination,service_seconds,generation_seconds,initial_prefill_seconds,before_first_rollback_decode_seconds,after_first_rollback_decode_seconds,verification_seconds,recovery_seconds,decision_seconds,offline_restore_seconds,generated_tokens,before_first_rollback_generated_tokens,after_first_rollback_generated_tokens,checks,verifier_input_tokens,verifier_output_tokens,rollbacks,feedback_tokens_inserted,fail_restore_input_tokens,generation_calls,suffix_generated_discarded_tokens
initial/test-159,test-159,initial,now,17,777002394973,0,0,FINAL_PASS,3.171786698017968,2.7262149510061136,0,2.7262149510061136,0.0,0.4455653640034143,0,6.383008440025151e-06,0.03436507500009611,103,103,0,2,296,0,0,0,0,1,0
initial/test-159,test-159,initial,delay1,17,777002394973,0,0,FINAL_PASS,2.9845750340173254,2.6186902090121293,0,2.6186902090121293,0.0,0.36586513300426304,0,1.9692000932991505e-05,0.3768931060039904,103,103,0,2,306,0,0,0,0,2,0
initial/test-159,test-159,initial,delay2,17,777002394973,0,0,FINAL_PASS,2.7043789540039143,2.323747476999415,0,2.323747476999415,0.0,0.3806141029926948,0,1.737401180434972e-05,0.06953600300766993,92,92,0,2,325,0,0,0,0,2,0
initial/test-159,test-159,initial,endpoint_only,17,777002394973,0,0,FINAL_PASS,2.863393649997306,2.653858992998721,0,2.653858992998721,0.0,0.2095298969943542,0,4.760004230774939e-06,0.03217929298989475,103,103,0,1,195,0,0,0,0,1,0
initial/test-159,test-159,initial,now,29,18872769526077,0,0,FINAL_PASS,2.7765949820168316,2.4307265040115453,0,2.4307265040115453,0.0,0.3458635709976079,0,4.907007678411901e-06,0.03227273699303623,93,93,0,2,285,0,0,0,0,1,0
initial/test-159,test-159,initial,delay1,29,18872769526077,0,0,FINAL_PASS,2.669835035034339,2.323443514018436,0,2.323443514018436,0.0,0.34637471301539335,0,1.6808000509627163e-05,0.06736607498896774,93,93,0,2,295,0,0,0,0,2,0
initial/test-159,test-159,initial,delay2,29,18872769526077,0,0,FINAL_PASS,2.6651186310191406,2.290596124017611,0,2.290596124017611,0.0,0.3745077939965995,0,1.4713004929944873e-05,0.06885122098901775,93,93,0,2,320,0,0,0,0,2,0
initial/test-159,test-159,initial,endpoint_only,29,18872769526077,0,0,FINAL_PASS,2.4389997120015323,2.2462166710029123,0,2.2462166710029123,0.0,0.19278040000062902,0,2.640997990965843e-06,0.032119381008669734,93,93,0,1,184,0,0,0,0,1,0
initial/test-159,test-159,initial,now,43,187610994565222,0,1,BUDGET_VERIFIER,7.687102895055432,6.472450183995534,0,1.9417974799871445,4.530652704008389,1.0487995780422352,0.1658127959963167,4.033702134620398e-05,0.03258001399808563,260,80,180,6,833,0,5,305,860,5,260
initial/test-159,test-159,initial,delay1,43,187610994565222,0,0,FINAL_PASS,2.2301480960159097,1.8873838600120507,0,1.8873838600120507,0.0,0.3427481200051261,0,1.6115998732857406e-05,0.06406494800467044,78,78,0,2,284,0,0,0,0,2,0
initial/test-159,test-159,initial,delay2,43,187610994565222,0,0,FINAL_PASS,2.168346450998797,1.8228959940024652,0,1.8228959940024652,0.0,0.3454316360002849,0,1.8820996046997607e-05,0.06490588799351826,78,78,0,2,298,0,0,0,0,2,0
initial/test-159,test-159,initial,endpoint_only,43,187610994565222,0,0,FINAL_PASS,4.713337118984782,4.29918148998695,0,1.902370786992833,2.3968107029941166,0.3773525259894086,0.03679741400992498,5.688998498953879e-06,0.0318078979908023,177,80,97,2,345,0,1,61,201,2,80
initial/test-365,test-365,initial,now,17,59507808806719,0,1,EOS,9.93784339701233,9.329878844000632,0,2.7153764740069164,6.6145023699937155,0.53410929000529,0.07382869200955611,2.657099685166031e-05,0.03171399100392591,368,112,256,3,435,0,2,122,388,3,207
initial/test-365,test-365,initial,delay1,17,59507808806719,1,0,FINAL_PASS,5.964891008028644,5.387871689003077,0,1.3484024220088031,4.039469266994274,0.5449049740127521,0.03209209701162763,2.2248001187108457e-05,0.07003095401159953,215,57,158,3,452,0,1,61,172,3,57
initial/test-365,test-365,initial,delay2,17,59507808806719,1,0,FINAL_PASS,3.292969438,2.9170892690017354,0,2.6436033500067424,0.27348591899499297,0.3432538740016753,0.03261276800185442,1.3526994735002518e-05,0.03171631299483124,124,112,12,2,260,0,1,61,172,2,112
initial/test-365,test-365,initial,endpoint_only,17,59507808806719,1,0,FINAL_PASS,3.335830690979492,2.9611341979907593,0,2.6937142879905878,0.2674199100001715,0.3421944040019298,0.03249568399041891,6.404996383935213e-06,0.031645897004636936,124,112,12,2,260,0,1,61,172,2,112
initial/test-365,test-365,initial,now,29,78225536850288,1,0,FINAL_PASS,2.7027825330151245,2.3629275540006347,0,2.3629275540006347,0.0,0.33984778000740334,0,7.199007086455822e-06,0.03201393400377128,96,96,0,2,252,0,0,0,0,1,0
initial/test-365,test-365,initial,delay1,29,78225536850288,1,0,FINAL_PASS,2.6284875810088124,2.2867940940050175,0,2.2867940940050175,0.0,0.34167916799196973,0,1.431901182513684e-05,0.06591509199643042,96,96,0,2,290,0,0,0,0,2,0
initial/test-365,test-365,initial,delay2,29,78225536850288,1,0,FINAL_PASS,2.4589374189963564,2.2688984950073063,0,2.2688984950073063,0.0,0.19003279799653683,0,6.1259925132617354e-06,0.03164466800808441,96,96,0,1,173,0,0,0,0,1,0
initial/test-365,test-365,initial,endpoint_only,29,78225536850288,1,0,FINAL_PASS,2.470327171002282,2.278901591998874,0,2.278901591998874,0.0,0.1914216480072355,0,3.930996172130108e-06,0.031820875010453165,96,96,0,1,173,0,0,0,0,1,0
initial/test-365,test-365,initial,now,43,171517215852744,1,0,FINAL_PASS,3.814671646003262,3.457052420999389,0,3.457052420999389,0.0,0.3576112659939099,0,7.959009963087738e-06,0.0324513360101264,143,143,0,2,299,0,0,0,0,1,0
initial/test-365,test-365,initial,delay1,43,171517215852744,1,0,FINAL_PASS,3.7627082129765768,3.371730912986095,0,3.371730912986095,0.0,0.3909646719985176,0,1.2627991964109242e-05,0.06902977099525742,140,140,0,2,361,0,0,0,0,2,0
initial/test-365,test-365,initial,delay2,43,171517215852744,1,0,FINAL_PASS,3.6215144420275465,3.413266662013484,0,3.413266662013484,0.0,0.20823806800763123,0,9.71200643107295e-06,0.03218375401047524,143,143,0,1,220,0,0,0,0,1,0
initial/test-365,test-365,initial,endpoint_only,43,171517215852744,1,0,FINAL_PASS,3.746899633013527,3.537514188006753,0,3.537514188006753,0.0,0.2093831430102,0,2.301996573805809e-06,0.031448465000721626,143,143,0,1,220,0,0,0,0,1,0
initial/test-1155,test-1155,initial,now,17,166530334258371,1,0,FINAL_PASS,1.8590215820004232,1.443596302997321,0,1.443596302997321,0.0,0.4154183299979195,0,6.9490051828324795e-06,0.0383136690070387,60,60,0,2,446,0,0,0,0,1,0
initial/test-1155,test-1155,initial,delay1,17,166530334258371,1,0,FINAL_PASS,1.653488332987763,1.4449072449933738,0,1.4449072449933738,0.0,0.2085746099910466,0,6.47800334263593e-06,0.04005530499853194,60,60,0,1,253,0,0,0,0,1,0
initial/test-1155,test-1155,initial,delay2,17,166530334258371,1,0,FINAL_PASS,1.6329485880123684,1.4241560470109107,0,1.4241560470109107,0.0,0.2087841570028104,0,8.383998647332191e-06,0.03806838300079107,60,60,0,1,253,0,0,0,0,1,0
initial/test-1155,test-1155,initial,endpoint_only,17,166530334258371,1,0,FINAL_PASS,1.625760602997616,1.4174672389926855,0,1.4174672389926855,0.0,0.20829105899611022,0,2.305008820258081e-06,0.03782319099991582,60,60,0,1,253,0,0,0,0,1,0
initial/test-1155,test-1155,initial,now,29,148248713066185,1,0,FINAL_PASS,2.137179297002149,1.6829767579911277,0,1.6829767579911277,0.0,0.4541970830177888,0,5.455993232317269e-06,0.03755678799643647,69,69,0,2,455,0,0,0,0,1,0
initial/test-1155,test-1155,initial,delay1,29,148248713066185,1,0,FINAL_PASS,1.9879990240151528,1.740123316005338,0,1.740123316005338,0.0,0.24786734500958119,0,8.363000233657658e-06,0.038820785004645586,69,69,0,1,262,0,0,0,0,1,0
initial/test-1155,test-1155,initial,delay2,29,148248713066185,1,0,FINAL_PASS,2.0061419489939,1.7563563830044586,0,1.7563563830044586,0.0,0.24977827198745217,0,7.294001989066601e-06,0.037807276006788015,69,69,0,1,262,0,0,0,0,1,0
initial/test-1155,test-1155,initial,endpoint_only,29,148248713066185,1,0,FINAL_PASS,1.9853111750126118,1.7367321380006615,0,1.7367321380006615,0.0,0.2485760240087984,0,3.0130031518638134e-06,0.03810247300134506,69,69,0,1,262,0,0,0,0,1,0
initial/test-1155,test-1155,initial,now,43,166962435015659,1,0,FINAL_PASS,1.8301611739880173,1.4149023439968005,0,1.4149023439968005,0.0,0.4152538249909412,0,5.005000275559723e-06,0.03810882900143042,58,58,0,2,444,0,0,0,0,1,0
initial/test-1155,test-1155,initial,delay1,43,166962435015659,1,0,FINAL_PASS,1.672989785001846,1.462745962999179,0,1.462745962999179,0.0,0.2102359699929366,0,7.852009730413556e-06,0.03774106298806146,58,58,0,1,251,0,0,0,0,1,0
initial/test-1155,test-1155,initial,delay2,43,166962435015659,1,0,FINAL_PASS,1.6423231170047075,1.43439952400513,0,1.43439952400513,0.0,0.20791693999490235,0,6.653004675172269e-06,0.03778058500029147,58,58,0,1,251,0,0,0,0,1,0
initial/test-1155,test-1155,initial,endpoint_only,43,166962435015659,1,0,FINAL_PASS,1.6813042249996215,1.4730279560026247,0,1.4730279560026247,0.0,0.20827232000010554,0,3.948996891267598e-06,0.03907654600334354,58,58,0,1,251,0,0,0,0,1,0
initial/test-135,test-135,initial,now,17,146937067714520,0,1,BUDGET_VERIFIER,13.761927139028558,12.3201695420139,0,1.3144795639964286,11.005689978017472,1.237865424991469,0.20379744200909045,9.473001409787685e-05,0.036697306990390643,483,54,429,6,1328,0,5,305,1060,5,483
initial/test-135,test-135,initial,delay1,17,146937067714520,1,0,FINAL_PASS,8.702076529007172,7.857150799012743,0,1.3528197499981616,6.504331049014581,0.7789206190063851,0.06596218899358064,4.2921994463540614e-05,0.08703011999023147,304,54,250,4,731,0,2,122,378,4,176
initial/test-135,test-135,initial,delay2,17,146937067714520,1,0,FINAL_PASS,8.610142655001255,7.763383097000769,0,1.3393329919927055,6.424050105008064,0.7786132509936579,0.0681030409905361,4.3266016291454434e-05,0.08604930198634975,304,54,250,4,731,0,2,122,378,4,176
initial/test-135,test-135,initial,endpoint_only,17,146937067714520,1,0,FINAL_PASS,8.53049497999018,7.872155462988303,0,1.3682579469896154,6.503897515998688,0.5928341170074418,0.06549511499179062,1.0285002645105124e-05,0.03761716900044121,304,54,250,3,580,0,2,122,378,3,176
initial/test-135,test-135,initial,now,29,20927281082084,0,1,BUDGET_VERIFIER,18.8995225430117,17.31540962299914,0,1.7902146529959282,15.525194970003213,1.3818160540104145,0.20224323000002187,5.363600212149322e-05,0.03708213700156193,671,70,601,6,1543,0,5,305,1060,5,671
initial/test-135,test-135,initial,delay1,29,20927281082084,1,0,FINAL_PASS,7.7089175450237235,6.874848704013857,0,1.7456581290025497,5.129190575011307,0.7682890290016076,0.06573747700895183,4.233499930705875e-05,0.08590441998967435,265,70,195,4,692,0,2,122,378,4,142
initial/test-135,test-135,initial,delay2,29,20927281082084,1,0,FINAL_PASS,7.650890246004565,6.8163532560138265,0,1.7752776320121484,5.041075624001678,0.7681851090019336,0.06631551099417266,3.636999463196844e-05,0.0869869280140847,265,70,195,4,692,0,2,122,378,4,142
initial/test-135,test-135,initial,endpoint_only,29,20927281082084,1,0,FINAL_PASS,7.662590952953906,7.011376095979358,0,1.7670352649874985,5.2443408309918595,0.5850278819852974,0.06617692699364852,1.0047995601780713e-05,0.03684996900847182,272,70,202,3,553,0,2,122,378,3,142
initial/test-135,test-135,initial,now,43,95068340697183,0,1,EOS,10.84406787098851,9.848065703001339,0,1.3815174990013475,8.466548203999992,0.8484634820051724,0.1475044439866906,3.424199530854821e-05,0.03696758700243663,371,53,318,4,845,0,3,183,795,4,259
initial/test-135,test-135,initial,delay1,43,95068340697183,1,0,FINAL_PASS,4.354686081991531,3.92312579001009,0,1.3997662570036482,2.523359533006442,0.39850862900493667,0.033037032990250736,1.462998625356704e-05,0.03706701900227927,152,53,99,2,371,0,1,61,189,2,53
initial/test-135,test-135,initial,delay2,43,95068340697183,1,0,FINAL_PASS,4.354138108974439,3.9232865999947535,0,1.3945786760014016,2.528707923993352,0.3988541639846517,0.03198304800025653,1.4296994777396321e-05,0.03832463799335528,152,53,99,2,371,0,1,61,189,2,53
initial/test-135,test-135,initial,endpoint_only,43,95068340697183,1,0,FINAL_PASS,4.324786170996958,3.893120449996786,0,1.3546718750003492,2.538448574996437,0.39748871099436656,0.03417113400064409,5.876005161553621e-06,0.03765037900302559,152,53,99,2,371,0,1,61,189,2,53
initial/test-450,test-450,initial,now,17,222419435303916,0,0,FINAL_UNCERTAIN,13.498464298972976,11.951287482996122,0,7.258529975995771,4.692757507000351,1.481428741986747,0.06569848199433181,4.9591995775699615e-05,0.19129166899074335,459,281,178,5,1835,0,1,61,442,4,104
initial/test-450,test-450,initial,delay1,17,222419435303916,0,1,EOS,20.329429998993874,19.000024431035854,0,8.491363886016188,10.508660545019666,1.1882755539700156,0.14107739499013405,5.261899787001312e-05,0.14215692301513627,722,330,392,4,1494,0,2,122,944,5,339
initial/test-450,test-450,initial,delay2,17,222419435303916,0,1,BUDGET_VERIFIER,25.542206012032693,23.37847667900496,0,8.345228471007431,15.03324820799753,1.9490664550103247,0.21458768101001624,7.519700739067048e-05,0.1523505650111474,902,324,578,6,2643,0,4,246,1499,6,668
initial/test-450,test-450,initial,endpoint_only,17,222419435303916,0,1,EOS,8.090074845997151,8.090072241000598,0,8.090072241000598,0.0,0,0,2.6049965526908636e-06,0.03741251699102577,317,317,0,0,0,0,0,0,0,1,0
initial/test-450,test-450,initial,now,29,40351062217422,0,1,GEN_BUDGET,51.749361752008554,51.20262787499814,0,6.899077142996248,44.303550732001895,0.4962196050037164,0.050499086995841935,1.518501085229218e-05,0.03691720200004056,2008,261,1747,2,539,0,1,61,261,2,261
initial/test-450,test-450,initial,delay1,29,40351062217422,0,1,EOS,28.631579282009625,26.926176605004002,0,8.739021847999538,18.187154757004464,1.5998216300067725,0.10550840299401898,7.264400483109057e-05,0.2451939810125623,1038,343,695,5,2146,0,2,122,704,6,554
initial/test-450,test-450,initial,delay2,29,40351062217422,0,1,BUDGET_VERIFIER,34.303541460001725,32.0659714610083,0,9.313942294000299,22.752029167008004,1.9697136180184316,0.26778134898631833,7.50319886719808e-05,0.09096492000389844,1231,362,869,6,2771,0,5,305,1664,6,1080
initial/test-450,test-450,initial,endpoint_only,29,40351062217422,0,1,CONTEXT_LIMIT,47.98055830900557,47.98055522200593,0,47.98055522200593,0.0,0,0,3.086999640800059e-06,0.03722104799817316,1844,1844,0,0,0,0,0,0,0,1,0
initial/test-450,test-450,initial,now,43,227760364872554,1,0,FINAL_PASS,25.99541385800694,24.332703784981277,0,4.171712764989934,20.160991019991343,1.467292522007483,0.19534599302278366,7.155799539759755e-05,0.03728093700192403,936,161,775,6,1751,0,4,244,1044,5,929
initial/test-450,test-450,initial,delay1,43,227760364872554,0,1,EOS,16.038227425990044,15.233037786994828,0,4.85125278000487,10.381785006989958,0.7053990779822925,0.09975019100238569,4.037001053802669e-05,0.07518608900136314,591,190,401,3,779,0,2,122,570,4,311
initial/test-450,test-450,initial,delay2,43,227760364872554,1,0,FINAL_PASS,16.98567105695838,15.765954898000928,0,2.5257128380035283,13.2402420599974,1.105529887965531,0.11414084699936211,4.54239925602451e-05,0.08666639799776021,621,103,518,5,1235,0,3,183,675,5,430
initial/test-450,test-450,initial,endpoint_only,43,227760364872554,0,1,BUDGET_VERIFIER,42.34156987698225,40.429696656996384,0,7.759042722987942,32.67065393400844,1.7214208990189945,0.19043164397589862,2.06769909709692e-05,0.03762252000160515,1583,307,1276,6,2168,0,6,366,1125,6,1583
initial/test-518,test-518,initial,now,17,232515432571210,1,0,FINAL_PASS,7.988460347987711,7.47163467000064,0,7.47163467000064,0.0,0.516818351985421,0,7.3260016506537795e-06,0.03872787598811556,287,287,0,2,634,0,0,0,0,1,0
initial/test-518,test-518,initial,delay1,17,232515432571210,1,0,FINAL_PASS,8.341704403996118,7.803636837998056,0,7.803636837998056,0.0,0.5380525549990125,0,1.501099904999137e-05,0.10085016700031701,287,287,0,2,696,0,0,0,0,2,0
initial/test-518,test-518,initial,delay2,17,232515432571210,1,0,FINAL_PASS,7.88932051397569,7.307907302994863,0,7.307907302994863,0.0,0.5813964309927542,0,1.6779988072812557e-05,0.09233288498944603,287,287,0,2,765,0,0,0,0,2,0
initial/test-518,test-518,initial,endpoint_only,17,232515432571210,1,0,FINAL_PASS,7.662993456993718,7.33182895698701,0,7.33182895698701,0.0,0.33116150500427466,0,2.9950024327263236e-06,0.037722687993664294,287,287,0,1,456,0,0,0,0,1,0
initial/test-518,test-518,initial,now,29,31347929116034,1,0,FINAL_PASS,6.619333501002984,6.114816717003123,0,6.114816717003123,0.0,0.5045101819996489,0,6.6020002122968435e-06,0.037769336995552294,232,232,0,2,579,0,0,0,0,1,0
initial/test-518,test-518,initial,delay1,29,31347929116034,1,0,FINAL_PASS,6.42148203997931,5.897522178987856,0,5.897522178987856,0.0,0.5239426269981777,0,1.7233993276022375e-05,0.0896459139912622,232,232,0,2,641,0,0,0,0,2,0
initial/test-518,test-518,initial,delay2,29,31347929116034,1,0,FINAL_PASS,6.472839861002285,5.909141087002354,0,5.909141087002354,0.0,0.5636825770052383,0,1.6196994693018496e-05,0.09383206701022573,232,232,0,2,683,0,0,0,0,2,0
initial/test-518,test-518,initial,endpoint_only,29,31347929116034,1,0,FINAL_PASS,6.178927928995108,5.85997331199178,0,5.85997331199178,0.0,0.31895186999463476,0,2.7470086934044957e-06,0.03871326599619351,232,232,0,1,401,0,0,0,0,1,0
initial/test-518,test-518,initial,now,43,277674650132765,1,0,FINAL_PASS,7.709552636995795,7.190776229996118,0,7.190776229996118,0.0,0.5187709640013054,0,5.442998372018337e-06,0.03772254100476857,279,279,0,2,626,0,0,0,0,1,0
initial/test-518,test-518,initial,delay1,43,277674650132765,1,0,FINAL_PASS,7.584957594022853,7.048513081012061,0,7.048513081012061,0.0,0.5364307680138154,0,1.3744996977038682e-05,0.0885542350151809,278,278,0,2,683,0,0,0,0,2,0
initial/test-518,test-518,initial,delay2,43,277674650132765,1,0,FINAL_PASS,7.83351522803423,7.2522352560044965,0,7.2522352560044965,0.0,0.581258071018965,0,2.190101076848805e-05,0.09240814700024202,282,282,0,2,756,0,0,0,0,2,0
initial/test-518,test-518,initial,endpoint_only,43,277674650132765,1,0,FINAL_PASS,7.551630361005664,7.2224161790072685,0,7.2224161790072685,0.0,0.3292104069987545,0,3.7749996408820152e-06,0.038203179006814025,279,279,0,1,448,0,0,0,0,1,0
initial/test-1149,test-1149,initial,now,17,41257289203094,1,0,FINAL_PASS,2.753441106004175,2.413393579001422,0,2.413393579001422,0.0,0.3400393830088433,0,8.143993909470737e-06,0.033078589010983706,92,92,0,2,256,0,0,0,0,1,0
initial/test-1149,test-1149,initial,delay1,17,41257289203094,1,0,FINAL_PASS,2.6395402930065757,2.298338042004616,0,2.298338042004616,0.0,0.34118976099125575,0,1.2490010703913867e-05,0.0653377230046317,92,92,0,2,286,0,0,0,0,2,0
initial/test-1149,test-1149,initial,delay2,17,41257289203094,1,0,FINAL_PASS,2.5262597979890415,2.3378813739982434,0,2.3378813739982434,0.0,0.18836779899720568,0,1.0624993592500687e-05,0.032356953000999056,92,92,0,1,172,0,0,0,0,1,0
initial/test-1149,test-1149,initial,endpoint_only,17,41257289203094,1,0,FINAL_PASS,2.5489783520024503,2.360082605999196,0,2.360082605999196,0.0,0.1888931749999756,0,2.5710032787173986e-06,0.03234988800249994,92,92,0,1,172,0,0,0,0,1,0
initial/test-1149,test-1149,initial,now,29,212933714010669,1,0,FINAL_PASS,2.393673967992072,2.053177597990725,0,2.053177597990725,0.0,0.34048967399576213,0,6.696005584672093e-06,0.032043826999142766,80,80,0,2,244,0,0,0,0,1,0
initial/test-1149,test-1149,initial,delay1,29,212933714010669,1,0,FINAL_PASS,2.0928249530261382,1.7574044180073543,0,1.7574044180073543,0.0,0.33540706800704356,0,1.346701174043119e-05,0.06615093599248212,68,68,0,2,260,0,0,0,0,2,0
initial/test-1149,test-1149,initial,delay2,29,212933714010669,1,0,FINAL_PASS,2.4183365030039568,2.228468867004267,0,2.228468867004267,0.0,0.18985841500398237,0,9.220995707437396e-06,0.03194691799581051,80,80,0,1,160,0,0,0,0,1,0
initial/test-1149,test-1149,initial,endpoint_only,29,212933714010669,1,0,FINAL_PASS,2.2686953639931744,2.077918395996676,0,2.077918395996676,0.0,0.19077369199658278,0,3.2759999157860875e-06,0.032305650995112956,80,80,0,1,160,0,0,0,0,1,0
initial/test-1149,test-1149,initial,now,43,197206171082019,1,0,FINAL_PASS,3.2458466779935407,2.9001393299986375,0,2.9001393299986375,0.0,0.34569900900532957,0,8.338989573530853e-06,0.03192949799995404,111,111,0,2,275,0,0,0,0,1,0
initial/test-1149,test-1149,initial,delay1,43,197206171082019,1,0,FINAL_PASS,3.2297480559936957,2.8561942689993884,0,2.8561942689993884,0.0,0.3735409329965478,0,1.2853997759521008e-05,0.07047616899944842,111,111,0,2,324,0,0,0,0,2,0
initial/test-1149,test-1149,initial,delay2,43,197206171082019,1,0,FINAL_PASS,3.0194176559889456,2.8236515269964,0,2.8236515269964,0.0,0.1957562669995241,0,9.861993021331728e-06,0.038389655004721135,111,111,0,1,191,0,0,0,0,1,0
initial/test-1149,test-1149,initial,endpoint_only,43,197206171082019,1,0,FINAL_PASS,3.0381210440100404,2.844343957011006,0,2.844343957011006,0.0,0.19377452500339132,0,2.5619956431910396e-06,0.032279071005177684,111,111,0,1,191,0,0,0,0,1,0
initial/test-788,test-788,initial,now,17,61868047650807,0,1,EOS,3.9972728839929914,3.6179861619893927,0,1.7646040119871031,1.8533821500022896,0.341712617999292,0.0375454150052974,2.868899900931865e-05,0.04016727700945921,142,70,72,2,274,0,1,61,219,2,70
initial/test-788,test-788,initial,delay1,17,61868047650807,0,1,BUDGET_VERIFIER,9.83941093100293,8.559882131012273,0,3.132448803007719,5.427433328004554,1.1224705140193691,0.156976266996935,8.201897435355932e-05,0.06451466798898764,344,125,219,6,1048,0,5,305,968,6,325
initial/test-788,test-788,initial,delay2,17,61868047650807,1,0,FINAL_PASS,8.031007545025204,7.373254552992876,0,1.7538908620044822,5.6193636909883935,0.582335809012875,0.07538519000809174,3.1993011361919343e-05,0.03232567600207403,290,70,220,3,532,0,2,122,388,3,143
initial/test-788,test-788,initial,endpoint_only,17,61868047650807,1,0,FINAL_PASS,8.010251457002596,7.355746362998616,0,1.760279730995535,5.595466632003081,0.5796075620164629,0.0748886659857817,8.866001735441387e-06,0.03256811999017373,290,70,220,3,532,0,2,122,388,3,143
initial/test-788,test-788,initial,now,29,102293032069157,0,1,BUDGET_VERIFIER,4.052510428999085,2.9221138640132267,0,1.300110604002839,1.6220032600103877,0.9794799189985497,0.15086102100030985,5.562498699873686e-05,0.036020228988491,121,51,70,6,737,0,5,305,876,5,121
initial/test-788,test-788,initial,delay1,29,102293032069157,0,1,BUDGET_VERIFIER,12.368826621008338,11.095176400995115,0,1.2896971169975586,9.805479283997556,1.0885785530117573,0.18500424700323492,6.741999823134392e-05,0.032446882003569044,441,51,390,6,925,0,6,366,970,6,441
initial/test-788,test-788,initial,delay2,29,102293032069157,0,1,BUDGET_VERIFIER,12.355391947043245,11.079095245004282,0,1.2904246190009871,9.788670626003295,1.089213819039287,0.18700779900245834,7.508399721700698e-05,0.03319312100938987,441,51,390,6,925,0,6,366,970,6,441
initial/test-788,test-788,initial,endpoint_only,29,102293032069157,0,1,BUDGET_VERIFIER,12.454955676948885,11.173234701986075,0,1.257769231000566,9.91546547098551,1.0936239290022058,0.18807646799541544,2.0577965187840164e-05,0.03263860101287719,441,51,390,6,925,0,6,366,970,6,441
initial/test-788,test-788,initial,now,43,120464343794760,0,1,BUDGET_VERIFIER,10.657787785021355,9.406042289017932,0,2.241739029006567,7.164303260011366,1.1019496270018863,0.14974176799296401,5.410100857261568e-05,0.03243772099085618,372,88,284,6,977,0,5,305,876,5,372
initial/test-788,test-788,initial,delay1,43,120464343794760,0,1,BUDGET_VERIFIER,8.543564598963712,7.327716525978758,0,1.0854815719940234,6.242234953984735,1.0307211730105337,0.185064095974667,6.28039997536689e-05,0.03314892100752331,290,43,247,6,776,0,6,366,970,6,290
initial/test-788,test-788,initial,delay2,43,120464343794760,0,1,BUDGET_VERIFIER,11.106771497026784,9.85984570501023,0,2.2483088550070534,7.611536850003176,1.0605305790086277,0.18633365201822016,6.156098970677704e-05,0.03212268500647042,386,88,298,6,874,0,6,366,970,6,386
initial/test-788,test-788,initial,endpoint_only,43,120464343794760,0,1,BUDGET_VERIFIER,11.001195995981107,9.752683360988158,0,2.242112175998045,7.510571184990113,1.063770098000532,0.18472421797923744,1.8319013179279864e-05,0.03325992400641553,386,88,298,6,874,0,6,366,970,6,386
initial/test-916,test-916,initial,now,17,197606502664414,0,1,BUDGET_VERIFIER,25.73781625596166,24.068443127980572,0,4.477168498997344,19.59127462898323,1.4720112289942335,0.19730768098088447,5.421800597105175e-05,0.03708704600285273,932,175,757,6,1698,0,5,305,1052,5,932
initial/test-916,test-916,initial,delay1,17,197606502664414,0,0,FINAL_PASS,10.706537469988689,9.902888880009414,0,5.871424241006025,4.031464639003389,0.7509464909817325,0.05265610199421644,4.59970033261925e-05,0.0877222709968919,382,228,154,3,916,0,1,61,336,3,159
initial/test-916,test-916,initial,delay2,17,197606502664414,0,0,FINAL_UNCERTAIN,18.749848188017495,17.186525230004918,0,7.073394691993599,10.113130538011319,1.4550404640031047,0.10823198199796025,5.051201151218265e-05,0.15605254701222293,669,275,394,5,1899,0,2,122,734,5,372
initial/test-916,test-916,initial,endpoint_only,17,197606502664414,0,1,GEN_BUDGET,54.17454343198915,52.3599790760054,0,12.191319443008979,40.16865963299642,1.6239958310034126,0.19054885898367502,1.9665996660478413e-05,0.03760600900568534,2019,473,1546,5,2147,0,5,305,1190,6,1617
initial/test-916,test-916,initial,now,29,243019741006661,0,1,BUDGET_VERIFIER,22.503256190990214,20.963033193998854,0,2.27918511700409,18.683848076994764,1.3421436509961495,0.19802434400480706,5.500199040398002e-05,0.037397655003587715,794,88,706,6,1554,0,5,305,1052,5,794
initial/test-916,test-916,initial,delay1,29,243019741006661,1,0,FINAL_UNCERTAIN,19.948875904025044,18.319464036016143,0,2.8661532730038743,15.453310763012269,1.4793326649960363,0.1500049790047342,7.422400813084096e-05,0.14246090799861122,698,114,584,6,1744,0,3,183,846,6,449
initial/test-916,test-916,initial,delay2,29,243019741006661,1,0,FINAL_UNCERTAIN,11.739959436963545,10.355024503005552,0,3.76437164300296,6.590652860002592,1.334451848990284,0.050436751000233926,4.633396747522056e-05,0.21301684901118279,402,149,253,5,1565,0,1,61,296,5,120
initial/test-916,test-916,initial,endpoint_only,29,243019741006661,0,1,EOS,11.50908759603044,11.199599516010494,0,5.537572226006887,5.662027290003607,0.27127958901110105,0.038201001996640116,7.489012205041945e-06,0.03734506599721499,422,210,212,1,329,0,1,61,238,2,210
initial/test-916,test-916,initial,now,43,256121722431457,1,0,FINAL_PASS,8.879883347006398,7.918331412016414,0,5.89762361101748,2.0207078009989345,0.9073814549919916,0.054140843989443965,2.9636008548550308e-05,0.08926527701260056,306,229,77,4,1008,0,1,61,360,3,136
initial/test-916,test-916,initial,delay1,43,256121722431457,1,0,FINAL_UNCERTAIN,19.190034709026804,17.78831152600469,0,4.376943678988027,13.411367847016663,1.3014318110072054,0.10023719900345895,5.417301144916564e-05,0.14349993600626476,696,173,523,5,1644,0,2,122,556,5,398
initial/test-916,test-916,initial,delay2,43,256121722431457,1,0,FINAL_PASS,6.263362273020903,5.552645806004875,0,5.552645806004875,0.0,0.71068837401981,0,2.809299621731043e-05,0.1310932419874007,220,220,0,3,816,0,0,0,0,3,0
initial/test-916,test-916,initial,endpoint_only,43,256121722431457,1,0,FINAL_PASS,5.866517454007408,5.59414504400047,0,5.59414504400047,0.0,0.272369668004103,0,2.7420028345659375e-06,0.037461817992152646,220,220,0,1,342,0,0,0,0,1,0
initial/test-979,test-979,initial,now,17,187877558513368,0,1,BUDGET_VERIFIER,44.20897304195387,42.16667734798102,0,8.96770602199831,33.19897132598271,1.8446398619707907,0.19760295099695213,5.288100510369986e-05,0.0381314679980278,1601,349,1252,6,2487,0,5,305,1084,5,1601
initial/test-979,test-979,initial,delay1,17,187877558513368,0,1,BUDGET_VERIFIER,20.846579037970514,19.219643753996934,0,2.8725204299989855,16.34712332399795,1.4345278340042569,0.19234329798200633,6.415198731701821e-05,0.08637069800170138,749,113,636,6,1600,0,5,305,1257,6,647
initial/test-979,test-979,initial,delay2,17,187877558513368,0,1,EOS,14.346074321991182,12.978046649004682,0,4.87199439300457,8.106052256000112,1.1973728999873856,0.1705965940054739,5.8178993640467525e-05,0.15552083199145272,512,192,320,5,1344,0,3,185,1112,6,276
initial/test-979,test-979,initial,endpoint_only,17,187877558513368,0,1,BUDGET_VERIFIER,40.67410263197962,38.90483392297756,0,8.652598190994468,30.25223573198309,1.6030397880094824,0.1662089050078066,2.0015984773635864e-05,0.03772380400914699,1543,349,1194,6,2006,0,6,366,960,6,1543
initial/test-979,test-979,initial,now,29,235815664254871,0,1,BUDGET_VERIFIER,48.23665638602688,46.0718893000012,0,11.658120127001894,34.41376917299931,1.9668426999996882,0.19787349901162088,5.088701436761767e-05,0.036877310994896106,1788,477,1311,6,2672,0,5,305,1084,5,1788
initial/test-979,test-979,initial,delay1,29,235815664254871,0,1,BUDGET_VERIFIER,12.656112600001507,11.082848463993287,0,2.9623286299902247,8.120519834003062,1.3429654849896906,0.23022577601659577,7.287500193342566e-05,0.0914077140041627,444,123,321,6,1502,0,5,305,1383,6,300
initial/test-979,test-979,initial,delay2,29,235815664254871,0,1,BUDGET_VERIFIER,27.337808811062132,25.689636914030416,0,5.967247389009572,19.722389525020844,1.472872335012653,0.17524049000348896,5.907201557420194e-05,0.086870668004849,1008,245,763,6,1714,0,5,305,1066,6,920
initial/test-979,test-979,initial,endpoint_only,29,235815664254871,1,0,FINAL_PASS,43.44534139097959,41.81057577597676,0,14.045169645993155,27.765406129983603,1.4992928840219975,0.13545519098988734,1.7539990949444473e-05,0.03735392099770252,1643,577,1066,5,2045,0,4,244,768,5,1345
initial/test-979,test-979,initial,now,43,242069804475824,0,1,BUDGET_VERIFIER,48.19858604799083,45.98483359700185,0,10.027180598000996,35.95765299900086,2.015022305989987,0.19862157200986985,0.00010857298912014812,0.03769244901195634,1749,387,1362,6,2633,0,5,305,1084,5,1749
initial/test-979,test-979,initial,delay1,43,242069804475824,0,1,BUDGET_VERIFIER,17.32914020397584,15.515992778004147,0,2.6739954829972703,12.841997295006877,1.6791671029932331,0.13391156199213583,6.876098632346839e-05,0.24260227699414827,604,109,495,6,2176,0,3,191,857,6,196
initial/test-979,test-979,initial,delay2,43,242069804475824,0,1,BUDGET_VERIFIER,19.91581517099985,18.55355810499168,0,5.610698346994468,12.942859757997212,1.2297922160068993,0.13239087999681942,7.397000445052981e-05,0.08982058099354617,716,217,499,6,1272,0,5,305,768,6,628
initial/test-979,test-979,initial,endpoint_only,43,242069804475824,0,1,GEN_BUDGET,53.067736697004875,51.34213810400979,0,9.999370987992734,41.34276711601706,1.5503149510041112,0.17526235000696033,2.129198401235044e-05,0.03713516000425443,1965,387,1578,5,2040,0,5,305,960,6,1691
initial/test-80,test-80,initial,now,17,120467802658356,0,0,FINAL_PASS,3.3417148740118137,2.982757046003826,0,2.982757046003826,0.0,0.35895192800671794,0,5.900001269765198e-06,0.03239021298941225,117,117,0,2,353,0,0,0,0,1,0
initial/test-80,test-80,initial,delay1,17,120467802658356,0,0,FINAL_PASS,4.236830206995364,3.807710680004675,0,3.807710680004675,0.0,0.4291076469962718,0,1.1879994417540729e-05,0.07137020201480482,149,149,0,2,402,0,0,0,0,2,0
initial/test-80,test-80,initial,delay2,17,120467802658356,0,0,FINAL_PASS,3.380320115975337,2.9842357939924113,0,2.9842357939924113,0.0,0.39607113097736146,0,1.3191005564294755e-05,0.07060038599593099,117,117,0,2,409,0,0,0,0,2,0
initial/test-80,test-80,initial,endpoint_only,17,120467802658356,0,0,FINAL_PASS,3.2273574209975777,3.0226023239956703,0,3.0226023239956703,0.0,0.20475188099953812,0,3.216002369299531e-06,0.03576546699332539,117,117,0,1,232,0,0,0,0,1,0
initial/test-80,test-80,initial,now,29,196648089247567,0,0,FINAL_PASS,2.993177034004475,2.630872164008906,0,2.630872164008906,0.0,0.362299262007582,0,5.607987986877561e-06,0.032824605994392186,105,105,0,2,344,0,0,0,0,1,0
initial/test-80,test-80,initial,delay1,29,196648089247567,0,0,FINAL_PASS,3.0426170120044844,2.6479284840024775,0,2.6479284840024775,0.0,0.39466771099250764,0,2.0817009499296546e-05,0.07528779499989469,105,105,0,2,385,0,0,0,0,2,0
initial/test-80,test-80,initial,delay2,29,196648089247567,0,0,FINAL_PASS,2.9718052849930245,2.7670972509949934,0,2.7670972509949934,0.0,0.204697829001816,0,1.0204996215179563e-05,0.03289252500690054,105,105,0,1,223,0,0,0,0,1,0
initial/test-80,test-80,initial,endpoint_only,29,196648089247567,0,0,FINAL_PASS,2.9204256649973104,2.7136020489997463,0,2.7136020489997463,0.0,0.20682057199883275,0,3.043998731300235e-06,0.03278933399997186,105,105,0,1,223,0,0,0,0,1,0
initial/test-80,test-80,initial,now,43,97228300313810,0,0,FINAL_PASS,3.4135606700001517,3.053387670996017,0,3.053387670996017,0.0,0.3601642410067143,0,8.757997420616448e-06,0.03294056499726139,120,120,0,2,359,0,0,0,0,1,0
initial/test-80,test-80,initial,delay1,43,97228300313810,0,0,FINAL_PASS,3.509871217989712,3.112290605000453,0,3.112290605000453,0.0,0.39756502299860585,0,1.558999065309763e-05,0.07097663001331966,120,120,0,2,414,0,0,0,0,2,0
initial/test-80,test-80,initial,delay2,43,97228300313810,0,0,FINAL_PASS,3.3294863229966722,3.1232270119944587,0,3.1232270119944587,0.0,0.20624571999360342,0,1.3591008610092103e-05,0.03288361700833775,120,120,0,1,238,0,0,0,0,1,0
initial/test-80,test-80,initial,endpoint_only,43,97228300313810,0,0,FINAL_PASS,3.312597129988717,3.1063780459953705,0,3.1063780459953705,0.0,0.20621634800045285,0,2.735992893576622e-06,0.03232281398959458,120,120,0,1,238,0,0,0,0,1,0
initial/test-903,test-903,initial,now,17,204457719805577,1,0,FINAL_PASS,9.836798599993926,9.252866315000574,0,9.252866315000574,0.0,0.5839254890015582,0,6.795991794206202e-06,0.03802523200283758,356,356,0,2,697,0,0,0,0,1,0
initial/test-903,test-903,initial,delay1,17,204457719805577,1,0,FINAL_PASS,9.898888233001344,9.296585861011408,0,9.296585861011408,0.0,0.6022881179960677,0,1.4253993867896497e-05,0.08716767300211359,356,356,0,2,768,0,0,0,0,2,0
initial/test-903,test-903,initial,delay2,17,204457719805577,1,0,FINAL_PASS,9.793755395017797,9.130691840997315,0,9.130691840997315,0.0,0.6630477440048708,0,1.5810015611350536e-05,0.10533051899983548,356,356,0,2,864,0,0,0,0,2,0
initial/test-903,test-903,initial,endpoint_only,17,204457719805577,1,0,FINAL_PASS,9.523247026998433,9.13042533400585,0,9.13042533400585,0.0,0.39281735400436446,0,4.338988219387829e-06,0.03772127200500108,356,356,0,1,522,0,0,0,0,1,0
initial/test-903,test-903,initial,now,29,86170540996549,1,0,FINAL_PASS,10.30710207701486,9.727155806991505,0,9.727155806991505,0.0,0.5799411600164603,0,5.110006895847619e-06,0.037459978004335426,377,377,0,2,718,0,0,0,0,1,0
initial/test-903,test-903,initial,delay1,29,86170540996549,1,0,FINAL_PASS,10.392298020000453,9.75465051199717,0,9.75465051199717,0.0,0.6376325309975073,0,1.4977005776017904e-05,0.09036413201829419,377,377,0,2,804,0,0,0,0,2,0
initial/test-903,test-903,initial,delay2,29,86170540996549,1,0,FINAL_PASS,10.396314697994967,9.734358097994118,0,9.734358097994118,0.0,0.6619436719920486,0,1.2928008800372481e-05,0.10184885399939958,377,377,0,2,900,0,0,0,0,2,0
initial/test-903,test-903,initial,endpoint_only,29,86170540996549,1,0,FINAL_PASS,10.092201464009122,9.696907182005816,0,9.696907182005816,0.0,0.3952916220005136,0,2.6600027922540903e-06,0.0380400670110248,377,377,0,1,543,0,0,0,0,1,0
initial/test-903,test-903,initial,now,43,274573670041778,1,0,FINAL_PASS,10.106937337986892,9.527620748995105,0,9.527620748995105,0.0,0.5793065519974334,0,1.0036994353868067e-05,0.0381236419925699,369,369,0,2,710,0,0,0,0,1,0
initial/test-903,test-903,initial,delay1,43,274573670041778,1,0,FINAL_PASS,10.134963204036467,9.496472501006792,0,9.496472501006792,0.0,0.6384768280113349,0,1.387501833960414e-05,0.09044196900504176,366,366,0,2,803,0,0,0,0,2,0
initial/test-903,test-903,initial,delay2,43,274573670041778,1,0,FINAL_PASS,10.301574250974227,9.633803230986814,0,9.633803230986814,0.0,0.6677504419931211,0,2.057799429167062e-05,0.10480945000017527,369,369,0,2,893,0,0,0,0,2,0
initial/test-903,test-903,initial,endpoint_only,43,274573670041778,1,0,FINAL_PASS,10.054408716008766,9.661705885999254,0,9.661705885999254,0.0,0.39269981600227766,0,3.0140072340145707e-06,0.03794362800545059,369,369,0,1,535,0,0,0,0,1,0
initial/test-23,test-23,initial,now,17,254059940408384,1,0,FINAL_PASS,2.397247973989579,2.0565866440010723,0,2.0565866440010723,0.0,0.340652726998087,0,8.602990419603884e-06,0.03235936499550007,81,81,0,2,303,0,0,0,0,1,0
initial/test-23,test-23,initial,delay1,17,254059940408384,1,0,FINAL_PASS,2.246200156994746,2.056411500001559,0,2.056411500001559,0.0,0.1897832869872218,0,5.370005965232849e-06,0.03200319700408727,81,81,0,1,192,0,0,0,0,1,0
initial/test-23,test-23,initial,delay2,17,254059940408384,1,0,FINAL_PASS,2.24317630699079,2.0533380239940016,0,2.0533380239940016,0.0,0.18983133700385224,0,6.9459929363802075e-06,0.03205929699470289,81,81,0,1,192,0,0,0,0,1,0
initial/test-23,test-23,initial,endpoint_only,17,254059940408384,1,0,FINAL_PASS,2.25277516101778,2.0615293010050664,0,2.0615293010050664,0.0,0.19124233300681226,0,3.5270059015601873e-06,0.03322390399989672,81,81,0,1,192,0,0,0,0,1,0
initial/test-23,test-23,initial,now,29,114993758286844,1,0,FINAL_PASS,3.6605048299825285,3.3048026249889517,0,3.3048026249889517,0.0,0.3556952819926664,0,6.923000910319388e-06,0.03261014699819498,129,129,0,2,345,0,0,0,0,1,0
initial/test-23,test-23,initial,delay1,29,114993758286844,1,0,FINAL_PASS,2.661856181002804,2.274011650995817,0,2.274011650995817,0.0,0.38783141200838145,0,1.3117998605594039e-05,0.06870507099665701,91,91,0,2,333,0,0,0,0,2,0
initial/test-23,test-23,initial,delay2,29,114993758286844,1,0,FINAL_PASS,3.5812487980292644,3.1871748650155496,0,3.1871748650155496,0.0,0.3940586430107942,0,1.5290002920664847e-05,0.07005537800432649,129,129,0,2,408,0,0,0,0,2,0
initial/test-23,test-23,initial,endpoint_only,29,114993758286844,1,0,FINAL_PASS,3.426467291006702,3.220219441005611,0,3.220219441005611,0.0,0.20624358300119638,0,4.2669998947530985e-06,0.03256741599761881,129,129,0,1,234,0,0,0,0,1,0
initial/test-23,test-23,initial,now,43,20726163929173,1,0,FINAL_PASS,2.410569511979702,2.066188060998684,0,2.066188060998684,0.0,0.3443743169918889,0,7.133989129215479e-06,0.032231941004283726,81,81,0,2,300,0,0,0,0,1,0
initial/test-23,test-23,initial,delay1,43,20726163929173,1,0,FINAL_PASS,2.3945403229736257,2.02050851698732,0,2.02050851698732,0.0,0.3740194860001793,0,1.231998612638563e-05,0.07626635699125472,81,81,0,2,342,0,0,0,0,2,0
initial/test-23,test-23,initial,delay2,43,20726163929173,1,0,FINAL_PASS,2.252249404991744,2.0622603189985966,0,2.0622603189985966,0.0,0.18998188299883623,0,7.2029943112283945e-06,0.03266362399153877,81,81,0,1,189,0,0,0,0,1,0
initial/test-23,test-23,initial,endpoint_only,43,20726163929173,1,0,FINAL_PASS,2.281923224014463,2.090528881002683,0,2.090528881002683,0.0,0.191389354004059,0,4.989007720723748e-06,0.032671331995516084,81,81,0,1,189,0,0,0,0,1,0
initial/test-489,test-489,initial,now,17,269345268524480,1,0,FINAL_PASS,8.347698837984353,7.497523440993973,0,2.421047556999838,5.076475883994135,0.7741083860018989,0.07604014598473441,2.6865003746934235e-05,0.03307104999839794,292,95,197,4,737,0,2,122,466,3,182
initial/test-489,test-489,initial,delay1,17,269345268524480,1,0,FINAL_PASS,6.165111666981829,5.518823406979209,0,3.3695985459926305,2.1492248609865783,0.5955003450071672,0.050757753997459076,3.01609979942441e-05,0.07014871999854222,217,134,83,3,623,0,1,61,274,3,97
initial/test-489,test-489,initial,delay2,17,269345268524480,1,0,FINAL_PASS,14.267442696014768,12.941789960997994,0,1.812841380989994,11.128948580008,1.1243322350055678,0.20124832799774595,7.217201346065849e-05,0.03452644299250096,505,73,432,6,1024,0,5,305,1005,6,377
initial/test-489,test-489,initial,endpoint_only,17,269345268524480,1,0,FINAL_PASS,12.832006511991494,11.870518007999635,0,2.3609235100011574,9.509594497998478,0.8456617929768981,0.11581125800148584,1.5453013475053012e-05,0.03274548301124014,468,95,373,4,811,0,3,183,603,4,274
initial/test-489,test-489,initial,now,29,264325995871310,1,0,FINAL_PASS,2.8698673430044437,2.508951063005952,0,2.508951063005952,0.0,0.3609095270076068,0,6.752990884706378e-06,0.03261463400849607,97,97,0,2,328,0,0,0,0,1,0
initial/test-489,test-489,initial,delay1,29,264325995871310,1,0,FINAL_PASS,2.819747664994793,2.421776356000919,0,2.421776356000919,0.0,0.3979579770093551,0,1.3331984519027174e-05,0.07348244899185374,97,97,0,2,381,0,0,0,0,2,0
initial/test-489,test-489,initial,delay2,29,264325995871310,1,0,FINAL_PASS,2.624471552990144,2.414802246988984,0,2.414802246988984,0.0,0.20965946500655264,0,9.840994607657194e-06,0.03382797399535775,97,97,0,1,211,0,0,0,0,1,0
initial/test-489,test-489,initial,endpoint_only,29,264325995871310,1,0,FINAL_PASS,2.6510600309848087,2.441118730988819,0,2.441118730988819,0.0,0.20993845799239352,0,2.8420035960152745e-06,0.032281799998600036,97,97,0,1,211,0,0,0,0,1,0
initial/test-489,test-489,initial,now,43,256588747653997,1,0,FINAL_PASS,3.33777044400631,2.9782978339935653,0,2.9782978339935653,0.0,0.35946388900629245,0,8.72100645210594e-06,0.04147139699489344,117,117,0,2,345,0,0,0,0,1,0
initial/test-489,test-489,initial,delay1,43,256588747653997,1,0,FINAL_PASS,3.3775170530134346,2.987346381007228,0,2.987346381007228,0.0,0.39015583900618367,0,1.4833000022917986e-05,0.07070598300197162,117,117,0,2,371,0,0,0,0,2,0
initial/test-489,test-489,initial,delay2,43,256588747653997,1,0,FINAL_PASS,3.378450600008364,2.9821826069965027,0,2.9821826069965027,0.0,0.3962549550051335,0,1.3038006727583706e-05,0.07000514799437951,117,117,0,2,404,0,0,0,0,2,0
initial/test-489,test-489,initial,endpoint_only,43,256588747653997,1,0,FINAL_PASS,3.1727540910214884,2.9667807850055397,0,2.9667807850055397,0.0,0.20597024900780525,0,3.0570081435143948e-06,0.03340708200994413,117,117,0,1,228,0,0,0,0,1,0
initial/test-42,test-42,initial,now,17,116923147490657,1,0,FINAL_PASS,2.8825739819876617,2.445038060992374,0,2.445038060992374,0.0,0.4375306909932988,0,5.230001988820732e-06,0.03721186600159854,96,96,0,2,429,0,0,0,0,1,0
initial/test-42,test-42,initial,delay1,17,116923147490657,1,0,FINAL_PASS,2.9242226400092477,2.4685207930015167,0,2.4685207930015167,0.0,0.4556865310005378,0,1.531600719317794e-05,0.08620511299523059,96,96,0,2,475,0,0,0,0,2,0
initial/test-42,test-42,initial,delay2,17,116923147490657,1,0,FINAL_PASS,2.71171972801676,2.4637976630037883,0,2.4637976630037883,0.0,0.2479143600066891,0,7.705006282776594e-06,0.038691595997079276,96,96,0,1,261,0,0,0,0,1,0
initial/test-42,test-42,initial,endpoint_only,17,116923147490657,1,0,FINAL_PASS,2.7490044770092936,2.5008713780116523,0,2.5008713780116523,0.0,0.24812986800679937,0,3.230990841984749e-06,0.03829862299608067,96,96,0,1,261,0,0,0,0,1,0
initial/test-42,test-42,initial,now,29,140568490974671,1,0,FINAL_PASS,2.7471929380117217,2.3493175269977655,0,2.3493175269977655,0.0,0.397867280014907,0,8.130999049171805e-06,0.03799267200520262,91,91,0,2,424,0,0,0,0,1,0
initial/test-42,test-42,initial,delay1,29,140568490974671,1,0,FINAL_PASS,2.715943906980101,2.298020815986092,0,2.298020815986092,0.0,0.4179091200057883,0,1.3970988220535219e-05,0.08864282199647278,91,91,0,2,476,0,0,0,0,2,0
initial/test-42,test-42,initial,delay2,29,140568490974671,1,0,FINAL_PASS,2.533020486982423,2.32407338199846,0,2.32407338199846,0.0,0.2089405269944109,0,6.577989552170038e-06,0.03948606199992355,91,91,0,1,256,0,0,0,0,1,0
initial/test-42,test-42,initial,endpoint_only,29,140568490974671,1,0,FINAL_PASS,2.526735823979834,2.317209329994512,0,2.317209329994512,0.0,0.20952316198963672,0,3.331995685584843e-06,0.03762581599585246,91,91,0,1,256,0,0,0,0,1,0
initial/test-42,test-42,initial,now,43,111682869343975,1,0,FINAL_PASS,2.455865891999565,2.0578660190076334,0,2.0578660190076334,0.0,0.39799236999533605,0,7.5029965955764055e-06,0.03768724499968812,79,79,0,2,415,0,0,0,0,1,0
initial/test-42,test-42,initial,delay1,43,111682869343975,1,0,FINAL_PASS,2.2153319289936917,2.007516162993852,0,2.007516162993852,0.0,0.20780946100421716,0,6.304995622485876e-06,0.03765428801125381,79,79,0,1,247,0,0,0,0,1,0
initial/test-42,test-42,initial,delay2,43,111682869343975,1,0,FINAL_PASS,2.194947577008861,1.9877435759990476,0,1.9877435759990476,0.0,0.20719402300892398,0,9.978000889532268e-06,0.03780099299910944,79,79,0,1,247,0,0,0,0,1,0
initial/test-42,test-42,initial,endpoint_only,43,111682869343975,1,0,FINAL_PASS,2.1763545510038966,1.9690072469966253,0,1.9690072469966253,0.0,0.2073442580003757,0,3.0460068956017494e-06,0.0378156160004437,79,79,0,1,247,0,0,0,0,1,0
initial/test-392,test-392,initial,now,17,160304364496498,1,0,FINAL_UNCERTAIN,13.84232336601417,12.397331597006996,0,7.326041973006795,5.071289624000201,1.3804011839965824,0.0645430520089576,4.7533001634292305e-05,0.17550479700730648,483,286,197,5,1683,0,1,61,403,4,116
initial/test-392,test-392,initial,delay1,17,160304364496498,1,0,FINAL_PASS,7.531304458985687,6.859083770992584,0,6.859083770992584,0.0,0.672152407001704,0,6.82809913996607e-05,0.12585477200627793,267,267,0,3,757,0,0,0,0,3,0
initial/test-392,test-392,initial,delay2,17,160304364496498,1,0,FINAL_PASS,18.639055171006476,17.538039304010454,0,6.951644065004075,10.586395239006379,1.001608321996173,0.09936727400054224,4.027099930681288e-05,0.07103208800253924,686,274,412,4,1244,0,2,122,566,4,452
initial/test-392,test-392,initial,endpoint_only,17,160304364496498,0,1,EOS,18.618273179978132,18.06326402501145,0,7.323861134995241,10.739402890016208,0.47913817399239633,0.07585830398602411,1.2676988262683153e-05,0.0326590400072746,703,286,417,2,608,0,2,122,412,3,444
initial/test-392,test-392,initial,now,29,205844196722342,1,0,FINAL_PASS,6.842656146996887,6.1686792470136425,0,6.1686792470136425,0.0,0.6739625269692624,0,1.437301398254931e-05,0.08590528000786435,242,242,0,3,757,0,0,0,0,2,0
initial/test-392,test-392,initial,delay1,29,205844196722342,1,0,FINAL_PASS,6.405641155986814,5.955342681001639,0,5.955342681001639,0.0,0.4502837149921106,0,1.475999306421727e-05,0.07708655000897124,225,225,0,2,469,0,0,0,0,2,0
initial/test-392,test-392,initial,delay2,29,205844196722342,1,0,FINAL_PASS,6.69203671401192,6.23096298299788,0,6.23096298299788,0.0,0.46105979999992996,0,1.3931014109402895e-05,0.06988295300106984,242,242,0,2,521,0,0,0,0,2,0
initial/test-392,test-392,initial,endpoint_only,29,205844196722342,1,0,FINAL_PASS,6.387419848993886,6.115725665003993,0,6.115725665003993,0.0,0.27169155298906844,0,2.631000825203955e-06,0.0320212440128671,242,242,0,1,339,0,0,0,0,1,0
initial/test-392,test-392,initial,now,43,165822817726526,0,0,FINAL_PASS,36.82535763498163,35.09989006501564,0,6.439855523000006,28.660034542015637,1.5685034219786758,0.15691289299866185,5.125498864799738e-05,0.03218970700982027,1343,246,1097,6,1963,0,4,244,916,5,1144
initial/test-392,test-392,initial,delay1,43,165822817726526,1,0,FINAL_PASS,10.418929549996392,9.642036232995451,0,6.8888445170014165,2.753191715994035,0.7267946470092284,0.05007704500167165,2.1624990040436387e-05,0.0806533140130341,380,267,113,3,872,0,1,61,316,3,184
initial/test-392,test-392,initial,delay2,43,165822817726526,1,0,FINAL_PASS,10.436719383986201,9.898931376985274,0,5.11349816499569,4.785433211989584,0.501582591998158,0.03618906099291053,1.6354009858332574e-05,0.032545470996410586,387,198,189,2,575,0,1,61,206,2,198
initial/test-392,test-392,initial,endpoint_only,43,165822817726526,1,0,FINAL_PASS,13.040642216001288,12.467871712011402,0,6.253495845012367,6.214375866999035,0.535926409997046,0.03683814700343646,5.946989404037595e-06,0.034942589001730084,500,246,254,2,676,0,1,61,206,2,246
initial/test-210,test-210,initial,now,17,220921057525493,1,0,FINAL_UNCERTAIN,17.491904474969488,15.789122572998167,0,4.6479918400000315,11.141130732998135,1.648395725977025,0.05434717999014538,3.8996004150249064e-05,0.23719079700822476,630,191,439,5,2277,0,1,61,325,4,191
initial/test-210,test-210,initial,delay1,17,220921057525493,0,1,EOS,15.94055933697382,14.972310400989954,0,6.227534852994722,8.744775547995232,0.8605323499941733,0.10767454998858739,4.20360011048615e-05,0.10185393098799977,601,252,349,3,1134,0,2,122,748,4,403
initial/test-210,test-210,initial,delay2,17,220921057525493,0,0,FINAL_PASS,22.65864637203049,20.659120546013582,0,3.0750178519956535,17.58410269401793,1.8322780260059517,0.16711865800607484,0.00012914200488012284,0.2031182149949018,824,121,703,6,2402,0,3,183,1123,6,464
initial/test-210,test-210,initial,endpoint_only,17,220921057525493,0,0,FINAL_PASS,37.88194326600933,36.4416947740101,0,7.8466532320016995,28.595041542008403,1.325773182019475,0.11446339398389682,1.1915995855815709e-05,0.04945061200123746,1428,303,1125,4,1949,0,3,183,729,4,1046
initial/test-210,test-210,initial,now,29,202689013644956,1,0,FINAL_PASS,10.26134834199911,9.330421812002896,0,9.330421812002896,0.0,0.9309116840013303,0,1.4845994883216918e-05,0.13268518999393564,365,365,0,3,1209,0,0,0,0,2,0
initial/test-210,test-210,initial,delay1,29,202689013644956,1,0,FINAL_PASS,8.390717573973234,7.846568147986545,0,7.846568147986545,0.0,0.5441346439911285,0,1.478199556004256e-05,0.09998008501133882,306,306,0,2,756,0,0,0,0,2,0
initial/test-210,test-210,initial,delay2,29,202689013644956,1,0,FINAL_PASS,15.876662245980697,14.770019813993713,0,8.560680212991429,6.209339601002284,1.0404823120043147,0.06613001799269114,3.010198997799307e-05,0.10743999997794162,574,333,241,3,1380,0,1,61,435,3,227
initial/test-210,test-210,initial,endpoint_only,29,202689013644956,1,0,FINAL_PASS,9.831639730997267,9.436799119997886,0,9.436799119997886,0.0,0.3948378089990001,0,2.802000381052494e-06,0.04851544099801686,365,365,0,1,555,0,0,0,0,1,0
initial/test-210,test-210,initial,now,43,116469915365711,0,1,BUDGET_VERIFIER,34.46555686101783,32.412335305969464,0,5.697674896000535,26.71466040996893,1.840374106017407,0.2127792820101604,6.816702079959214e-05,0.04978365900751669,1236,220,1016,6,2405,0,5,305,1300,5,1236
initial/test-210,test-210,initial,delay1,43,116469915365711,0,1,EOS,8.282212743986747,7.73872815699724,0,7.73872815699724,0.0,0.5434600839944324,0,2.450299507472664e-05,0.18237788099213503,302,302,0,2,723,0,0,0,0,3,0
initial/test-210,test-210,initial,delay2,43,116469915365711,1,0,FINAL_PASS,19.81301330200222,18.377917157995398,0,8.543311397006619,9.83460576098878,1.3002799160021823,0.1347772029985208,3.90250061172992e-05,0.10354798099433538,715,338,377,4,1795,0,2,122,854,4,410
initial/test-210,test-210,initial,endpoint_only,43,116469915365711,0,1,EOS,13.378548260996467,12.72804130698205,0,8.686328140989644,4.041713165992405,0.5731685060163727,0.07732817900250666,1.026899553835392e-05,0.049060552002629265,499,341,158,2,672,0,2,122,486,3,348
initial/test-984,test-984,initial,now,17,185333928199608,0,1,BUDGET_VERIFIER,27.708323104016017,26.00330875198415,0,0.0,26.00330875198415,1.511665780999465,0.19329143401409965,5.7137018302455544e-05,0,1007,0,1007,6,1791,0,6,366,1145,5,1007
initial/test-984,test-984,initial,delay1,17,185333928199608,0,1,EOS,17.224773785026628,16.04980376099411,0,3.7435188660019776,12.306284894992132,1.0220074120152276,0.15288447200146038,7.814001583028585e-05,0.10668276899377815,627,155,472,5,1059,0,4,244,916,6,309
initial/test-984,test-984,initial,delay2,17,185333928199608,0,1,BUDGET_VERIFIER,33.40195557002153,31.51634827599628,0,6.412900707000517,25.10344756899576,1.7176177890069084,0.16791467102302704,7.483399531338364e-05,0.10229079899727367,1231,266,965,6,2134,0,4,244,1050,6,1085
initial/test-984,test-984,initial,endpoint_only,17,185333928199608,0,1,EOS,45.99321431100543,44.230620728005306,0,6.40930671300157,37.821314015003736,1.5717325050063664,0.19083822499669623,2.285299706272781e-05,0.05303404000005685,1706,266,1440,5,2117,0,5,305,1145,6,1442
initial/test-984,test-984,initial,now,29,202335368019452,0,1,BUDGET_VERIFIER,34.18980091006961,32.38268174001132,0,0.0,32.38268174001132,1.6167744540289277,0.19029717802186497,4.753800749313086e-05,0,1233,0,1233,6,2014,0,6,366,1145,5,1233
initial/test-984,test-984,initial,delay1,29,202335368019452,0,1,BUDGET_VERIFIER,27.78915988400695,25.818087463005213,0,1.9814325170009397,23.836654946004273,1.7348622110148426,0.23613998999644537,7.02199904480949e-05,0.10805959200661164,1000,83,917,6,2318,0,5,305,1549,6,850
initial/test-984,test-984,initial,delay2,29,202335368019452,0,1,GEN_BUDGET,50.40638040196791,48.66349672198703,0,4.769352814997546,43.894143906989484,1.549417297981563,0.19338911700469907,7.726499461568892e-05,0.05278513800294604,1895,198,1697,5,2100,0,5,305,1145,6,1416
initial/test-984,test-984,initial,endpoint_only,29,202335368019452,0,1,EOS,17.66197839900269,16.876546382001834,0,11.80966034400626,5.066886037995573,0.7088145220041042,0.07660261100681964,1.4883989933878183e-05,0.0538764109951444,672,473,199,2,1025,0,2,122,458,3,663
initial/test-984,test-984,initial,now,43,111915910159225,0,1,BUDGET_VERIFIER,30.524500846033334,28.769988077998278,0,0.0,28.769988077998278,1.55974279702059,0.19471388401871081,5.608699575532228e-05,0,1102,0,1102,6,1890,0,6,366,1145,5,1102
initial/test-984,test-984,initial,delay1,43,111915910159225,0,0,FINAL_UNCERTAIN,15.615706107972073,13.998755560009158,0,4.312064304991509,9.68669125501765,1.5261678439710522,0.09073032101150602,5.2382980356924236e-05,0.23925291899649892,540,167,373,6,1806,0,2,122,578,6,228
initial/test-984,test-984,initial,delay2,43,111915910159225,0,1,GEN_BUDGET,51.36422183501418,49.65719544200692,0,7.166678623994812,42.49051681801211,1.5544428320135921,0.15252889899420552,5.4661999456584454e-05,0.05292705800093245,1895,276,1619,4,2160,0,4,244,916,5,1581
initial/test-984,test-984,initial,endpoint_only,43,111915910159225,0,1,GEN_BUDGET,50.76242755600833,48.96338812401518,0,7.124902456009295,41.83848566800589,1.6435513670148794,0.15546715499658603,2.0909981685690582e-05,0.0531889650010271,1895,276,1619,4,2374,0,4,244,916,5,1813
initial/test-179,test-179,initial,now,17,137334056187296,1,0,FINAL_PASS,3.276220526022371,2.8894345430016983,0,2.8894345430016983,0.0,0.38678055501077324,0,5.428009899333119e-06,0.03256505799072329,114,114,0,2,370,0,0,0,0,1,0
initial/test-179,test-179,initial,delay1,17,137334056187296,1,0,FINAL_PASS,3.294890106000821,2.898765646998072,0,2.898765646998072,0.0,0.39610773700405844,0,1.6721998690627515e-05,0.07080338700325228,113,113,0,2,426,0,0,0,0,2,0
initial/test-179,test-179,initial,delay2,17,137334056187296,1,0,FINAL_PASS,3.0748183030227665,2.8685953710082686,0,2.8685953710082686,0.0,0.2062152840080671,0,7.648006430827081e-06,0.037133789010113105,114,114,0,1,240,0,0,0,0,1,0
initial/test-179,test-179,initial,endpoint_only,17,137334056187296,1,0,FINAL_PASS,3.088060061010765,2.8812663970020367,0,2.8812663970020367,0.0,0.2067902450071415,0,3.4190015867352486e-06,0.032967590988846496,114,114,0,1,240,0,0,0,0,1,0
initial/test-179,test-179,initial,now,29,220648256767067,1,0,FINAL_PASS,3.273825018972275,2.8862340849882457,0,2.8862340849882457,0.0,0.3875852719793329,0,5.662004696205258e-06,0.03281051899830345,113,113,0,2,369,0,0,0,0,1,0
initial/test-179,test-179,initial,delay1,29,220648256767067,1,0,FINAL_PASS,3.2941796310042264,2.8960692590044346,0,2.8960692590044346,0.0,0.3980951300036395,0,1.5241996152326465e-05,0.07002446999831591,114,114,0,2,427,0,0,0,0,2,0
initial/test-179,test-179,initial,delay2,29,220648256767067,1,0,FINAL_PASS,3.0668517660087673,2.859698478001519,0,2.859698478001519,0.0,0.2071465530025307,0,6.7350047174841166e-06,0.035924379000789486,113,113,0,1,239,0,0,0,0,1,0
initial/test-179,test-179,initial,endpoint_only,29,220648256767067,1,0,FINAL_PASS,3.0246494460006943,2.81492572199204,0,2.81492572199204,0.0,0.20972115300537553,0,2.5710032787173986e-06,0.03435626499413047,113,113,0,1,239,0,0,0,0,1,0
initial/test-179,test-179,initial,now,43,20739365065474,1,0,FINAL_PASS,3.223850824011606,2.8343692619964713,0,2.8343692619964713,0.0,0.3894705260026967,0,1.1036012438125908e-05,0.03414744600013364,111,111,0,2,367,0,0,0,0,1,0
initial/test-179,test-179,initial,delay1,43,20739365065474,1,0,FINAL_PASS,3.2118926159892,2.8141226599982474,0,2.8141226599982474,0.0,0.397756815989851,0,1.314000110141933e-05,0.07122261000040453,111,111,0,2,424,0,0,0,0,2,0
initial/test-179,test-179,initial,delay2,43,20739365065474,1,0,FINAL_PASS,3.063901294997777,2.8568117520044325,0,2.8568117520044325,0.0,0.20708139799535275,0,8.144997991621494e-06,0.03280062299745623,111,111,0,1,237,0,0,0,0,1,0
initial/test-179,test-179,initial,endpoint_only,43,20739365065474,1,0,FINAL_PASS,3.0810909749998245,2.873995059999288,0,2.873995059999288,0.0,0.20709342800546438,0,2.486995072104037e-06,0.03226922400062904,111,111,0,1,237,0,0,0,0,1,0
initial/test-208,test-208,initial,now,17,59646831118719,1,0,FINAL_PASS,3.2451498199952766,2.8555446559912525,0,2.8555446559912525,0.0,0.3895966660056729,0,8.497998351231217e-06,0.037460642008227296,113,113,0,2,385,0,0,0,0,1,0
initial/test-208,test-208,initial,delay1,17,59646831118719,1,0,FINAL_PASS,3.264572080996004,2.865569001995027,0,2.865569001995027,0.0,0.3989874919934664,0,1.5587007510475814e-05,0.07558977500593755,113,113,0,2,430,0,0,0,0,2,0
initial/test-208,test-208,initial,delay2,17,59646831118719,1,0,FINAL_PASS,3.076393083014409,2.8677604550030082,0,2.8677604550030082,0.0,0.20862362800107803,0,9.000010322779417e-06,0.03741502699267585,113,113,0,1,248,0,0,0,0,1,0
initial/test-208,test-208,initial,endpoint_only,17,59646831118719,1,0,FINAL_PASS,3.1050195959978737,2.894528464996256,0,2.894528464996256,0.0,0.21048805399914272,0,3.077002475038171e-06,0.03700869700696785,113,113,0,1,248,0,0,0,0,1,0
initial/test-208,test-208,initial,now,29,90566710327983,1,0,FINAL_PASS,3.0366100919927703,2.6486126579984557,0,2.6486126579984557,0.0,0.38799259199004155,0,4.842004273086786e-06,0.037230262998491526,104,104,0,2,376,0,0,0,0,1,0
initial/test-208,test-208,initial,delay1,29,90566710327983,1,0,FINAL_PASS,3.1792716729833046,2.7779536089801695,0,2.7779536089801695,0.0,0.4013009339978453,0,1.7130005289800465e-05,0.07579852000344545,110,110,0,2,427,0,0,0,0,2,0
initial/test-208,test-208,initial,delay2,29,90566710327983,1,0,FINAL_PASS,2.758504923986038,2.551604383988888,0,2.551604383988888,0.0,0.20689468299678992,0,5.857000360265374e-06,0.0369714390108129,104,104,0,1,239,0,0,0,0,1,0
initial/test-208,test-208,initial,endpoint_only,29,90566710327983,1,0,FINAL_PASS,2.8172922219964676,2.60913356099627,0,2.60913356099627,0.0,0.20815556900925003,0,3.0919909477233887e-06,0.03915904001041781,104,104,0,1,239,0,0,0,0,1,0
initial/test-208,test-208,initial,now,43,267387520795161,1,0,FINAL_PASS,3.238027052997495,2.846546993998345,0,2.846546993998345,0.0,0.39147409799625166,0,5.961002898402512e-06,0.03658157799509354,111,111,0,2,383,0,0,0,0,1,0
initial/test-208,test-208,initial,delay1,43,267387520795161,1,0,FINAL_PASS,3.2383850170008373,2.83914033700421,0,2.83914033700421,0.0,0.3992321100085974,0,1.2569988030008972e-05,0.0759052040084498,111,111,0,2,428,0,0,0,0,2,0
initial/test-208,test-208,initial,delay2,43,267387520795161,1,0,FINAL_PASS,3.16081106501224,2.952725171999191,0,2.952725171999191,0.0,0.20807958500517998,0,6.308007868938148e-06,0.0367803900007857,111,111,0,1,246,0,0,0,0,1,0
initial/test-208,test-208,initial,endpoint_only,43,267387520795161,1,0,FINAL_PASS,3.0581444739946164,2.8502592129952973,0,2.8502592129952973,0.0,0.2078816829889547,0,3.578010364435613e-06,0.03825962700648233,111,111,0,1,246,0,0,0,0,1,0
historical_pass/test-159,test-159,historical_pass,now,17,237128713646357,0,0,FINAL_PASS,2.593645076980465,2.203555955988122,0,2.203555955988122,0.0,0.39008384599583223,0,5.274996510706842e-06,0.037266994011588395,86,86,0,2,339,0,0,0,0,1,0
historical_pass/test-159,test-159,historical_pass,delay1,17,237128713646357,0,0,FINAL_PASS,2.537372052014689,2.140783563008881,0,2.140783563008881,0.0,0.3965761130093597,0,1.2375996448099613e-05,0.07465734498691745,86,86,0,2,374,0,0,0,0,2,0
historical_pass/test-159,test-159,historical_pass,delay2,17,237128713646357,0,0,FINAL_PASS,2.6175525919825304,2.2157287979789544,0,2.2157287979789544,0.0,0.4017997470073169,0,2.4046996259130538e-05,0.08606991700071376,86,86,0,2,400,0,0,0,0,2,0
historical_pass/test-159,test-159,historical_pass,endpoint_only,17,237128713646357,0,0,FINAL_PASS,2.4437093869782984,2.236316986993188,0,2.236316986993188,0.0,0.20738922798773274,0,3.1719973776489496e-06,0.03766562200326007,86,86,0,1,209,0,0,0,0,1,0
historical_pass/test-159,test-159,historical_pass,now,29,245851611901156,0,0,FINAL_PASS,6.4692810800042935,5.808960863010725,0,4.073702560010133,1.7352583030005917,0.6201788169855718,0.04012369799602311,1.770201197359711e-05,0.036938816992915235,228,160,68,3,611,0,1,61,251,2,160
historical_pass/test-159,test-159,historical_pass,delay1,29,245851611901156,0,0,FINAL_PASS,11.505377231980674,10.54648945700319,0,4.075717571991845,6.470771885011345,0.8451920859806705,0.11365574298542924,3.9946011384017766e-05,0.03942456700315233,414,160,254,4,864,0,3,183,702,4,304
historical_pass/test-159,test-159,historical_pass,delay2,29,245851611901156,0,0,FINAL_PASS,11.409029421003652,10.44845481099037,0,4.05843294999795,6.3900218609924195,0.845752267021453,0.11478379300388042,3.854998794849962e-05,0.03765038000710774,414,160,254,4,864,0,3,183,702,4,304
historical_pass/test-159,test-159,historical_pass,endpoint_only,29,245851611901156,0,0,FINAL_PASS,11.363679258982302,10.400917589009623,0,4.109149961004732,6.291767628004891,0.8455871639889665,0.11716315300145652,1.1352982255630195e-05,0.03742710399092175,414,160,254,4,864,0,3,183,702,4,304
historical_pass/test-159,test-159,historical_pass,now,43,83203703444930,0,0,FINAL_PASS,3.156390424017445,2.7666301450080937,0,2.7666301450080937,0.0,0.38975299801677465,0,7.280992576852441e-06,0.03942638399894349,110,110,0,2,364,0,0,0,0,1,0
historical_pass/test-159,test-159,historical_pass,delay1,43,83203703444930,0,0,FINAL_PASS,3.2979571519681485,2.64611987999524,0,1.8665666459855856,0.7795532340096543,0.6016835099871969,0.05008910999458749,6.46519911242649e-05,0.07549293599731755,108,76,32,3,562,0,1,61,289,3,42
historical_pass/test-159,test-159,historical_pass,delay2,43,83203703444930,0,0,FINAL_PASS,3.1604306450026343,2.745237213996006,0,2.745237213996006,0.0,0.4151706030097557,0,2.2827996872365475e-05,0.08653119800146669,110,110,0,2,434,0,0,0,0,2,0
historical_pass/test-159,test-159,historical_pass,endpoint_only,43,83203703444930,0,0,FINAL_PASS,2.9711659610038623,2.764752265997231,0,2.764752265997231,0.0,0.20641071400314104,0,2.9810034902766347e-06,0.0366052899917122,110,110,0,1,234,0,0,0,0,1,0
historical_pass/test-365,test-365,historical_pass,now,17,266374479785204,1,0,FINAL_PASS,2.1902967569913017,1.7957513449946418,0,1.7957513449946418,0.0,0.39454076199035626,0,4.650006303563714e-06,0.03686732398637105,72,72,0,2,390,0,0,0,0,1,0
historical_pass/test-365,test-365,historical_pass,delay1,17,266374479785204,1,0,FINAL_PASS,2.032325459003914,1.8241853780054953,0,1.8241853780054953,0.0,0.20813336000719573,0,6.720991223119199e-06,0.03678090899484232,72,72,0,1,231,0,0,0,0,1,0
historical_pass/test-365,test-365,historical_pass,delay2,17,266374479785204,1,0,FINAL_PASS,2.032175857995753,1.825800699996762,0,1.825800699996762,0.0,0.2063693259988213,0,5.83200016990304e-06,0.037107210999238305,72,72,0,1,231,0,0,0,0,1,0
historical_pass/test-365,test-365,historical_pass,endpoint_only,17,266374479785204,1,0,FINAL_PASS,2.048381694999989,1.8402998940000543,0,1.8402998940000543,0.0,0.20807834700099193,0,3.453998942859471e-06,0.03868468600558117,72,72,0,1,231,0,0,0,0,1,0
historical_pass/test-365,test-365,historical_pass,now,29,104660343463728,1,0,FINAL_PASS,2.22226281100302,1.8269387250038562,0,1.8269387250038562,0.0,0.3953183060075389,0,5.779991624876857e-06,0.037114393009687774,74,74,0,2,392,0,0,0,0,1,0
historical_pass/test-365,test-365,historical_pass,delay1,29,104660343463728,1,0,FINAL_PASS,2.074720870994497,1.8670878609991632,0,1.8670878609991632,0.0,0.20762649399694055,0,6.5159983932971954e-06,0.03703271299309563,74,74,0,1,233,0,0,0,0,1,0
historical_pass/test-365,test-365,historical_pass,delay2,29,104660343463728,1,0,FINAL_PASS,2.022539982004673,1.8141831749962876,0,1.8141831749962876,0.0,0.2083492550009396,0,7.552007446065545e-06,0.03804505700827576,74,74,0,1,233,0,0,0,0,1,0
historical_pass/test-365,test-365,historical_pass,endpoint_only,29,104660343463728,1,0,FINAL_PASS,2.0513529299932998,1.84305659099482,0,1.84305659099482,0.0,0.20829269199748524,0,3.6470009945333004e-06,0.03783166299399454,74,74,0,1,233,0,0,0,0,1,0
historical_pass/test-365,test-365,historical_pass,now,43,266523959000011,1,0,FINAL_PASS,2.2374273470049957,1.840694810001878,0,1.840694810001878,0.0,0.3967241430073045,0,8.39399581309408e-06,0.03742364099889528,72,72,0,2,390,0,0,0,0,1,0
historical_pass/test-365,test-365,historical_pass,delay1,43,266523959000011,1,0,FINAL_PASS,1.992714932988747,1.7845957999961684,0,1.7845957999961684,0.0,0.20811423899431247,0,4.893998266197741e-06,0.03691523500310723,72,72,0,1,231,0,0,0,0,1,0
historical_pass/test-365,test-365,historical_pass,delay2,43,266523959000011,1,0,FINAL_PASS,1.9968269130040426,1.788095821000752,0,1.788095821000752,0.0,0.20872414800396655,0,6.943999323993921e-06,0.03710050799418241,72,72,0,1,231,0,0,0,0,1,0
historical_pass/test-365,test-365,historical_pass,endpoint_only,43,266523959000011,1,0,FINAL_PASS,2.005493048010976,1.798120106002898,0,1.798120106002898,0.0,0.2073692999983905,0,3.6420096876099706e-06,0.037837056996067986,72,72,0,1,231,0,0,0,0,1,0
historical_pass/test-135,test-135,historical_pass,now,17,34770724968155,0,0,FINAL_UNCERTAIN,4.141194097013795,3.4185943770135054,0,0.0,3.4185943770135054,0.6230759070022032,0.09949256099935155,3.125199873466045e-05,0,137,0,137,3,694,0,2,122,592,2,64
historical_pass/test-135,test-135,historical_pass,delay1,17,34770724968155,0,1,EOS,6.240440434034099,5.47039256899734,0,0.5268028699938441,4.943589699003496,0.6226779000135139,0.14733132800029125,3.863702295348048e-05,0.05022765099420212,221,22,199,3,693,0,3,183,888,4,136
historical_pass/test-135,test-135,historical_pass,delay2,17,34770724968155,0,0,FINAL_PASS,1.9976078160107136,1.509554397998727,0,1.3549791149998782,0.1545752829988487,0.4387456709955586,0.04929179600731004,1.5951009117998183e-05,0.050466126995161176,62,55,7,2,447,0,1,61,296,2,55
historical_pass/test-135,test-135,historical_pass,endpoint_only,17,34770724968155,0,1,BUDGET_VERIFIER,13.815192683017813,12.423116724996362,0,3.5230672549951123,8.90004947000125,1.1920524559973273,0.20000617601908743,1.7326005036011338e-05,0.051032392992055975,492,140,352,5,1379,0,5,305,1184,5,492
historical_pass/test-135,test-135,historical_pass,now,29,41761293820341,0,1,EOS,4.47266027200385,3.958859462014516,0,0.0,3.958859462014516,0.41512471399619244,0.09865838500263635,1.771099050529301e-05,0,154,0,154,2,458,0,2,122,592,2,74
historical_pass/test-135,test-135,historical_pass,delay1,29,41761293820341,0,0,FINAL_PASS,9.285986418020912,8.020317381000496,0,0.9158681690023514,7.104449211998144,1.063714443007484,0.20190126499801408,5.332901491783559e-05,0.049112104999949224,319,37,282,5,1190,0,4,244,1184,5,312
historical_pass/test-135,test-135,historical_pass,delay2,29,41761293820341,0,0,FINAL_PASS,9.159806203009794,7.90008811201551,0,0.9332479599979706,6.966840152017539,1.0612214880093234,0.19840269899577834,9.390398918185383e-05,0.050039049005135894,319,37,282,5,1190,0,4,244,1184,5,312
historical_pass/test-135,test-135,historical_pass,endpoint_only,29,41761293820341,0,1,BUDGET_VERIFIER,9.681286716018803,8.399970128011773,0,0.9145619609917048,7.4854081670200685,1.0807891170115909,0.2005126099975314,1.4860997907817364e-05,0.049370302993338555,340,37,303,5,1212,0,5,305,1184,5,340
historical_pass/test-135,test-135,historical_pass,now,43,271568730997123,0,1,EOS,10.040625892026583,8.946450388029916,0,0.0,8.946450388029916,0.8939572700182907,0.20017490598547738,4.332799289841205e-05,0,357,0,357,4,1012,0,4,244,1184,4,282
historical_pass/test-135,test-135,historical_pass,delay1,43,271568730997123,0,0,FINAL_PASS,5.204847870001686,4.44082739300211,0,0.5058196430036332,3.9350077499984764,0.6644209620135371,0.09956981700088363,2.9697985155507922e-05,0.049076973999035545,176,20,156,3,736,0,2,122,592,3,76
historical_pass/test-135,test-135,historical_pass,delay2,43,271568730997123,0,0,FINAL_PASS,5.198862259014277,4.436549371006549,0,0.47515035499236546,3.961399016014184,0.6636041309975553,0.0986882360157324,2.0520994439721107e-05,0.051269214003696106,176,20,156,3,736,0,2,122,592,3,76
historical_pass/test-135,test-135,historical_pass,endpoint_only,43,271568730997123,0,0,FINAL_PASS,5.198895535999327,4.431733493009233,0,0.48443029800546356,3.9473031950037694,0.6670901230099844,0.10006151600100566,1.0403979104012251e-05,0.048791577995871194,176,20,156,3,736,0,2,122,592,3,76
historical_pass/test-450,test-450,historical_pass,now,17,149430968363358,1,0,FINAL_PASS,4.84507191699231,4.322660708989133,0,4.322660708989133,0.0,0.5224051380064338,0,6.06999674346298e-06,0.04961042301147245,171,171,0,2,616,0,0,0,0,1,0
historical_pass/test-450,test-450,historical_pass,delay1,17,149430968363358,1,0,FINAL_PASS,5.258396170000196,4.693078776996117,0,4.693078776996117,0.0,0.5653012830007356,0,1.611000334378332e-05,0.10295430901169311,186,186,0,2,668,0,0,0,0,2,0
historical_pass/test-450,test-450,historical_pass,delay2,17,149430968363358,1,0,FINAL_PASS,4.857410688011441,4.28776284000196,0,4.28776284000196,0.0,0.5696300510026049,0,1.7797006876207888e-05,0.10343885599286295,171,171,0,2,700,0,0,0,0,2,0
historical_pass/test-450,test-450,historical_pass,endpoint_only,17,149430968363358,1,0,FINAL_PASS,4.636888218999957,4.32309742399957,0,4.32309742399957,0.0,0.31378824899729807,0,2.5460030883550644e-06,0.04921629799355287,171,171,0,1,390,0,0,0,0,1,0
historical_pass/test-450,test-450,historical_pass,now,29,60072012902175,1,0,FINAL_UNCERTAIN,15.592175348981982,14.094102382994606,0,4.038994154994725,10.055108227999881,1.391883088988834,0.10614678999991156,4.3086998630315065e-05,0.13535453499935102,560,166,394,5,1867,0,2,122,696,4,336
historical_pass/test-450,test-450,historical_pass,delay1,29,60072012902175,0,1,BUDGET_VERIFIER,24.30229965901526,22.487657944991952,0,4.710331404014141,17.77732654097781,1.6175306959921727,0.19706027500797063,5.074302316643298e-05,0.10125113099638838,874,192,682,5,2108,0,4,244,1167,5,837
historical_pass/test-450,test-450,historical_pass,delay2,29,60072012902175,0,1,BUDGET_VERIFIER,25.151559064004687,23.520785644010175,0,2.5612236130109522,20.959562030999223,1.431703406982706,0.19902413300587796,4.588000592775643e-05,0.05031895400315989,920,101,819,5,1775,0,5,305,1160,5,920
historical_pass/test-450,test-450,historical_pass,endpoint_only,29,60072012902175,1,0,FINAL_PASS,33.08327589997498,31.360132448971854,0,5.831533839998883,25.52859860897297,1.5229491510108346,0.20017811798607,1.6182006220333278e-05,0.04938057500112336,1213,220,993,5,2052,0,4,244,1160,5,1008
historical_pass/test-450,test-450,historical_pass,now,43,50111345825751,0,0,FINAL_UNCERTAIN,11.611722643021494,10.3851072260004,0,4.6729253889934625,5.712181837006938,1.1734873440000229,0.05310356699919794,2.450602187309414e-05,0.13361580701894127,411,191,220,4,1522,0,1,61,348,3,191
historical_pass/test-450,test-450,historical_pass,delay1,43,50111345825751,1,0,FINAL_PASS,18.672039661978488,16.993332819009083,0,4.661650014997576,12.331682804011507,1.4838657479849644,0.19478481999249198,5.627499194815755e-05,0.10252070501155686,658,189,469,5,1890,0,3,183,1164,5,468
historical_pass/test-450,test-450,historical_pass,delay2,43,50111345825751,0,0,FINAL_UNCERTAIN,10.52302170798066,9.606408695981372,0,3.4980000509967795,6.108408644984593,0.8669840299844509,0.04960034100804478,2.8641006792895496e-05,0.1190389069961384,375,136,239,3,1157,0,1,61,290,3,136
historical_pass/test-450,test-450,historical_pass,endpoint_only,43,50111345825751,0,0,FINAL_PASS,17.953655639052158,16.9452321830031,0,4.829079793998972,12.116152389004128,0.908099973021308,0.10031428301590495,9.200011845678091e-06,0.05003607699472923,654,191,463,3,1182,0,2,122,580,3,340
historical_pass/test-518,test-518,historical_pass,now,17,110171392707173,1,0,FINAL_PASS,3.7943599320133217,3.2345899780048057,0,3.2345899780048057,0.0,0.5597623220091918,0,7.631999324075878e-06,0.05355115300335456,126,126,0,2,685,0,0,0,0,1,0
historical_pass/test-518,test-518,historical_pass,delay1,17,110171392707173,1,0,FINAL_PASS,3.774737249012105,3.192782090991386,0,3.192782090991386,0.0,0.5819405290094437,0,1.462901127524674e-05,0.1192474629933713,126,126,0,2,755,0,0,0,0,2,0
historical_pass/test-518,test-518,historical_pass,delay2,17,110171392707173,1,0,FINAL_PASS,3.5136501280067023,3.1988713970058598,0,3.1988713970058598,0.0,0.31477294499927666,0,5.786001565866172e-06,0.052123938003205694,126,126,0,1,404,0,0,0,0,1,0
historical_pass/test-518,test-518,historical_pass,endpoint_only,17,110171392707173,1,0,FINAL_PASS,3.5380146649840754,3.224559053996927,0,3.224559053996927,0.0,0.31345300999237224,0,2.6009947760030627e-06,0.05292578399530612,126,126,0,1,404,0,0,0,0,1,0
historical_pass/test-518,test-518,historical_pass,now,29,38963220317287,1,0,FINAL_PASS,5.460761384019861,4.881871265999507,0,4.881871265999507,0.0,0.5788824420160381,0,7.676004315726459e-06,0.053594569995766506,190,190,0,2,749,0,0,0,0,1,0
historical_pass/test-518,test-518,historical_pass,delay1,29,38963220317287,1,0,FINAL_PASS,5.464966491999803,4.822559071995784,0,4.822559071995784,0.0,0.6423930470045889,0,1.4372999430634081e-05,0.12253272900125012,190,190,0,2,863,0,0,0,0,2,0
historical_pass/test-518,test-518,historical_pass,delay2,29,38963220317287,1,0,FINAL_PASS,5.067052174999844,4.73480045600445,0,4.73480045600445,0.0,0.3322462189971702,0,5.49999822396785e-06,0.05325186399568338,190,190,0,1,468,0,0,0,0,1,0
historical_pass/test-518,test-518,historical_pass,endpoint_only,29,38963220317287,1,0,FINAL_PASS,5.1104563340049936,4.780508776995703,0,4.780508776995703,0.0,0.3299450960039394,0,2.4610053515061736e-06,0.05393435699807014,190,190,0,1,468,0,0,0,0,1,0
historical_pass/test-518,test-518,historical_pass,now,43,220413254973338,1,0,FINAL_PASS,3.7791192089935066,3.2187473999947542,0,3.2187473999947542,0.0,0.5603659710031934,0,5.837995558977127e-06,0.052646183990873396,126,126,0,2,685,0,0,0,0,1,0
historical_pass/test-518,test-518,historical_pass,delay1,43,220413254973338,1,0,FINAL_PASS,3.789343752010609,3.208955636015162,0,3.208955636015162,0.0,0.580367408998427,0,2.0706997020170093e-05,0.11982155698933639,126,126,0,2,753,0,0,0,0,2,0
historical_pass/test-518,test-518,historical_pass,delay2,43,220413254973338,1,0,FINAL_PASS,3.528344456004561,3.2148035220016027,0,3.2148035220016027,0.0,0.3135341650049668,0,6.7689979914575815e-06,0.05320160499832127,126,126,0,1,404,0,0,0,0,1,0
historical_pass/test-518,test-518,historical_pass,endpoint_only,43,220413254973338,1,0,FINAL_PASS,3.527068663010141,3.2156401940010255,0,3.2156401940010255,0.0,0.31142481000279076,0,3.659006324596703e-06,0.05451509200793225,126,126,0,1,404,0,0,0,0,1,0
historical_pass/test-916,test-916,historical_pass,now,17,7712922403452,0,1,BUDGET_VERIFIER,8.60840166201524,7.545275980010047,0,0.0,7.545275980010047,1.010207150990027,0.0528881329955766,3.0398019589483738e-05,0.13569211898720823,287,0,287,4,1268,0,1,61,338,3,0
historical_pass/test-916,test-916,historical_pass,delay1,17,7712922403452,0,1,BUDGET_VERIFIER,10.373387277009897,9.222062675020425,0,1.7379968000022927,7.484065875018132,1.0973502970009577,0.05393544699472841,3.885799378622323e-05,0.20559418298944365,363,69,294,4,1383,0,1,61,338,4,69
historical_pass/test-916,test-916,historical_pass,delay2,17,7712922403452,1,0,FINAL_UNCERTAIN,13.336353063990828,12.153530510011478,0,2.4587820090091554,9.694748501002323,1.074222943992936,0.10855814001115505,4.146997525822371e-05,0.12071142300555948,471,97,374,4,1326,0,2,122,676,4,261
historical_pass/test-916,test-916,historical_pass,endpoint_only,17,7712922403452,1,0,FINAL_PASS,19.037236127987853,18.00971055899572,0,3.755173099998501,14.25453745899722,0.9203836700035026,0.10713117299019359,1.0725998436100781e-05,0.05384762800531462,692,148,544,3,1182,0,2,122,676,3,416
historical_pass/test-916,test-916,historical_pass,now,29,167971742017241,1,0,FINAL_UNCERTAIN,6.775034418038558,5.939241476007737,0,0.0,5.939241476007737,0.781436413017218,0.05433704701135866,1.9482002244330943e-05,0.06991233499138616,233,0,233,3,948,0,1,61,338,2,0
historical_pass/test-916,test-916,historical_pass,delay1,29,167971742017241,0,1,BUDGET_VERIFIER,14.554077733002487,13.384828708993155,0,1.8375585429894272,11.547270166003727,1.01083026600827,0.1583778680069372,4.088999412488192e-05,0.055137372997705825,518,72,446,4,1168,0,4,244,1014,4,518
historical_pass/test-916,test-916,historical_pass,delay2,29,167971742017241,0,1,BUDGET_VERIFIER,18.32503958400048,17.124998347993824,0,3.2964496280037565,13.828548719990067,1.0397227100038435,0.16027876001317054,3.976598964072764e-05,0.05242844400345348,659,131,528,4,1303,0,4,244,1014,4,659
historical_pass/test-916,test-916,historical_pass,endpoint_only,29,167971742017241,0,0,FINAL_PASS,27.34487930603791,25.953703407009016,0,6.662914501008345,19.29078890600067,1.2302578180097044,0.1609057540044887,1.232701470144093e-05,0.05376834901107941,996,254,742,4,1604,0,3,183,1014,4,776
historical_pass/test-916,test-916,historical_pass,now,43,91897910624978,1,0,FINAL_UNCERTAIN,9.086324140967918,7.989568146993406,0,0.0,7.989568146993406,0.9890374910028186,0.1076922849897528,2.621798194013536e-05,0.06874882899865042,312,0,312,4,1176,0,2,122,676,3,107
historical_pass/test-916,test-916,historical_pass,delay1,43,91897910624978,0,1,BUDGET_VERIFIER,12.862108704997809,11.713032131985528,0,1.5376522519945865,10.175379879990942,1.0366827690013452,0.11235453600238543,3.92680085496977e-05,0.12329106000834145,456,59,397,4,1296,0,2,122,676,4,152
historical_pass/test-916,test-916,historical_pass,delay2,43,91897910624978,0,1,BUDGET_VERIFIER,13.662111747995368,12.524255993994302,0,2.9270115370018175,9.597244456992485,0.9760796309856232,0.16172940701653715,4.6715998905710876e-05,0.055124165999586694,480,114,366,4,1129,0,3,183,1014,4,381
historical_pass/test-916,test-916,historical_pass,endpoint_only,43,91897910624978,1,0,FINAL_PASS,11.42715172401222,10.777200440003071,0,3.537932772000204,7.239267668002867,0.5946823809936177,0.05526175499835517,7.1480171754956245e-06,0.05265046800195705,408,138,270,2,762,0,1,61,338,2,138
historical_pass/test-979,test-979,historical_pass,now,17,181739242668453,0,1,BUDGET_VERIFIER,13.055063454972696,12.006129385001259,0,0.0,12.006129385001259,0.8968749129853677,0.1520269709872082,3.2185998861677945e-05,0,469,0,469,4,1023,0,3,183,957,3,301
historical_pass/test-979,test-979,historical_pass,delay1,17,181739242668453,0,1,BUDGET_VERIFIER,11.299563863009098,10.131322925997665,0,1.0011441399983596,9.130178785999306,1.1182502230076352,0.04995852700085379,3.21870029438287e-05,0.208462750990293,398,40,358,4,1465,0,1,61,319,4,40
historical_pass/test-979,test-979,historical_pass,delay2,17,181739242668453,0,1,BUDGET_VERIFIER,17.023274942024727,15.874619263995555,0,3.2993122180050705,12.575307045990485,0.9984138670115499,0.15020532000926323,3.649100835900754e-05,0.049329524001223035,615,129,486,4,1164,0,4,244,957,4,615
historical_pass/test-979,test-979,historical_pass,endpoint_only,17,181739242668453,0,1,BUDGET_VERIFIER,27.13606714596972,25.822160994983278,0,3.331097464004415,22.491063530978863,1.1612322560104076,0.152659033992677,1.4860983355902135e-05,0.05047405500954483,1008,129,879,4,1535,0,4,244,957,4,1008
historical_pass/test-979,test-979,historical_pass,now,29,216011253129216,0,1,EOS,12.467160103973583,11.647134311991977,0,0.0,11.647134311991977,0.6686804119963199,0.15131480299169198,3.057699359487742e-05,0,452,0,452,3,765,0,3,183,957,3,327
historical_pass/test-979,test-979,historical_pass,delay1,29,216011253129216,0,1,BUDGET_VERIFIER,17.755126289994223,16.5300378560205,0,0.9143952169979457,15.615642639022553,1.125199337984668,0.09984677599277347,4.2319996282458305e-05,0.13373712700558826,650,39,611,4,1469,0,2,122,638,4,199
historical_pass/test-979,test-979,historical_pass,delay2,29,216011253129216,0,1,EOS,19.133132033020956,18.1926071170019,0,1.7407701570045901,16.45183695999731,0.7867088390048593,0.15378369300742634,3.238400677219033e-05,0.05032265900808852,702,73,629,3,1010,0,3,183,957,4,588
historical_pass/test-979,test-979,historical_pass,endpoint_only,29,216011253129216,0,1,BUDGET_VERIFIER,22.67054422898218,21.409863645996666,0,2.127784618001897,19.28207902799477,1.1088361699949019,0.1518295090063475,1.490398426540196e-05,0.050275796005735174,835,90,745,4,1370,0,4,244,957,4,835
historical_pass/test-979,test-979,historical_pass,now,43,160586445074319,0,0,FINAL_UNCERTAIN,14.4984175869904,13.317171614005929,0,0.0,13.317171614005929,1.0805350089794956,0.1006832280108938,2.7735994081012905e-05,0.0708247059956193,514,0,514,4,1290,0,2,122,638,3,264
historical_pass/test-979,test-979,historical_pass,delay1,43,160586445074319,0,1,BUDGET_VERIFIER,15.093186580008478,13.987790505008888,0,1.0128220689948648,12.974968436014024,0.9540093400137266,0.15131148499494884,7.524999091401696e-05,0.05061964099877514,543,42,501,4,1096,0,3,183,957,4,365
historical_pass/test-979,test-979,historical_pass,delay2,43,160586445074319,0,1,BUDGET_VERIFIER,24.668281187987304,23.386436537999543,0,1.824072197006899,21.562364340992644,1.1291654789820313,0.15263511599914636,4.405500658322126e-05,0.04900781199103221,904,75,829,4,1453,0,4,244,957,4,904
historical_pass/test-979,test-979,historical_pass,endpoint_only,43,160586445074319,0,1,EOS,2.0524795850069495,2.0524763010034803,0,2.0524763010034803,0.0,0,0,3.2840034691616893e-06,0.050035420994390734,85,85,0,0,0,0,0,0,0,1,0
historical_pass/test-80,test-80,historical_pass,now,17,130466092085301,0,0,FINAL_PASS,1.8438723959989147,1.4439268999994965,0,1.4439268999994965,0.0,0.3999401439941721,0,5.352005246095359e-06,0.04959101098938845,57,57,0,2,439,0,0,0,0,1,0
historical_pass/test-80,test-80,historical_pass,delay1,17,130466092085301,0,0,FINAL_PASS,1.5723842010193039,1.3657600350124994,0,1.3657600350124994,0.0,0.20661752100568265,0,6.6450011217966676e-06,0.049134874003357254,57,57,0,1,248,0,0,0,0,1,0
historical_pass/test-80,test-80,historical_pass,delay2,17,130466092085301,0,0,FINAL_PASS,1.5846352219959954,1.3772903889912413,0,1.3772903889912413,0.0,0.20733485200616997,0,9.980998584069312e-06,0.0496779509994667,57,57,0,1,248,0,0,0,0,1,0
historical_pass/test-80,test-80,historical_pass,endpoint_only,17,130466092085301,0,0,FINAL_PASS,1.556909299994004,1.34895759599749,0,1.34895759599749,0.0,0.20794916000158992,0,2.5439949240535498e-06,0.0505221170024015,57,57,0,1,248,0,0,0,0,1,0
historical_pass/test-80,test-80,historical_pass,now,29,166889458609734,0,0,FINAL_PASS,2.0036007390153827,1.6049520930100698,0,1.6049520930100698,0.0,0.3986393870000029,0,9.25900531001389e-06,0.0490830070048105,61,61,0,2,443,0,0,0,0,1,0
historical_pass/test-80,test-80,historical_pass,delay1,29,166889458609734,0,0,FINAL_PASS,1.6890185049851425,1.479698944996926,0,1.479698944996926,0.0,0.20931205699162092,0,7.5029965955764055e-06,0.04891598899848759,61,61,0,1,252,0,0,0,0,1,0
historical_pass/test-80,test-80,historical_pass,delay2,29,166889458609734,0,0,FINAL_PASS,1.6799423079792177,1.470656515986775,0,1.470656515986775,0.0,0.20927746999950614,0,8.32199293654412e-06,0.04895259399199858,61,61,0,1,252,0,0,0,0,1,0
historical_pass/test-80,test-80,historical_pass,endpoint_only,29,166889458609734,0,0,FINAL_PASS,1.6834213029796956,1.4751453809876693,0,1.4751453809876693,0.0,0.2082701829931466,0,5.738998879678547e-06,0.0490231089934241,61,61,0,1,252,0,0,0,0,1,0
historical_pass/test-80,test-80,historical_pass,now,43,246853108230175,0,0,FINAL_PASS,1.8679035760142142,1.4701749900123104,0,1.4701749900123104,0.0,0.397717696003383,0,1.0889998520724475e-05,0.05014457799552474,57,57,0,2,439,0,0,0,0,1,0
historical_pass/test-80,test-80,historical_pass,delay1,43,246853108230175,0,0,FINAL_PASS,1.5835052129987162,1.3764052589976927,0,1.3764052589976927,0.0,0.20708914699207526,0,1.08070089481771e-05,0.05119081000157166,57,57,0,1,248,0,0,0,0,1,0
historical_pass/test-80,test-80,historical_pass,delay2,43,246853108230175,0,0,FINAL_PASS,1.5899400170164881,1.382494632009184,0,1.382494632009184,0.0,0.20743898600630928,0,6.399000994861126e-06,0.04988866299390793,57,57,0,1,248,0,0,0,0,1,0
historical_pass/test-80,test-80,historical_pass,endpoint_only,43,246853108230175,0,0,FINAL_PASS,1.5980729839939158,1.3895687909971457,0,1.3895687909971457,0.0,0.20850149499892723,0,2.697997842915356e-06,0.048798999006976373,57,57,0,1,248,0,0,0,0,1,0
historical_pass/test-903,test-903,historical_pass,now,17,185312856573761,1,0,FINAL_PASS,6.121348699001828,5.453699361998588,0,5.453699361998588,0.0,0.6676420909934677,0,7.246009772643447e-06,0.06509628098865505,209,209,0,2,940,0,0,0,0,1,0
historical_pass/test-903,test-903,historical_pass,delay1,17,185312856573761,1,0,FINAL_PASS,5.964339190017199,5.236528709006961,0,5.236528709006961,0.0,0.7277808329963591,0,2.964801387861371e-05,0.1532914990093559,209,209,0,2,1033,0,0,0,0,2,0
historical_pass/test-903,test-903,historical_pass,delay2,17,185312856573761,1,0,FINAL_PASS,5.5493083850014955,5.152054302001488,0,5.152054302001488,0.0,0.3972470419976162,0,7.041002390906215e-06,0.0649698959896341,209,209,0,1,573,0,0,0,0,1,0
historical_pass/test-903,test-903,historical_pass,endpoint_only,17,185312856573761,1,0,FINAL_PASS,5.72938672901364,5.3333721259987215,0,5.3333721259987215,0.0,0.3960121230047662,0,2.4800101527944207e-06,0.06572654900082853,209,209,0,1,573,0,0,0,0,1,0
historical_pass/test-903,test-903,historical_pass,now,29,197777930753403,1,0,FINAL_PASS,5.101285592012573,4.4375623329979135,0,4.4375623329979135,0.0,0.6637168230226962,0,6.4359919633716345e-06,0.06577867800660897,172,172,0,2,903,0,0,0,0,1,0
historical_pass/test-903,test-903,historical_pass,delay1,29,197777930753403,1,0,FINAL_PASS,5.1033978479972575,4.381766656006221,0,4.381766656006221,0.0,0.7216105460101971,0,2.064598083961755e-05,0.149819992002449,172,172,0,2,996,0,0,0,0,2,0
historical_pass/test-903,test-903,historical_pass,delay2,29,197777930753403,1,0,FINAL_PASS,4.7751023059972795,4.3832764999970095,0,4.3832764999970095,0.0,0.3918196669983445,0,6.139001925475895e-06,0.06570333200215828,172,172,0,1,536,0,0,0,0,1,0
historical_pass/test-903,test-903,historical_pass,endpoint_only,29,197777930753403,1,0,FINAL_PASS,4.755786730005639,4.366548517005867,0,4.366548517005867,0.0,0.38923532400804106,0,2.888991730287671e-06,0.06512944000132848,172,172,0,1,536,0,0,0,0,1,0
historical_pass/test-903,test-903,historical_pass,now,43,155027715001893,1,0,FINAL_PASS,5.560576049014344,4.895358577006846,0,4.895358577006846,0.0,0.6652118700003484,0,5.602007149718702e-06,0.06572423501347657,188,188,0,2,919,0,0,0,0,1,0
historical_pass/test-903,test-903,historical_pass,delay1,43,155027715001893,1,0,FINAL_PASS,5.503419171989663,4.780978248993051,0,4.780978248993051,0.0,0.7224249879946001,0,1.593500201124698e-05,0.15132983798685018,188,188,0,2,1012,0,0,0,0,2,0
historical_pass/test-903,test-903,historical_pass,delay2,43,155027715001893,1,0,FINAL_PASS,5.225369535997743,4.833389870007522,0,4.833389870007522,0.0,0.39197270799195394,0,6.95799826644361e-06,0.06719052200787701,188,188,0,1,552,0,0,0,0,1,0
historical_pass/test-903,test-903,historical_pass,endpoint_only,43,155027715001893,1,0,FINAL_PASS,5.945658750002622,5.554430156000308,0,5.554430156000308,0.0,0.3912250729918014,0,3.5210105124861e-06,0.06499733300006483,188,188,0,1,552,0,0,0,0,1,0
historical_pass/test-392,test-392,historical_pass,now,17,239960533166494,1,0,FINAL_PASS,3.5262577460089233,3.050933961989358,0,3.050933961989358,0.0,0.47531757701653987,0,6.207003025338054e-06,0.04989666600886267,119,119,0,2,548,0,0,0,0,1,0
historical_pass/test-392,test-392,historical_pass,delay1,17,239960533166494,1,0,FINAL_PASS,3.5013959309872007,2.987234416999854,0,2.987234416999854,0.0,0.5141430919902632,0,1.8421997083351016e-05,0.1080148379842285,111,111,0,2,589,0,0,0,0,2,0
historical_pass/test-392,test-392,historical_pass,delay2,17,239960533166494,1,0,FINAL_PASS,4.192125774992746,3.924580128994421,0,3.924580128994421,0.0,0.2675391520024277,0,6.493995897471905e-06,0.04936637000355404,119,119,0,1,332,0,0,0,0,1,0
historical_pass/test-392,test-392,historical_pass,endpoint_only,17,239960533166494,1,0,FINAL_PASS,3.790241214010166,3.520168200993794,0,3.520168200993794,0.0,0.27006988000357524,0,3.133012796752155e-06,0.06393438699888065,119,119,0,1,332,0,0,0,0,1,0
historical_pass/test-392,test-392,historical_pass,now,29,86234947124540,1,0,FINAL_PASS,2.4387072999961674,1.9835229290038114,0,1.9835229290038114,0.0,0.45517827999719884,0,6.090995157137513e-06,0.04867386299883947,77,77,0,2,506,0,0,0,0,1,0
historical_pass/test-392,test-392,historical_pass,delay1,29,86234947124540,1,0,FINAL_PASS,2.417781447991729,1.9578709280031035,0,1.9578709280031035,0.0,0.4598938949930016,0,1.6624995623715222e-05,0.09998737700516358,77,77,0,2,539,0,0,0,0,2,0
historical_pass/test-392,test-392,historical_pass,delay2,29,86234947124540,1,0,FINAL_PASS,2.264235718015698,2.0121115790097974,0,2.0121115790097974,0.0,0.25211858400143683,0,5.555004463531077e-06,0.05006042199966032,77,77,0,1,290,0,0,0,0,1,0
historical_pass/test-392,test-392,historical_pass,endpoint_only,29,86234947124540,1,0,FINAL_PASS,2.236934417989687,1.9847245160053717,0,1.9847245160053717,0.0,0.25220707299013156,0,2.8289941838011146e-06,0.05016294200322591,77,77,0,1,290,0,0,0,0,1,0
historical_pass/test-392,test-392,historical_pass,now,43,120814257618219,1,0,FINAL_PASS,3.8981614820077084,3.4229167650046293,0,3.4229167650046293,0.0,0.4752386930049397,0,6.023998139426112e-06,0.04962427500868216,134,134,0,2,563,0,0,0,0,1,0
historical_pass/test-392,test-392,historical_pass,delay1,43,120814257618219,1,0,FINAL_PASS,3.8150297590182163,3.292418536017067,0,3.292418536017067,0.0,0.5225990469916724,0,1.2176009477116168e-05,0.10264132099109702,129,129,0,2,623,0,0,0,0,2,0
historical_pass/test-392,test-392,historical_pass,delay2,43,120814257618219,1,0,FINAL_PASS,3.9637570889899507,3.690150212001754,0,3.690150212001754,0.0,0.27359890899970196,0,7.96798849478364e-06,0.050304604999837466,134,134,0,1,347,0,0,0,0,1,0
historical_pass/test-392,test-392,historical_pass,endpoint_only,43,120814257618219,1,0,FINAL_PASS,4.351306313998066,4.079112563995295,0,4.079112563995295,0.0,0.2721900290052872,0,3.720997483469546e-06,0.05122330099402461,134,134,0,1,347,0,0,0,0,1,0
historical_pass/test-210,test-210,historical_pass,now,17,274098615445311,0,1,BUDGET_VERIFIER,22.202519096957985,20.432152684996254,0,5.862223991003702,14.569928693992551,1.570721401978517,0.1996047569991788,4.0252984035760164e-05,0.05397366700344719,789,226,563,5,2178,0,4,244,1230,4,789
historical_pass/test-210,test-210,historical_pass,delay1,17,274098615445311,0,0,FINAL_PASS,21.027780005999375,19.551299755010405,0,1.3200740150059573,18.231225740004447,1.3147600539959967,0.16168030000699218,3.98969859816134e-05,0.05475247200229205,738,46,692,4,1727,0,3,183,1107,4,528
historical_pass/test-210,test-210,historical_pass,delay2,17,274098615445311,0,1,BUDGET_VERIFIER,23.42087047197856,21.63201815499633,0,2.252884425004595,19.379133729991736,1.5720699799858266,0.21671957099169958,6.276600470300764e-05,0.054539953998755664,835,86,749,5,2059,0,5,305,1476,5,835
historical_pass/test-210,test-210,historical_pass,endpoint_only,17,274098615445311,0,0,FINAL_PASS,21.028174720020615,19.86977561302774,0,6.135546244011493,13.734229369016248,1.0520803519902984,0.10630897698865738,9.778013918548822e-06,0.05345495500660036,755,226,529,3,1503,0,2,122,738,3,527
historical_pass/test-210,test-210,historical_pass,now,29,6078013076767,0,1,EOS,9.461133564982447,8.817538870978751,0,4.910042898991378,3.907495971987373,0.5775686880078865,0.06600912500289269,1.688099291641265e-05,0.05366695098928176,348,195,153,2,761,0,1,61,410,2,195
historical_pass/test-210,test-210,historical_pass,delay1,29,6078013076767,0,0,FINAL_PASS,9.262197355987155,8.270618155991542,0,4.806127957999706,3.464490197991836,0.9241277690016432,0.06742750201374292,2.3928980226628482e-05,0.11714924102125224,329,195,134,3,1243,0,1,61,448,3,161
historical_pass/test-210,test-210,historical_pass,delay2,29,6078013076767,0,0,FINAL_UNCERTAIN,17.86834916101361,16.434918001003098,0,1.9171103310072795,14.517807669995818,1.3268356540211244,0.10655300399230327,4.250199708621949e-05,0.13581507198978215,642,73,569,4,1884,0,2,122,738,4,317
historical_pass/test-210,test-210,historical_pass,endpoint_only,29,6078013076767,0,0,FINAL_PASS,23.736789541959297,22.264529547988786,0,5.3755351589934435,16.888994388995343,1.310978419991443,0.16126755699224304,1.4016986824572086e-05,0.05266044300515205,851,195,656,4,1838,0,3,183,1107,4,597
historical_pass/test-210,test-210,historical_pass,now,43,196195539927495,0,0,FINAL_PASS,12.719816351993359,11.688040377004654,0,6.307686087995535,5.380354289009119,0.9657405119942268,0.0660208560002502,1.460699422750622e-05,0.05329038300260436,458,255,203,3,1296,0,1,61,410,2,255
historical_pass/test-210,test-210,historical_pass,delay1,43,196195539927495,1,0,FINAL_PASS,11.49307465502352,10.429732116012019,0,6.230811165005434,4.198920951006585,0.9932106550113531,0.0700984759896528,3.340801049489528e-05,0.12142840599699412,415,255,160,3,1355,0,1,61,465,3,204
historical_pass/test-210,test-210,historical_pass,delay2,43,196195539927495,1,0,FINAL_PASS,9.598611208988586,8.540320618994883,0,6.285164036002243,2.2551565829926403,0.9899202239903389,0.06834627799980808,2.4088003556244075e-05,0.12247305799974129,330,243,87,3,1357,0,1,61,509,3,148
historical_pass/test-210,test-210,historical_pass,endpoint_only,43,196195539927495,0,0,FINAL_PASS,12.436554239000543,11.66591288599011,0,6.815902486996492,4.850010398993618,0.7167484480014537,0.05388653000409249,6.375004886649549e-06,0.053753900006995536,443,255,188,2,951,0,1,61,369,2,255
historical_pass/test-984,test-984,historical_pass,now,17,40974206849988,0,1,BUDGET_VERIFIER,3.4339928349945694,2.795615702998475,0,0.5177199839963578,2.2778957190021174,0.5841968029999407,0.054161261999979615,1.906699617393315e-05,0.0500661459955154,109,21,88,3,595,0,2,122,348,2,109
historical_pass/test-984,test-984,historical_pass,delay1,17,40974206849988,0,1,BUDGET_VERIFIER,4.676055609001196,3.965913179999916,0,0.5421149540052284,3.4237982259946875,0.6032921510050073,0.10682010800519492,3.016999107785523e-05,0.04914625899982639,156,21,135,3,608,0,3,183,664,3,156
historical_pass/test-984,test-984,historical_pass,delay2,17,40974206849988,0,1,BUDGET_VERIFIER,4.804142620996572,4.090879183990182,0,0.5441225090035005,3.546756674986682,0.605762658000458,0.10747341200476512,2.7367001166567206e-05,0.04961602001276333,156,21,135,3,608,0,3,183,664,3,156
historical_pass/test-984,test-984,historical_pass,endpoint_only,17,40974206849988,0,1,BUDGET_VERIFIER,4.690926839975873,3.979646347987,0,0.5282206349947955,3.4514257129922044,0.604367991007166,0.10690186399733648,1.0636984370648861e-05,0.05104688300343696,156,21,135,3,608,0,3,183,664,3,156
historical_pass/test-984,test-984,historical_pass,now,29,161886092769605,0,1,BUDGET_VERIFIER,2.3181406870135106,1.6790577539941296,0,0.5387424549990101,1.1403152989951195,0.5855914330168162,0.0534746180055663,1.688199699856341e-05,0.050813527006539516,68,22,46,3,561,0,2,122,348,2,68
historical_pass/test-984,test-984,historical_pass,delay1,29,161886092769605,0,1,BUDGET_VERIFIER,10.273134259972721,9.441543923981953,0,0.5525317589926999,8.889012164989254,0.7257845760177588,0.10578196599090006,2.3793982109054923e-05,0.04904832899046596,370,22,348,3,813,0,2,122,664,3,290
historical_pass/test-984,test-984,historical_pass,delay2,29,161886092769605,0,1,BUDGET_VERIFIER,10.354074047034374,9.524137332002283,0,0.5335630810004659,8.990574251001817,0.7233505890035303,0.1065459529927466,4.017303581349552e-05,0.049449495010776445,370,22,348,3,813,0,2,122,664,3,290
historical_pass/test-984,test-984,historical_pass,endpoint_only,29,161886092769605,0,1,GEN_BUDGET,32.11256795897498,31.868153667004663,0,0.5401213320001261,31.328032335004536,0.19069080699409824,0.05371630999434274,7.174981874413788e-06,0.049758108012611046,1218,22,1196,1,188,0,1,61,332,2,22
historical_pass/test-984,test-984,historical_pass,now,43,38289845612426,0,0,FINAL_UNCERTAIN,5.267266543014557,4.603530337000848,0,4.603530337000848,0.0,0.663722121011233,0,1.4085002476349473e-05,0.11500304700166453,177,177,0,3,744,0,0,0,0,2,0
historical_pass/test-984,test-984,historical_pass,delay1,43,38289845612426,0,1,EOS,6.260787999999593,5.803014795994386,0,5.803014795994386,0.0,0.45774989400524646,0,2.330999996047467e-05,0.16925629900651984,220,220,0,2,518,0,0,0,0,3,0
historical_pass/test-984,test-984,historical_pass,delay2,43,38289845612426,0,0,FINAL_UNCERTAIN,5.821654746978311,5.361754742989433,0,5.361754742989433,0.0,0.4598814889905043,0,1.851499837357551e-05,0.10051510400080588,199,199,0,2,538,0,0,0,0,2,0
historical_pass/test-984,test-984,historical_pass,endpoint_only,43,38289845612426,0,0,FINAL_UNCERTAIN,4.715057886016439,4.446230755012948,0,4.446230755012948,0.0,0.26882348000071943,0,3.6510027712211013e-06,0.049766471012844704,177,177,0,1,328,0,0,0,0,1,0
