snapshot_id,question_id,group,action,replicate,seed,precheck_new_generated_tokens,precheck_new_eventually_discarded_tokens,precheck_new_first_fail_discarded_tokens,first_check_exists,first_effective_verdict
initial/test-159,test-159,initial,now,17,777002394973,0,0,0,True,PASS
initial/test-159,test-159,initial,delay1,17,777002394973,14,0,0,True,PASS
initial/test-159,test-159,initial,delay2,17,777002394973,46,0,0,True,PASS
initial/test-159,test-159,initial,endpoint_only,17,777002394973,103,0,0,True,PASS
initial/test-159,test-159,initial,now,29,18872769526077,0,0,0,True,PASS
initial/test-159,test-159,initial,delay1,29,18872769526077,14,0,0,True,PASS
initial/test-159,test-159,initial,delay2,29,18872769526077,42,0,0,True,PASS
initial/test-159,test-159,initial,endpoint_only,29,18872769526077,93,0,0,True,PASS
initial/test-159,test-159,initial,now,43,187610994565222,0,0,0,True,PASS
initial/test-159,test-159,initial,delay1,43,187610994565222,15,0,0,True,PASS
initial/test-159,test-159,initial,delay2,43,187610994565222,32,0,0,True,PASS
initial/test-159,test-159,initial,endpoint_only,43,187610994565222,80,80,80,True,FAIL
initial/test-365,test-365,initial,now,17,59507808806719,0,0,0,True,PASS
initial/test-365,test-365,initial,delay1,17,59507808806719,57,57,57,True,FAIL
initial/test-365,test-365,initial,delay2,17,59507808806719,112,112,112,True,FAIL
initial/test-365,test-365,initial,endpoint_only,17,59507808806719,112,112,112,True,FAIL
initial/test-365,test-365,initial,now,29,78225536850288,0,0,0,True,PASS
initial/test-365,test-365,initial,delay1,29,78225536850288,40,0,0,True,PASS
initial/test-365,test-365,initial,delay2,29,78225536850288,96,0,0,True,PASS
initial/test-365,test-365,initial,endpoint_only,29,78225536850288,96,0,0,True,PASS
initial/test-365,test-365,initial,now,43,171517215852744,0,0,0,True,PASS
initial/test-365,test-365,initial,delay1,43,171517215852744,67,0,0,True,PASS
initial/test-365,test-365,initial,delay2,43,171517215852744,143,0,0,True,PASS
initial/test-365,test-365,initial,endpoint_only,43,171517215852744,143,0,0,True,PASS
initial/test-1155,test-1155,initial,now,17,166530334258371,0,0,0,True,PASS
initial/test-1155,test-1155,initial,delay1,17,166530334258371,60,0,0,True,PASS
initial/test-1155,test-1155,initial,delay2,17,166530334258371,60,0,0,True,PASS
initial/test-1155,test-1155,initial,endpoint_only,17,166530334258371,60,0,0,True,PASS
initial/test-1155,test-1155,initial,now,29,148248713066185,0,0,0,True,PASS
initial/test-1155,test-1155,initial,delay1,29,148248713066185,69,0,0,True,PASS
initial/test-1155,test-1155,initial,delay2,29,148248713066185,69,0,0,True,PASS
initial/test-1155,test-1155,initial,endpoint_only,29,148248713066185,69,0,0,True,PASS
initial/test-1155,test-1155,initial,now,43,166962435015659,0,0,0,True,PASS
initial/test-1155,test-1155,initial,delay1,43,166962435015659,58,0,0,True,PASS
initial/test-1155,test-1155,initial,delay2,43,166962435015659,58,0,0,True,PASS
initial/test-1155,test-1155,initial,endpoint_only,43,166962435015659,58,0,0,True,PASS
initial/test-135,test-135,initial,now,17,146937067714520,0,0,0,True,PASS
initial/test-135,test-135,initial,delay1,17,146937067714520,54,54,54,True,FAIL
initial/test-135,test-135,initial,delay2,17,146937067714520,54,54,54,True,FAIL
initial/test-135,test-135,initial,endpoint_only,17,146937067714520,54,54,54,True,FAIL
initial/test-135,test-135,initial,now,29,20927281082084,0,0,0,True,PASS
initial/test-135,test-135,initial,delay1,29,20927281082084,70,70,70,True,FAIL
initial/test-135,test-135,initial,delay2,29,20927281082084,70,70,70,True,FAIL
initial/test-135,test-135,initial,endpoint_only,29,20927281082084,70,70,70,True,FAIL
initial/test-135,test-135,initial,now,43,95068340697183,0,0,0,True,PASS
initial/test-135,test-135,initial,delay1,43,95068340697183,53,53,53,True,FAIL
initial/test-135,test-135,initial,delay2,43,95068340697183,53,53,53,True,FAIL
initial/test-135,test-135,initial,endpoint_only,43,95068340697183,53,53,53,True,FAIL
initial/test-450,test-450,initial,now,17,222419435303916,0,0,0,True,PASS
initial/test-450,test-450,initial,delay1,17,222419435303916,24,0,0,True,PASS
initial/test-450,test-450,initial,delay2,17,222419435303916,73,0,0,True,PASS
initial/test-450,test-450,initial,endpoint_only,17,222419435303916,317,0,0,False,NO_CHECK
initial/test-450,test-450,initial,now,29,40351062217422,0,0,0,True,PASS
initial/test-450,test-450,initial,delay1,29,40351062217422,91,4,0,True,PASS
initial/test-450,test-450,initial,delay2,29,40351062217422,155,4,0,True,PASS
initial/test-450,test-450,initial,endpoint_only,29,40351062217422,1844,0,0,False,NO_CHECK
initial/test-450,test-450,initial,now,43,227760364872554,0,0,0,True,PASS
initial/test-450,test-450,initial,delay1,43,227760364872554,24,4,0,True,PASS
initial/test-450,test-450,initial,delay2,43,227760364872554,103,103,103,True,FAIL
initial/test-450,test-450,initial,endpoint_only,43,227760364872554,307,307,307,True,FAIL
initial/test-518,test-518,initial,now,17,232515432571210,0,0,0,True,PASS
initial/test-518,test-518,initial,delay1,17,232515432571210,65,0,0,True,PASS
initial/test-518,test-518,initial,delay2,17,232515432571210,137,0,0,True,PASS
initial/test-518,test-518,initial,endpoint_only,17,232515432571210,287,0,0,True,PASS
initial/test-518,test-518,initial,now,29,31347929116034,0,0,0,True,PASS
initial/test-518,test-518,initial,delay1,29,31347929116034,65,0,0,True,PASS
initial/test-518,test-518,initial,delay2,29,31347929116034,110,0,0,True,PASS
initial/test-518,test-518,initial,endpoint_only,29,31347929116034,232,0,0,True,PASS
initial/test-518,test-518,initial,now,43,277674650132765,0,0,0,True,PASS
initial/test-518,test-518,initial,delay1,43,277674650132765,61,0,0,True,PASS
initial/test-518,test-518,initial,delay2,43,277674650132765,133,0,0,True,PASS
initial/test-518,test-518,initial,endpoint_only,43,277674650132765,279,0,0,True,PASS
initial/test-1149,test-1149,initial,now,17,41257289203094,0,0,0,True,PASS
initial/test-1149,test-1149,initial,delay1,17,41257289203094,34,0,0,True,PASS
initial/test-1149,test-1149,initial,delay2,17,41257289203094,92,0,0,True,PASS
initial/test-1149,test-1149,initial,endpoint_only,17,41257289203094,92,0,0,True,PASS
initial/test-1149,test-1149,initial,now,29,212933714010669,0,0,0,True,PASS
initial/test-1149,test-1149,initial,delay1,29,212933714010669,32,0,0,True,PASS
initial/test-1149,test-1149,initial,delay2,29,212933714010669,80,0,0,True,PASS
initial/test-1149,test-1149,initial,endpoint_only,29,212933714010669,80,0,0,True,PASS
initial/test-1149,test-1149,initial,now,43,197206171082019,0,0,0,True,PASS
initial/test-1149,test-1149,initial,delay1,43,197206171082019,53,0,0,True,PASS
initial/test-1149,test-1149,initial,delay2,43,197206171082019,111,0,0,True,PASS
initial/test-1149,test-1149,initial,endpoint_only,43,197206171082019,111,0,0,True,PASS
initial/test-788,test-788,initial,now,17,61868047650807,0,0,0,True,PASS
initial/test-788,test-788,initial,delay1,17,61868047650807,23,4,0,True,PASS
initial/test-788,test-788,initial,delay2,17,61868047650807,70,70,70,True,FAIL
initial/test-788,test-788,initial,endpoint_only,17,61868047650807,70,70,70,True,FAIL
initial/test-788,test-788,initial,now,29,102293032069157,0,0,0,True,PASS
initial/test-788,test-788,initial,delay1,29,102293032069157,51,51,51,True,FAIL
initial/test-788,test-788,initial,delay2,29,102293032069157,51,51,51,True,FAIL
initial/test-788,test-788,initial,endpoint_only,29,102293032069157,51,51,51,True,FAIL
initial/test-788,test-788,initial,now,43,120464343794760,0,0,0,True,PASS
initial/test-788,test-788,initial,delay1,43,120464343794760,43,43,43,True,FAIL
initial/test-788,test-788,initial,delay2,43,120464343794760,88,88,88,True,FAIL
initial/test-788,test-788,initial,endpoint_only,43,120464343794760,88,88,88,True,FAIL
initial/test-916,test-916,initial,now,17,197606502664414,0,0,0,True,PASS
initial/test-916,test-916,initial,delay1,17,197606502664414,73,4,0,True,PASS
initial/test-916,test-916,initial,delay2,17,197606502664414,104,4,0,True,PASS
initial/test-916,test-916,initial,endpoint_only,17,197606502664414,473,473,473,True,FAIL
initial/test-916,test-916,initial,now,29,243019741006661,0,0,0,True,PASS
initial/test-916,test-916,initial,delay1,29,243019741006661,19,4,0,True,PASS
initial/test-916,test-916,initial,delay2,29,243019741006661,33,4,0,True,PASS
initial/test-916,test-916,initial,endpoint_only,29,243019741006661,210,210,210,True,FAIL
initial/test-916,test-916,initial,now,43,256121722431457,0,0,0,True,PASS
initial/test-916,test-916,initial,delay1,43,256121722431457,15,4,0,True,PASS
initial/test-916,test-916,initial,delay2,43,256121722431457,46,0,0,True,PASS
initial/test-916,test-916,initial,endpoint_only,43,256121722431457,220,0,0,True,PASS
initial/test-979,test-979,initial,now,17,187877558513368,0,0,0,True,PASS
initial/test-979,test-979,initial,delay1,17,187877558513368,113,113,113,True,FAIL
initial/test-979,test-979,initial,delay2,17,187877558513368,192,192,192,True,FAIL
initial/test-979,test-979,initial,endpoint_only,17,187877558513368,349,349,349,True,FAIL
initial/test-979,test-979,initial,now,29,235815664254871,0,0,0,True,PASS
initial/test-979,test-979,initial,delay1,29,235815664254871,123,123,123,True,FAIL
initial/test-979,test-979,initial,delay2,29,235815664254871,245,245,245,True,FAIL
initial/test-979,test-979,initial,endpoint_only,29,235815664254871,577,577,577,True,FAIL
initial/test-979,test-979,initial,now,43,242069804475824,0,0,0,True,PASS
initial/test-979,test-979,initial,delay1,43,242069804475824,109,109,109,True,FAIL
initial/test-979,test-979,initial,delay2,43,242069804475824,217,217,217,True,FAIL
initial/test-979,test-979,initial,endpoint_only,43,242069804475824,387,387,387,True,FAIL
initial/test-80,test-80,initial,now,17,120467802658356,0,0,0,True,PASS
initial/test-80,test-80,initial,delay1,17,120467802658356,21,0,0,True,PASS
initial/test-80,test-80,initial,delay2,17,120467802658356,63,0,0,True,PASS
initial/test-80,test-80,initial,endpoint_only,17,120467802658356,117,0,0,True,PASS
initial/test-80,test-80,initial,now,29,196648089247567,0,0,0,True,PASS
initial/test-80,test-80,initial,delay1,29,196648089247567,45,0,0,True,PASS
initial/test-80,test-80,initial,delay2,29,196648089247567,105,0,0,True,PASS
initial/test-80,test-80,initial,endpoint_only,29,196648089247567,105,0,0,True,PASS
initial/test-80,test-80,initial,now,43,97228300313810,0,0,0,True,PASS
initial/test-80,test-80,initial,delay1,43,97228300313810,59,0,0,True,PASS
initial/test-80,test-80,initial,delay2,43,97228300313810,120,0,0,True,PASS
initial/test-80,test-80,initial,endpoint_only,43,97228300313810,120,0,0,True,PASS
initial/test-903,test-903,initial,now,17,204457719805577,0,0,0,True,PASS
initial/test-903,test-903,initial,delay1,17,204457719805577,74,0,0,True,PASS
initial/test-903,test-903,initial,delay2,17,204457719805577,173,0,0,True,PASS
initial/test-903,test-903,initial,endpoint_only,17,204457719805577,356,0,0,True,PASS
initial/test-903,test-903,initial,now,29,86170540996549,0,0,0,True,PASS
initial/test-903,test-903,initial,delay1,29,86170540996549,89,0,0,True,PASS
initial/test-903,test-903,initial,delay2,29,86170540996549,188,0,0,True,PASS
initial/test-903,test-903,initial,endpoint_only,29,86170540996549,377,0,0,True,PASS
initial/test-903,test-903,initial,now,43,274573670041778,0,0,0,True,PASS
initial/test-903,test-903,initial,delay1,43,274573670041778,99,0,0,True,PASS
initial/test-903,test-903,initial,delay2,43,274573670041778,189,0,0,True,PASS
initial/test-903,test-903,initial,endpoint_only,43,274573670041778,369,0,0,True,PASS
initial/test-23,test-23,initial,now,17,254059940408384,0,0,0,True,PASS
initial/test-23,test-23,initial,delay1,17,254059940408384,81,0,0,True,PASS
initial/test-23,test-23,initial,delay2,17,254059940408384,81,0,0,True,PASS
initial/test-23,test-23,initial,endpoint_only,17,254059940408384,81,0,0,True,PASS
initial/test-23,test-23,initial,now,29,114993758286844,0,0,0,True,PASS
initial/test-23,test-23,initial,delay1,29,114993758286844,24,0,0,True,PASS
initial/test-23,test-23,initial,delay2,29,114993758286844,69,0,0,True,PASS
initial/test-23,test-23,initial,endpoint_only,29,114993758286844,129,0,0,True,PASS
initial/test-23,test-23,initial,now,43,20726163929173,0,0,0,True,PASS
initial/test-23,test-23,initial,delay1,43,20726163929173,45,0,0,True,PASS
initial/test-23,test-23,initial,delay2,43,20726163929173,81,0,0,True,PASS
initial/test-23,test-23,initial,endpoint_only,43,20726163929173,81,0,0,True,PASS
initial/test-489,test-489,initial,now,17,269345268524480,0,0,0,True,PASS
initial/test-489,test-489,initial,delay1,17,269345268524480,41,4,0,True,PASS
initial/test-489,test-489,initial,delay2,17,269345268524480,73,73,73,True,FAIL
initial/test-489,test-489,initial,endpoint_only,17,269345268524480,95,95,95,True,FAIL
initial/test-489,test-489,initial,now,29,264325995871310,0,0,0,True,PASS
initial/test-489,test-489,initial,delay1,29,264325995871310,57,0,0,True,PASS
initial/test-489,test-489,initial,delay2,29,264325995871310,97,0,0,True,PASS
initial/test-489,test-489,initial,endpoint_only,29,264325995871310,97,0,0,True,PASS
initial/test-489,test-489,initial,now,43,256588747653997,0,0,0,True,PASS
initial/test-489,test-489,initial,delay1,43,256588747653997,29,0,0,True,PASS
initial/test-489,test-489,initial,delay2,43,256588747653997,66,0,0,True,PASS
initial/test-489,test-489,initial,endpoint_only,43,256588747653997,117,0,0,True,PASS
initial/test-42,test-42,initial,now,17,116923147490657,0,0,0,True,PASS
initial/test-42,test-42,initial,delay1,17,116923147490657,50,0,0,True,PASS
initial/test-42,test-42,initial,delay2,17,116923147490657,96,0,0,True,PASS
initial/test-42,test-42,initial,endpoint_only,17,116923147490657,96,0,0,True,PASS
initial/test-42,test-42,initial,now,29,140568490974671,0,0,0,True,PASS
initial/test-42,test-42,initial,delay1,29,140568490974671,56,0,0,True,PASS
initial/test-42,test-42,initial,delay2,29,140568490974671,91,0,0,True,PASS
initial/test-42,test-42,initial,endpoint_only,29,140568490974671,91,0,0,True,PASS
initial/test-42,test-42,initial,now,43,111682869343975,0,0,0,True,PASS
initial/test-42,test-42,initial,delay1,43,111682869343975,79,0,0,True,PASS
initial/test-42,test-42,initial,delay2,43,111682869343975,79,0,0,True,PASS
initial/test-42,test-42,initial,endpoint_only,43,111682869343975,79,0,0,True,PASS
initial/test-392,test-392,initial,now,17,160304364496498,0,0,0,True,PASS
initial/test-392,test-392,initial,delay1,17,160304364496498,18,0,0,True,PASS
initial/test-392,test-392,initial,delay2,17,160304364496498,54,4,0,True,PASS
initial/test-392,test-392,initial,endpoint_only,17,160304364496498,286,286,286,True,FAIL
initial/test-392,test-392,initial,now,29,205844196722342,0,0,0,True,PASS
initial/test-392,test-392,initial,delay1,29,205844196722342,38,0,0,True,PASS
initial/test-392,test-392,initial,delay2,29,205844196722342,77,0,0,True,PASS
initial/test-392,test-392,initial,endpoint_only,29,205844196722342,242,0,0,True,PASS
initial/test-392,test-392,initial,now,43,165822817726526,0,0,0,True,PASS
initial/test-392,test-392,initial,delay1,43,165822817726526,87,4,0,True,PASS
initial/test-392,test-392,initial,delay2,43,165822817726526,198,198,198,True,FAIL
initial/test-392,test-392,initial,endpoint_only,43,165822817726526,246,246,246,True,FAIL
initial/test-210,test-210,initial,now,17,220921057525493,0,0,0,True,PASS
initial/test-210,test-210,initial,delay1,17,220921057525493,49,4,0,True,PASS
initial/test-210,test-210,initial,delay2,17,220921057525493,121,121,121,True,FAIL
initial/test-210,test-210,initial,endpoint_only,17,220921057525493,303,303,303,True,FAIL
initial/test-210,test-210,initial,now,29,202689013644956,0,0,0,True,PASS
initial/test-210,test-210,initial,delay1,29,202689013644956,51,0,0,True,PASS
initial/test-210,test-210,initial,delay2,29,202689013644956,110,4,0,True,PASS
initial/test-210,test-210,initial,endpoint_only,29,202689013644956,365,0,0,True,PASS
initial/test-210,test-210,initial,now,43,116469915365711,0,0,0,True,PASS
initial/test-210,test-210,initial,delay1,43,116469915365711,49,0,0,True,PASS
initial/test-210,test-210,initial,delay2,43,116469915365711,102,4,0,True,PASS
initial/test-210,test-210,initial,endpoint_only,43,116469915365711,341,341,341,True,FAIL
initial/test-984,test-984,initial,now,17,185333928199608,0,0,0,True,FAIL
initial/test-984,test-984,initial,delay1,17,185333928199608,155,155,155,True,FAIL
initial/test-984,test-984,initial,delay2,17,185333928199608,266,266,266,True,FAIL
initial/test-984,test-984,initial,endpoint_only,17,185333928199608,266,266,266,True,FAIL
initial/test-984,test-984,initial,now,29,202335368019452,0,0,0,True,FAIL
initial/test-984,test-984,initial,delay1,29,202335368019452,83,83,83,True,FAIL
initial/test-984,test-984,initial,delay2,29,202335368019452,198,198,198,True,FAIL
initial/test-984,test-984,initial,endpoint_only,29,202335368019452,473,473,473,True,FAIL
initial/test-984,test-984,initial,now,43,111915910159225,0,0,0,True,FAIL
initial/test-984,test-984,initial,delay1,43,111915910159225,167,167,167,True,FAIL
initial/test-984,test-984,initial,delay2,43,111915910159225,276,276,276,True,FAIL
initial/test-984,test-984,initial,endpoint_only,43,111915910159225,276,276,276,True,FAIL
initial/test-179,test-179,initial,now,17,137334056187296,0,0,0,True,PASS
initial/test-179,test-179,initial,delay1,17,137334056187296,61,0,0,True,PASS
initial/test-179,test-179,initial,delay2,17,137334056187296,114,0,0,True,PASS
initial/test-179,test-179,initial,endpoint_only,17,137334056187296,114,0,0,True,PASS
initial/test-179,test-179,initial,now,29,220648256767067,0,0,0,True,PASS
initial/test-179,test-179,initial,delay1,29,220648256767067,61,0,0,True,PASS
initial/test-179,test-179,initial,delay2,29,220648256767067,113,0,0,True,PASS
initial/test-179,test-179,initial,endpoint_only,29,220648256767067,113,0,0,True,PASS
initial/test-179,test-179,initial,now,43,20739365065474,0,0,0,True,PASS
initial/test-179,test-179,initial,delay1,43,20739365065474,61,0,0,True,PASS
initial/test-179,test-179,initial,delay2,43,20739365065474,111,0,0,True,PASS
initial/test-179,test-179,initial,endpoint_only,43,20739365065474,111,0,0,True,PASS
initial/test-208,test-208,initial,now,17,59646831118719,0,0,0,True,PASS
initial/test-208,test-208,initial,delay1,17,59646831118719,47,0,0,True,PASS
initial/test-208,test-208,initial,delay2,17,59646831118719,113,0,0,True,PASS
initial/test-208,test-208,initial,endpoint_only,17,59646831118719,113,0,0,True,PASS
initial/test-208,test-208,initial,now,29,90566710327983,0,0,0,True,PASS
initial/test-208,test-208,initial,delay1,29,90566710327983,47,0,0,True,PASS
initial/test-208,test-208,initial,delay2,29,90566710327983,104,0,0,True,PASS
initial/test-208,test-208,initial,endpoint_only,29,90566710327983,104,0,0,True,PASS
initial/test-208,test-208,initial,now,43,267387520795161,0,0,0,True,PASS
initial/test-208,test-208,initial,delay1,43,267387520795161,47,0,0,True,PASS
initial/test-208,test-208,initial,delay2,43,267387520795161,111,0,0,True,PASS
initial/test-208,test-208,initial,endpoint_only,43,267387520795161,111,0,0,True,PASS
historical_pass/test-159,test-159,historical_pass,now,17,237128713646357,0,0,0,True,PASS
historical_pass/test-159,test-159,historical_pass,delay1,17,237128713646357,38,0,0,True,PASS
historical_pass/test-159,test-159,historical_pass,delay2,17,237128713646357,67,0,0,True,PASS
historical_pass/test-159,test-159,historical_pass,endpoint_only,17,237128713646357,86,0,0,True,PASS
historical_pass/test-159,test-159,historical_pass,now,29,245851611901156,0,0,0,True,PASS
historical_pass/test-159,test-159,historical_pass,delay1,29,245851611901156,160,160,160,True,FAIL
historical_pass/test-159,test-159,historical_pass,delay2,29,245851611901156,160,160,160,True,FAIL
historical_pass/test-159,test-159,historical_pass,endpoint_only,29,245851611901156,160,160,160,True,FAIL
historical_pass/test-159,test-159,historical_pass,now,43,83203703444930,0,0,0,True,PASS
historical_pass/test-159,test-159,historical_pass,delay1,43,83203703444930,38,4,0,True,PASS
historical_pass/test-159,test-159,historical_pass,delay2,43,83203703444930,77,0,0,True,PASS
historical_pass/test-159,test-159,historical_pass,endpoint_only,43,83203703444930,110,0,0,True,PASS
historical_pass/test-365,test-365,historical_pass,now,17,266374479785204,0,0,0,True,PASS
historical_pass/test-365,test-365,historical_pass,delay1,17,266374479785204,72,0,0,True,PASS
historical_pass/test-365,test-365,historical_pass,delay2,17,266374479785204,72,0,0,True,PASS
historical_pass/test-365,test-365,historical_pass,endpoint_only,17,266374479785204,72,0,0,True,PASS
historical_pass/test-365,test-365,historical_pass,now,29,104660343463728,0,0,0,True,PASS
historical_pass/test-365,test-365,historical_pass,delay1,29,104660343463728,74,0,0,True,PASS
historical_pass/test-365,test-365,historical_pass,delay2,29,104660343463728,74,0,0,True,PASS
historical_pass/test-365,test-365,historical_pass,endpoint_only,29,104660343463728,74,0,0,True,PASS
historical_pass/test-365,test-365,historical_pass,now,43,266523959000011,0,0,0,True,PASS
historical_pass/test-365,test-365,historical_pass,delay1,43,266523959000011,72,0,0,True,PASS
historical_pass/test-365,test-365,historical_pass,delay2,43,266523959000011,72,0,0,True,PASS
historical_pass/test-365,test-365,historical_pass,endpoint_only,43,266523959000011,72,0,0,True,PASS
historical_pass/test-135,test-135,historical_pass,now,17,34770724968155,0,0,0,True,FAIL
historical_pass/test-135,test-135,historical_pass,delay1,17,34770724968155,22,22,22,True,FAIL
historical_pass/test-135,test-135,historical_pass,delay2,17,34770724968155,55,55,55,True,FAIL
historical_pass/test-135,test-135,historical_pass,endpoint_only,17,34770724968155,140,140,140,True,FAIL
historical_pass/test-135,test-135,historical_pass,now,29,41761293820341,0,0,0,True,FAIL
historical_pass/test-135,test-135,historical_pass,delay1,29,41761293820341,37,37,37,True,FAIL
historical_pass/test-135,test-135,historical_pass,delay2,29,41761293820341,37,37,37,True,FAIL
historical_pass/test-135,test-135,historical_pass,endpoint_only,29,41761293820341,37,37,37,True,FAIL
historical_pass/test-135,test-135,historical_pass,now,43,271568730997123,0,0,0,True,FAIL
historical_pass/test-135,test-135,historical_pass,delay1,43,271568730997123,20,20,20,True,FAIL
historical_pass/test-135,test-135,historical_pass,delay2,43,271568730997123,20,20,20,True,FAIL
historical_pass/test-135,test-135,historical_pass,endpoint_only,43,271568730997123,20,20,20,True,FAIL
historical_pass/test-450,test-450,historical_pass,now,17,149430968363358,0,0,0,True,PASS
historical_pass/test-450,test-450,historical_pass,delay1,17,149430968363358,40,0,0,True,PASS
historical_pass/test-450,test-450,historical_pass,delay2,17,149430968363358,90,0,0,True,PASS
historical_pass/test-450,test-450,historical_pass,endpoint_only,17,149430968363358,171,0,0,True,PASS
historical_pass/test-450,test-450,historical_pass,now,29,60072012902175,0,0,0,True,PASS
historical_pass/test-450,test-450,historical_pass,delay1,29,60072012902175,41,4,0,True,PASS
historical_pass/test-450,test-450,historical_pass,delay2,29,60072012902175,101,101,101,True,FAIL
historical_pass/test-450,test-450,historical_pass,endpoint_only,29,60072012902175,220,220,220,True,FAIL
historical_pass/test-450,test-450,historical_pass,now,43,50111345825751,0,0,0,True,PASS
historical_pass/test-450,test-450,historical_pass,delay1,43,50111345825751,40,4,0,True,PASS
historical_pass/test-450,test-450,historical_pass,delay2,43,50111345825751,136,136,136,True,FAIL
historical_pass/test-450,test-450,historical_pass,endpoint_only,43,50111345825751,191,191,191,True,FAIL
historical_pass/test-518,test-518,historical_pass,now,17,110171392707173,0,0,0,True,PASS
historical_pass/test-518,test-518,historical_pass,delay1,17,110171392707173,73,0,0,True,PASS
historical_pass/test-518,test-518,historical_pass,delay2,17,110171392707173,126,0,0,True,PASS
historical_pass/test-518,test-518,historical_pass,endpoint_only,17,110171392707173,126,0,0,True,PASS
historical_pass/test-518,test-518,historical_pass,now,29,38963220317287,0,0,0,True,PASS
historical_pass/test-518,test-518,historical_pass,delay1,29,38963220317287,117,0,0,True,PASS
historical_pass/test-518,test-518,historical_pass,delay2,29,38963220317287,190,0,0,True,PASS
historical_pass/test-518,test-518,historical_pass,endpoint_only,29,38963220317287,190,0,0,True,PASS
historical_pass/test-518,test-518,historical_pass,now,43,220413254973338,0,0,0,True,PASS
historical_pass/test-518,test-518,historical_pass,delay1,43,220413254973338,71,0,0,True,PASS
historical_pass/test-518,test-518,historical_pass,delay2,43,220413254973338,126,0,0,True,PASS
historical_pass/test-518,test-518,historical_pass,endpoint_only,43,220413254973338,126,0,0,True,PASS
historical_pass/test-916,test-916,historical_pass,now,17,7712922403452,0,0,0,True,FAIL
historical_pass/test-916,test-916,historical_pass,delay1,17,7712922403452,69,69,69,True,FAIL
historical_pass/test-916,test-916,historical_pass,delay2,17,7712922403452,97,97,97,True,FAIL
historical_pass/test-916,test-916,historical_pass,endpoint_only,17,7712922403452,148,148,148,True,FAIL
historical_pass/test-916,test-916,historical_pass,now,29,167971742017241,0,0,0,True,FAIL
historical_pass/test-916,test-916,historical_pass,delay1,29,167971742017241,72,72,72,True,FAIL
historical_pass/test-916,test-916,historical_pass,delay2,29,167971742017241,131,131,131,True,FAIL
historical_pass/test-916,test-916,historical_pass,endpoint_only,29,167971742017241,254,254,254,True,FAIL
historical_pass/test-916,test-916,historical_pass,now,43,91897910624978,0,0,0,True,FAIL
historical_pass/test-916,test-916,historical_pass,delay1,43,91897910624978,59,59,59,True,FAIL
historical_pass/test-916,test-916,historical_pass,delay2,43,91897910624978,114,114,114,True,FAIL
historical_pass/test-916,test-916,historical_pass,endpoint_only,43,91897910624978,138,138,138,True,FAIL
historical_pass/test-979,test-979,historical_pass,now,17,181739242668453,0,0,0,True,FAIL
historical_pass/test-979,test-979,historical_pass,delay1,17,181739242668453,40,40,40,True,FAIL
historical_pass/test-979,test-979,historical_pass,delay2,17,181739242668453,129,129,129,True,FAIL
historical_pass/test-979,test-979,historical_pass,endpoint_only,17,181739242668453,129,129,129,True,FAIL
historical_pass/test-979,test-979,historical_pass,now,29,216011253129216,0,0,0,True,FAIL
historical_pass/test-979,test-979,historical_pass,delay1,29,216011253129216,39,39,39,True,FAIL
historical_pass/test-979,test-979,historical_pass,delay2,29,216011253129216,73,73,73,True,FAIL
historical_pass/test-979,test-979,historical_pass,endpoint_only,29,216011253129216,90,90,90,True,FAIL
historical_pass/test-979,test-979,historical_pass,now,43,160586445074319,0,0,0,True,FAIL
historical_pass/test-979,test-979,historical_pass,delay1,43,160586445074319,42,42,42,True,FAIL
historical_pass/test-979,test-979,historical_pass,delay2,43,160586445074319,75,75,75,True,FAIL
historical_pass/test-979,test-979,historical_pass,endpoint_only,43,160586445074319,85,0,0,False,NO_CHECK
historical_pass/test-80,test-80,historical_pass,now,17,130466092085301,0,0,0,True,PASS
historical_pass/test-80,test-80,historical_pass,delay1,17,130466092085301,57,0,0,True,PASS
historical_pass/test-80,test-80,historical_pass,delay2,17,130466092085301,57,0,0,True,PASS
historical_pass/test-80,test-80,historical_pass,endpoint_only,17,130466092085301,57,0,0,True,PASS
historical_pass/test-80,test-80,historical_pass,now,29,166889458609734,0,0,0,True,PASS
historical_pass/test-80,test-80,historical_pass,delay1,29,166889458609734,61,0,0,True,PASS
historical_pass/test-80,test-80,historical_pass,delay2,29,166889458609734,61,0,0,True,PASS
historical_pass/test-80,test-80,historical_pass,endpoint_only,29,166889458609734,61,0,0,True,PASS
historical_pass/test-80,test-80,historical_pass,now,43,246853108230175,0,0,0,True,PASS
historical_pass/test-80,test-80,historical_pass,delay1,43,246853108230175,57,0,0,True,PASS
historical_pass/test-80,test-80,historical_pass,delay2,43,246853108230175,57,0,0,True,PASS
historical_pass/test-80,test-80,historical_pass,endpoint_only,43,246853108230175,57,0,0,True,PASS
historical_pass/test-903,test-903,historical_pass,now,17,185312856573761,0,0,0,True,PASS
historical_pass/test-903,test-903,historical_pass,delay1,17,185312856573761,96,0,0,True,PASS
historical_pass/test-903,test-903,historical_pass,delay2,17,185312856573761,209,0,0,True,PASS
historical_pass/test-903,test-903,historical_pass,endpoint_only,17,185312856573761,209,0,0,True,PASS
historical_pass/test-903,test-903,historical_pass,now,29,197777930753403,0,0,0,True,PASS
historical_pass/test-903,test-903,historical_pass,delay1,29,197777930753403,96,0,0,True,PASS
historical_pass/test-903,test-903,historical_pass,delay2,29,197777930753403,172,0,0,True,PASS
historical_pass/test-903,test-903,historical_pass,endpoint_only,29,197777930753403,172,0,0,True,PASS
historical_pass/test-903,test-903,historical_pass,now,43,155027715001893,0,0,0,True,PASS
historical_pass/test-903,test-903,historical_pass,delay1,43,155027715001893,96,0,0,True,PASS
historical_pass/test-903,test-903,historical_pass,delay2,43,155027715001893,188,0,0,True,PASS
historical_pass/test-903,test-903,historical_pass,endpoint_only,43,155027715001893,188,0,0,True,PASS
historical_pass/test-392,test-392,historical_pass,now,17,239960533166494,0,0,0,True,PASS
historical_pass/test-392,test-392,historical_pass,delay1,17,239960533166494,52,0,0,True,PASS
historical_pass/test-392,test-392,historical_pass,delay2,17,239960533166494,119,0,0,True,PASS
historical_pass/test-392,test-392,historical_pass,endpoint_only,17,239960533166494,119,0,0,True,PASS
historical_pass/test-392,test-392,historical_pass,now,29,86234947124540,0,0,0,True,PASS
historical_pass/test-392,test-392,historical_pass,delay1,29,86234947124540,36,0,0,True,PASS
historical_pass/test-392,test-392,historical_pass,delay2,29,86234947124540,77,0,0,True,PASS
historical_pass/test-392,test-392,historical_pass,endpoint_only,29,86234947124540,77,0,0,True,PASS
historical_pass/test-392,test-392,historical_pass,now,43,120814257618219,0,0,0,True,PASS
historical_pass/test-392,test-392,historical_pass,delay1,43,120814257618219,68,0,0,True,PASS
historical_pass/test-392,test-392,historical_pass,delay2,43,120814257618219,134,0,0,True,PASS
historical_pass/test-392,test-392,historical_pass,endpoint_only,43,120814257618219,134,0,0,True,PASS
historical_pass/test-210,test-210,historical_pass,now,17,274098615445311,0,0,0,True,PASS
historical_pass/test-210,test-210,historical_pass,delay1,17,274098615445311,46,46,46,True,FAIL
historical_pass/test-210,test-210,historical_pass,delay2,17,274098615445311,86,86,86,True,FAIL
historical_pass/test-210,test-210,historical_pass,endpoint_only,17,274098615445311,226,226,226,True,FAIL
historical_pass/test-210,test-210,historical_pass,now,29,6078013076767,0,0,0,True,PASS
historical_pass/test-210,test-210,historical_pass,delay1,29,6078013076767,38,4,0,True,PASS
historical_pass/test-210,test-210,historical_pass,delay2,29,6078013076767,73,73,73,True,FAIL
historical_pass/test-210,test-210,historical_pass,endpoint_only,29,6078013076767,195,195,195,True,FAIL
historical_pass/test-210,test-210,historical_pass,now,43,196195539927495,0,0,0,True,PASS
historical_pass/test-210,test-210,historical_pass,delay1,43,196195539927495,55,4,0,True,PASS
historical_pass/test-210,test-210,historical_pass,delay2,43,196195539927495,99,4,0,True,PASS
historical_pass/test-210,test-210,historical_pass,endpoint_only,43,196195539927495,255,255,255,True,FAIL
historical_pass/test-984,test-984,historical_pass,now,17,40974206849988,0,0,0,True,PASS
historical_pass/test-984,test-984,historical_pass,delay1,17,40974206849988,21,21,21,True,FAIL
historical_pass/test-984,test-984,historical_pass,delay2,17,40974206849988,21,21,21,True,FAIL
historical_pass/test-984,test-984,historical_pass,endpoint_only,17,40974206849988,21,21,21,True,FAIL
historical_pass/test-984,test-984,historical_pass,now,29,161886092769605,0,0,0,True,PASS
historical_pass/test-984,test-984,historical_pass,delay1,29,161886092769605,22,22,22,True,FAIL
historical_pass/test-984,test-984,historical_pass,delay2,29,161886092769605,22,22,22,True,FAIL
historical_pass/test-984,test-984,historical_pass,endpoint_only,29,161886092769605,22,22,22,True,FAIL
historical_pass/test-984,test-984,historical_pass,now,43,38289845612426,0,0,0,True,PASS
historical_pass/test-984,test-984,historical_pass,delay1,43,38289845612426,12,0,0,True,PASS
historical_pass/test-984,test-984,historical_pass,delay2,43,38289845612426,25,0,0,True,PASS
historical_pass/test-984,test-984,historical_pass,endpoint_only,43,38289845612426,177,0,0,True,UNCERTAIN
