group,comparison,weighting,snapshots,questions,delta_T,delta_T_question_cluster_ci,delta_T_mean_within_snapshot_seed_sd,delta_q,delta_q_question_cluster_ci,delta_q_mean_within_snapshot_seed_sd
initial,delay1,snapshot,20,20,-4.025424601885849,"[-7.7143150942572305, -1.1531821679680434]",4.141990533050094,-0.06666666666666667,"[-0.2, 0.03333333333333334]",0.14433756729740643
initial,delay2,snapshot,20,20,-1.955133961797886,"[-5.344207786982345, 0.8943690541171236]",3.911560180531107,-0.11666666666666667,"[-0.23333333333333334, -0.03333333333333333]",0.16547005383792515
initial,endpoint_only,snapshot,20,20,-0.037150159270580234,"[-1.5119871561054121, 1.3681705290616568]",5.530532992295819,-0.06666666666666667,"[-0.2, 0.03333333333333334]",0.19433756729740642
historical_pass,delay1,snapshot,12,12,1.295897188610575,"[0.28542590147844754, 2.4845888327197625]",1.9696080121279707,0.027777777777777776,"[-0.08333333333333333, 0.16666666666666666]",0.17955837819827095
historical_pass,delay2,snapshot,12,12,1.8392834128883098,"[0.5138198722484554, 3.4387399473663307]",2.6127542949143785,0.027777777777777776,"[-0.05555555555555555, 0.1111111111111111]",0.19245008972987523
historical_pass,endpoint_only,snapshot,12,12,3.4611857073586076,"[1.3742671036096805, 5.831662121969807]",5.78035201270118,0,"[0.0, 0.0]",0.08333333333333333
combined,delay1,snapshot,32,20,-2.02992893044969,"[-4.08846625263848, -0.3847480369213267]",3.327347087704297,-0.03125,"[-0.10784313725490197, 0.03225806451612903]",0.15754537138523061
combined,delay1,question,32,20,-1.5597582672681407,"[-3.4283891142008844, -0.1346405810187813]",3.327347087704297,-0.025,"[-0.09166666666666666, 0.024999999999999998]",0.15754537138523061
combined,delay2,snapshot,32,20,-0.5322274462905625,"[-2.2312622215261704, 1.2008981562894894]",3.424507973424834,-0.0625,"[-0.14102564102564102, 0.0]",0.17558756729740643
combined,delay2,question,32,20,-0.29747582205551826,"[-1.8003121852359374, 1.1058498580345866]",3.424507973424834,-0.058333333333333334,"[-0.125, 0.0]",0.17558756729740643
combined,endpoint_only,snapshot,32,20,1.2747257907153653,"[-0.18678639601594552, 2.925113534599556]",5.624215124947829,-0.041666666666666664,"[-0.1264367816091954, 0.022222222222222223]",0.15271097956087903
combined,endpoint_only,question,32,20,1.1325143145643475,"[-0.10193326800338887, 2.5518813287245092]",5.624215124947829,-0.041666666666666664,"[-0.11666666666666667, 0.016666666666666666]",0.15271097956087903
