group,comparison,replicate,snapshots,delta_T,delta_q
initial,delay1,17,20,-2.727468829947611,-0.05
initial,delay1,29,20,-3.722329151302256,-0.1
initial,delay1,43,20,-5.62647582440768,-0.05
initial,delay2,17,20,-0.6356261777378677,-0.1
initial,delay2,29,20,-1.5968346588539135,-0.1
initial,delay2,43,20,-3.6329410488018765,-0.15
initial,endpoint_only,17,20,2.875118140101404,-0.05
initial,endpoint_only,29,20,-2.125914555761119,-0.1
initial,endpoint_only,43,20,-0.8606540621520253,-0.05
historical_pass,delay1,17,12,0.1585128142639102,0
historical_pass,delay1,29,12,3.242156734241386,0.16666666666666666
historical_pass,delay1,43,12,0.4870220173264291,-0.08333333333333333
historical_pass,delay2,17,12,0.7144236577538928,-0.08333333333333333
historical_pass,delay2,29,12,4.368971558419919,0.16666666666666666
historical_pass,delay2,43,12,0.43445502249111695,0
historical_pass,endpoint_only,17,12,2.757925421334221,-0.08333333333333333
historical_pass,endpoint_only,29,12,8.420730943738212,0.08333333333333333
historical_pass,endpoint_only,43,12,-0.7950992429966087,0
