snapshot_id,question_id,group,comparison,replicate,actual_seed,now_correct,delay_correct,now_seconds,delay_seconds,delta_T,delta_q
historical_pass/test-135,test-135,historical_pass,delay1,17,34770724968155,0,0,4.141194097013795,6.240440434034099,2.099246337020304,0
historical_pass/test-135,test-135,historical_pass,delay1,29,41761293820341,0,0,4.47266027200385,9.285986418020912,4.8133261460170615,0
historical_pass/test-135,test-135,historical_pass,delay1,43,271568730997123,0,0,10.040625892026583,5.204847870001686,-4.835778022024897,0
historical_pass/test-135,test-135,historical_pass,delay2,17,34770724968155,0,0,4.141194097013795,1.9976078160107136,-2.1435862810030812,0
historical_pass/test-135,test-135,historical_pass,delay2,29,41761293820341,0,0,4.47266027200385,9.159806203009794,4.687145931005944,0
historical_pass/test-135,test-135,historical_pass,delay2,43,271568730997123,0,0,10.040625892026583,5.198862259014277,-4.841763633012306,0
historical_pass/test-135,test-135,historical_pass,endpoint_only,17,34770724968155,0,0,4.141194097013795,13.815192683017813,9.673998586004018,0
historical_pass/test-135,test-135,historical_pass,endpoint_only,29,41761293820341,0,0,4.47266027200385,9.681286716018803,5.2086264440149534,0
historical_pass/test-135,test-135,historical_pass,endpoint_only,43,271568730997123,0,0,10.040625892026583,5.198895535999327,-4.841730356027256,0
historical_pass/test-159,test-159,historical_pass,delay1,17,237128713646357,0,0,2.593645076980465,2.537372052014689,-0.05627302496577613,0
historical_pass/test-159,test-159,historical_pass,delay1,29,245851611901156,0,0,6.4692810800042935,11.505377231980674,5.0360961519763805,0
historical_pass/test-159,test-159,historical_pass,delay1,43,83203703444930,0,0,3.156390424017445,3.2979571519681485,0.14156672795070335,0
historical_pass/test-159,test-159,historical_pass,delay2,17,237128713646357,0,0,2.593645076980465,2.6175525919825304,0.023907515002065338,0
historical_pass/test-159,test-159,historical_pass,delay2,29,245851611901156,0,0,6.4692810800042935,11.409029421003652,4.939748340999358,0
historical_pass/test-159,test-159,historical_pass,delay2,43,83203703444930,0,0,3.156390424017445,3.1604306450026343,0.00404022098518908,0
historical_pass/test-159,test-159,historical_pass,endpoint_only,17,237128713646357,0,0,2.593645076980465,2.4437093869782984,-0.14993569000216667,0
historical_pass/test-159,test-159,historical_pass,endpoint_only,29,245851611901156,0,0,6.4692810800042935,11.363679258982302,4.894398178978008,0
historical_pass/test-159,test-159,historical_pass,endpoint_only,43,83203703444930,0,0,3.156390424017445,2.9711659610038623,-0.18522446301358286,0
historical_pass/test-210,test-210,historical_pass,delay1,17,274098615445311,0,0,22.202519096957985,21.027780005999375,-1.1747390909586102,0
historical_pass/test-210,test-210,historical_pass,delay1,29,6078013076767,0,0,9.461133564982447,9.262197355987155,-0.19893620899529196,0
historical_pass/test-210,test-210,historical_pass,delay1,43,196195539927495,0,1,12.719816351993359,11.49307465502352,-1.2267416969698388,-1
historical_pass/test-210,test-210,historical_pass,delay2,17,274098615445311,0,0,22.202519096957985,23.42087047197856,1.2183513750205748,0
historical_pass/test-210,test-210,historical_pass,delay2,29,6078013076767,0,0,9.461133564982447,17.86834916101361,8.407215596031165,0
historical_pass/test-210,test-210,historical_pass,delay2,43,196195539927495,0,1,12.719816351993359,9.598611208988586,-3.1212051430047723,-1
historical_pass/test-210,test-210,historical_pass,endpoint_only,17,274098615445311,0,0,22.202519096957985,21.028174720020615,-1.1743443769373698,0
historical_pass/test-210,test-210,historical_pass,endpoint_only,29,6078013076767,0,0,9.461133564982447,23.736789541959297,14.27565597697685,0
historical_pass/test-210,test-210,historical_pass,endpoint_only,43,196195539927495,0,0,12.719816351993359,12.436554239000543,-0.2832621129928157,0
historical_pass/test-365,test-365,historical_pass,delay1,17,266374479785204,1,1,2.1902967569913017,2.032325459003914,-0.15797129798738752,0
historical_pass/test-365,test-365,historical_pass,delay1,29,104660343463728,1,1,2.22226281100302,2.074720870994497,-0.14754194000852294,0
historical_pass/test-365,test-365,historical_pass,delay1,43,266523959000011,1,1,2.2374273470049957,1.992714932988747,-0.24471241401624866,0
historical_pass/test-365,test-365,historical_pass,delay2,17,266374479785204,1,1,2.1902967569913017,2.032175857995753,-0.1581208989955485,0
historical_pass/test-365,test-365,historical_pass,delay2,29,104660343463728,1,1,2.22226281100302,2.022539982004673,-0.1997228289983468,0
historical_pass/test-365,test-365,historical_pass,delay2,43,266523959000011,1,1,2.2374273470049957,1.9968269130040426,-0.2406004340009531,0
historical_pass/test-365,test-365,historical_pass,endpoint_only,17,266374479785204,1,1,2.1902967569913017,2.048381694999989,-0.14191506199131254,0
historical_pass/test-365,test-365,historical_pass,endpoint_only,29,104660343463728,1,1,2.22226281100302,2.0513529299932998,-0.17090988100972027,0
historical_pass/test-365,test-365,historical_pass,endpoint_only,43,266523959000011,1,1,2.2374273470049957,2.005493048010976,-0.23193429899401963,0
historical_pass/test-392,test-392,historical_pass,delay1,17,239960533166494,1,1,3.5262577460089233,3.5013959309872007,-0.024861815021722578,0
historical_pass/test-392,test-392,historical_pass,delay1,29,86234947124540,1,1,2.4387072999961674,2.417781447991729,-0.02092585200443864,0
historical_pass/test-392,test-392,historical_pass,delay1,43,120814257618219,1,1,3.8981614820077084,3.8150297590182163,-0.08313172298949212,0
historical_pass/test-392,test-392,historical_pass,delay2,17,239960533166494,1,1,3.5262577460089233,4.192125774992746,0.665868028983823,0
historical_pass/test-392,test-392,historical_pass,delay2,29,86234947124540,1,1,2.4387072999961674,2.264235718015698,-0.17447158198046964,0
historical_pass/test-392,test-392,historical_pass,delay2,43,120814257618219,1,1,3.8981614820077084,3.9637570889899507,0.06559560698224232,0
historical_pass/test-392,test-392,historical_pass,endpoint_only,17,239960533166494,1,1,3.5262577460089233,3.790241214010166,0.2639834680012427,0
historical_pass/test-392,test-392,historical_pass,endpoint_only,29,86234947124540,1,1,2.4387072999961674,2.236934417989687,-0.20177288200648036,0
historical_pass/test-392,test-392,historical_pass,endpoint_only,43,120814257618219,1,1,3.8981614820077084,4.351306313998066,0.4531448319903575,0
historical_pass/test-450,test-450,historical_pass,delay1,17,149430968363358,1,1,4.84507191699231,5.258396170000196,0.413324253007886,0
historical_pass/test-450,test-450,historical_pass,delay1,29,60072012902175,1,0,15.592175348981982,24.30229965901526,8.71012431003328,1
historical_pass/test-450,test-450,historical_pass,delay1,43,50111345825751,0,1,11.611722643021494,18.672039661978488,7.060317018956994,-1
historical_pass/test-450,test-450,historical_pass,delay2,17,149430968363358,1,1,4.84507191699231,4.857410688011441,0.012338771019130945,0
historical_pass/test-450,test-450,historical_pass,delay2,29,60072012902175,1,0,15.592175348981982,25.151559064004687,9.559383715022705,1
historical_pass/test-450,test-450,historical_pass,delay2,43,50111345825751,0,0,11.611722643021494,10.52302170798066,-1.0887009350408334,0
historical_pass/test-450,test-450,historical_pass,endpoint_only,17,149430968363358,1,1,4.84507191699231,4.636888218999957,-0.2081836979923537,0
historical_pass/test-450,test-450,historical_pass,endpoint_only,29,60072012902175,1,1,15.592175348981982,33.08327589997498,17.491100550992996,0
historical_pass/test-450,test-450,historical_pass,endpoint_only,43,50111345825751,0,0,11.611722643021494,17.953655639052158,6.341932996030664,0
historical_pass/test-518,test-518,historical_pass,delay1,17,110171392707173,1,1,3.7943599320133217,3.774737249012105,-0.0196226830012165,0
historical_pass/test-518,test-518,historical_pass,delay1,29,38963220317287,1,1,5.460761384019861,5.464966491999803,0.004205107979942113,0
historical_pass/test-518,test-518,historical_pass,delay1,43,220413254973338,1,1,3.7791192089935066,3.789343752010609,0.010224543017102405,0
historical_pass/test-518,test-518,historical_pass,delay2,17,110171392707173,1,1,3.7943599320133217,3.5136501280067023,-0.2807098040066194,0
historical_pass/test-518,test-518,historical_pass,delay2,29,38963220317287,1,1,5.460761384019861,5.067052174999844,-0.3937092090200167,0
historical_pass/test-518,test-518,historical_pass,delay2,43,220413254973338,1,1,3.7791192089935066,3.528344456004561,-0.2507747529889457,0
historical_pass/test-518,test-518,historical_pass,endpoint_only,17,110171392707173,1,1,3.7943599320133217,3.5380146649840754,-0.2563452670292463,0
historical_pass/test-518,test-518,historical_pass,endpoint_only,29,38963220317287,1,1,5.460761384019861,5.1104563340049936,-0.35030505001486745,0
historical_pass/test-518,test-518,historical_pass,endpoint_only,43,220413254973338,1,1,3.7791192089935066,3.527068663010141,-0.25205054598336574,0
historical_pass/test-80,test-80,historical_pass,delay1,17,130466092085301,0,0,1.8438723959989147,1.5723842010193039,-0.27148819497961085,0
historical_pass/test-80,test-80,historical_pass,delay1,29,166889458609734,0,0,2.0036007390153827,1.6890185049851425,-0.3145822340302402,0
historical_pass/test-80,test-80,historical_pass,delay1,43,246853108230175,0,0,1.8679035760142142,1.5835052129987162,-0.28439836301549803,0
historical_pass/test-80,test-80,historical_pass,delay2,17,130466092085301,0,0,1.8438723959989147,1.5846352219959954,-0.25923717400291935,0
historical_pass/test-80,test-80,historical_pass,delay2,29,166889458609734,0,0,2.0036007390153827,1.6799423079792177,-0.323658431036165,0
historical_pass/test-80,test-80,historical_pass,delay2,43,246853108230175,0,0,1.8679035760142142,1.5899400170164881,-0.27796355899772607,0
historical_pass/test-80,test-80,historical_pass,endpoint_only,17,130466092085301,0,0,1.8438723959989147,1.556909299994004,-0.28696309600491077,0
historical_pass/test-80,test-80,historical_pass,endpoint_only,29,166889458609734,0,0,2.0036007390153827,1.6834213029796956,-0.3201794360356871,0
historical_pass/test-80,test-80,historical_pass,endpoint_only,43,246853108230175,0,0,1.8679035760142142,1.5980729839939158,-0.26983059202029835,0
historical_pass/test-903,test-903,historical_pass,delay1,17,185312856573761,1,1,6.121348699001828,5.964339190017199,-0.15700950898462906,0
historical_pass/test-903,test-903,historical_pass,delay1,29,197777930753403,1,1,5.101285592012573,5.1033978479972575,0.0021122559846844524,0
historical_pass/test-903,test-903,historical_pass,delay1,43,155027715001893,1,1,5.560576049014344,5.503419171989663,-0.05715687702468131,0
historical_pass/test-903,test-903,historical_pass,delay2,17,185312856573761,1,1,6.121348699001828,5.5493083850014955,-0.5720403140003327,0
historical_pass/test-903,test-903,historical_pass,delay2,29,197777930753403,1,1,5.101285592012573,4.7751023059972795,-0.32618328601529356,0
historical_pass/test-903,test-903,historical_pass,delay2,43,155027715001893,1,1,5.560576049014344,5.225369535997743,-0.3352065130166011,0
historical_pass/test-903,test-903,historical_pass,endpoint_only,17,185312856573761,1,1,6.121348699001828,5.72938672901364,-0.3919619699881878,0
historical_pass/test-903,test-903,historical_pass,endpoint_only,29,197777930753403,1,1,5.101285592012573,4.755786730005639,-0.34549886200693436,0
historical_pass/test-903,test-903,historical_pass,endpoint_only,43,155027715001893,1,1,5.560576049014344,5.945658750002622,0.3850827009882778,0
historical_pass/test-916,test-916,historical_pass,delay1,17,7712922403452,0,0,8.60840166201524,10.373387277009897,1.7649856149946572,0
historical_pass/test-916,test-916,historical_pass,delay1,29,167971742017241,1,0,6.775034418038558,14.554077733002487,7.779043314963928,1
historical_pass/test-916,test-916,historical_pass,delay1,43,91897910624978,1,0,9.086324140967918,12.862108704997809,3.775784564029891,1
historical_pass/test-916,test-916,historical_pass,delay2,17,7712922403452,0,1,8.60840166201524,13.336353063990828,4.727951401975588,-1
historical_pass/test-916,test-916,historical_pass,delay2,29,167971742017241,1,0,6.775034418038558,18.32503958400048,11.55000516596192,1
historical_pass/test-916,test-916,historical_pass,delay2,43,91897910624978,1,0,9.086324140967918,13.662111747995368,4.575787607027451,1
historical_pass/test-916,test-916,historical_pass,endpoint_only,17,7712922403452,0,1,8.60840166201524,19.037236127987853,10.428834465972614,-1
historical_pass/test-916,test-916,historical_pass,endpoint_only,29,167971742017241,1,0,6.775034418038558,27.34487930603791,20.569844887999352,1
historical_pass/test-916,test-916,historical_pass,endpoint_only,43,91897910624978,1,1,9.086324140967918,11.42715172401222,2.3408275830443017,0
historical_pass/test-979,test-979,historical_pass,delay1,17,181739242668453,0,0,13.055063454972696,11.299563863009098,-1.7554995919635985,0
historical_pass/test-979,test-979,historical_pass,delay1,29,216011253129216,0,0,12.467160103973583,17.755126289994223,5.28796618602064,0
historical_pass/test-979,test-979,historical_pass,delay1,43,160586445074319,0,0,14.4984175869904,15.093186580008478,0.5947689930180786,0
historical_pass/test-979,test-979,historical_pass,delay2,17,181739242668453,0,0,13.055063454972696,17.023274942024727,3.968211487052031,0
historical_pass/test-979,test-979,historical_pass,delay2,29,216011253129216,0,0,12.467160103973583,19.133132033020956,6.665971929047373,0
historical_pass/test-979,test-979,historical_pass,delay2,43,160586445074319,0,0,14.4984175869904,24.668281187987304,10.169863600996905,0
historical_pass/test-979,test-979,historical_pass,endpoint_only,17,181739242668453,0,0,13.055063454972696,27.13606714596972,14.081003690997022,0
historical_pass/test-979,test-979,historical_pass,endpoint_only,29,216011253129216,0,0,12.467160103973583,22.67054422898218,10.203384125008597,0
historical_pass/test-979,test-979,historical_pass,endpoint_only,43,160586445074319,0,0,14.4984175869904,2.0524795850069495,-12.44593800198345,0
historical_pass/test-984,test-984,historical_pass,delay1,17,40974206849988,0,0,3.4339928349945694,4.676055609001196,1.2420627740066266,0
historical_pass/test-984,test-984,historical_pass,delay1,29,161886092769605,0,0,2.3181406870135106,10.273134259972721,7.954993572959211,0
historical_pass/test-984,test-984,historical_pass,delay1,43,38289845612426,0,0,5.267266543014557,6.260787999999593,0.9935214569850359,0
historical_pass/test-984,test-984,historical_pass,delay2,17,40974206849988,0,0,3.4339928349945694,4.804142620996572,1.3701497860020027,0
historical_pass/test-984,test-984,historical_pass,delay2,29,161886092769605,0,0,2.3181406870135106,10.354074047034374,8.035933360020863,0
historical_pass/test-984,test-984,historical_pass,delay2,43,38289845612426,0,0,5.267266543014557,5.821654746978311,0.5543882039637538,0
historical_pass/test-984,test-984,historical_pass,endpoint_only,17,40974206849988,0,0,3.4339928349945694,4.690926839975873,1.2569340049813036,0
historical_pass/test-984,test-984,historical_pass,endpoint_only,29,161886092769605,0,0,2.3181406870135106,32.11256795897498,29.794427271961467,0
historical_pass/test-984,test-984,historical_pass,endpoint_only,43,38289845612426,0,0,5.267266543014557,4.715057886016439,-0.5522086569981184,0
initial/test-1149,test-1149,initial,delay1,17,41257289203094,1,1,2.753441106004175,2.6395402930065757,-0.11390081299759913,0
initial/test-1149,test-1149,initial,delay1,29,212933714010669,1,1,2.393673967992072,2.0928249530261382,-0.30084901496593375,0
initial/test-1149,test-1149,initial,delay1,43,197206171082019,1,1,3.2458466779935407,3.2297480559936957,-0.01609862199984491,0
initial/test-1149,test-1149,initial,delay2,17,41257289203094,1,1,2.753441106004175,2.5262597979890415,-0.22718130801513325,0
initial/test-1149,test-1149,initial,delay2,29,212933714010669,1,1,2.393673967992072,2.4183365030039568,0.024662535011884756,0
initial/test-1149,test-1149,initial,delay2,43,197206171082019,1,1,3.2458466779935407,3.0194176559889456,-0.22642902200459503,0
initial/test-1149,test-1149,initial,endpoint_only,17,41257289203094,1,1,2.753441106004175,2.5489783520024503,-0.20446275400172453,0
initial/test-1149,test-1149,initial,endpoint_only,29,212933714010669,1,1,2.393673967992072,2.2686953639931744,-0.1249786039988976,0
initial/test-1149,test-1149,initial,endpoint_only,43,197206171082019,1,1,3.2458466779935407,3.0381210440100404,-0.2077256339835003,0
initial/test-1155,test-1155,initial,delay1,17,166530334258371,1,1,1.8590215820004232,1.653488332987763,-0.20553324901266024,0
initial/test-1155,test-1155,initial,delay1,29,148248713066185,1,1,2.137179297002149,1.9879990240151528,-0.149180272986996,0
initial/test-1155,test-1155,initial,delay1,43,166962435015659,1,1,1.8301611739880173,1.672989785001846,-0.15717138898617122,0
initial/test-1155,test-1155,initial,delay2,17,166530334258371,1,1,1.8590215820004232,1.6329485880123684,-0.2260729939880548,0
initial/test-1155,test-1155,initial,delay2,29,148248713066185,1,1,2.137179297002149,2.0061419489939,-0.13103734800824896,0
initial/test-1155,test-1155,initial,delay2,43,166962435015659,1,1,1.8301611739880173,1.6423231170047075,-0.1878380569833098,0
initial/test-1155,test-1155,initial,endpoint_only,17,166530334258371,1,1,1.8590215820004232,1.625760602997616,-0.2332609790028073,0
initial/test-1155,test-1155,initial,endpoint_only,29,148248713066185,1,1,2.137179297002149,1.9853111750126118,-0.15186812198953703,0
initial/test-1155,test-1155,initial,endpoint_only,43,166962435015659,1,1,1.8301611739880173,1.6813042249996215,-0.14885694898839574,0
initial/test-135,test-135,initial,delay1,17,146937067714520,0,1,13.761927139028558,8.702076529007172,-5.059850610021385,-1
initial/test-135,test-135,initial,delay1,29,20927281082084,0,1,18.8995225430117,7.7089175450237235,-11.190604997987975,-1
initial/test-135,test-135,initial,delay1,43,95068340697183,0,1,10.84406787098851,4.354686081991531,-6.48938178899698,-1
initial/test-135,test-135,initial,delay2,17,146937067714520,0,1,13.761927139028558,8.610142655001255,-5.151784484027303,-1
initial/test-135,test-135,initial,delay2,29,20927281082084,0,1,18.8995225430117,7.650890246004565,-11.248632297007134,-1
initial/test-135,test-135,initial,delay2,43,95068340697183,0,1,10.84406787098851,4.354138108974439,-6.4899297620140715,-1
initial/test-135,test-135,initial,endpoint_only,17,146937067714520,0,1,13.761927139028558,8.53049497999018,-5.231432159038377,-1
initial/test-135,test-135,initial,endpoint_only,29,20927281082084,0,1,18.8995225430117,7.662590952953906,-11.236931590057793,-1
initial/test-135,test-135,initial,endpoint_only,43,95068340697183,0,1,10.84406787098851,4.324786170996958,-6.519281699991552,-1
initial/test-159,test-159,initial,delay1,17,777002394973,0,0,3.171786698017968,2.9845750340173254,-0.18721166400064249,0
initial/test-159,test-159,initial,delay1,29,18872769526077,0,0,2.7765949820168316,2.669835035034339,-0.10675994698249269,0
initial/test-159,test-159,initial,delay1,43,187610994565222,0,0,7.687102895055432,2.2301480960159097,-5.456954799039522,0
initial/test-159,test-159,initial,delay2,17,777002394973,0,0,3.171786698017968,2.7043789540039143,-0.4674077440140536,0
initial/test-159,test-159,initial,delay2,29,18872769526077,0,0,2.7765949820168316,2.6651186310191406,-0.11147635099769104,0
initial/test-159,test-159,initial,delay2,43,187610994565222,0,0,7.687102895055432,2.168346450998797,-5.518756444056635,0
initial/test-159,test-159,initial,endpoint_only,17,777002394973,0,0,3.171786698017968,2.863393649997306,-0.3083930480206618,0
initial/test-159,test-159,initial,endpoint_only,29,18872769526077,0,0,2.7765949820168316,2.4389997120015323,-0.3375952700152993,0
initial/test-159,test-159,initial,endpoint_only,43,187610994565222,0,0,7.687102895055432,4.713337118984782,-2.9737657760706497,0
initial/test-179,test-179,initial,delay1,17,137334056187296,1,1,3.276220526022371,3.294890106000821,0.0186695799784502,0
initial/test-179,test-179,initial,delay1,29,220648256767067,1,1,3.273825018972275,3.2941796310042264,0.020354612031951547,0
initial/test-179,test-179,initial,delay1,43,20739365065474,1,1,3.223850824011606,3.2118926159892,-0.011958208022406325,0
initial/test-179,test-179,initial,delay2,17,137334056187296,1,1,3.276220526022371,3.0748183030227665,-0.20140222299960442,0
initial/test-179,test-179,initial,delay2,29,220648256767067,1,1,3.273825018972275,3.0668517660087673,-0.20697325296350755,0
initial/test-179,test-179,initial,delay2,43,20739365065474,1,1,3.223850824011606,3.063901294997777,-0.1599495290138293,0
initial/test-179,test-179,initial,endpoint_only,17,137334056187296,1,1,3.276220526022371,3.088060061010765,-0.188160465011606,0
initial/test-179,test-179,initial,endpoint_only,29,220648256767067,1,1,3.273825018972275,3.0246494460006943,-0.24917557297158055,0
initial/test-179,test-179,initial,endpoint_only,43,20739365065474,1,1,3.223850824011606,3.0810909749998245,-0.14275984901178163,0
initial/test-208,test-208,initial,delay1,17,59646831118719,1,1,3.2451498199952766,3.264572080996004,0.019422261000727303,0
initial/test-208,test-208,initial,delay1,29,90566710327983,1,1,3.0366100919927703,3.1792716729833046,0.14266158099053428,0
initial/test-208,test-208,initial,delay1,43,267387520795161,1,1,3.238027052997495,3.2383850170008373,0.0003579640033422038,0
initial/test-208,test-208,initial,delay2,17,59646831118719,1,1,3.2451498199952766,3.076393083014409,-0.16875673698086757,0
initial/test-208,test-208,initial,delay2,29,90566710327983,1,1,3.0366100919927703,2.758504923986038,-0.27810516800673213,0
initial/test-208,test-208,initial,delay2,43,267387520795161,1,1,3.238027052997495,3.16081106501224,-0.0772159879852552,0
initial/test-208,test-208,initial,endpoint_only,17,59646831118719,1,1,3.2451498199952766,3.1050195959978737,-0.14013022399740294,0
initial/test-208,test-208,initial,endpoint_only,29,90566710327983,1,1,3.0366100919927703,2.8172922219964676,-0.21931786999630276,0
initial/test-208,test-208,initial,endpoint_only,43,267387520795161,1,1,3.238027052997495,3.0581444739946164,-0.17988257900287863,0
initial/test-210,test-210,initial,delay1,17,220921057525493,1,0,17.491904474969488,15.94055933697382,-1.5513451379956678,1
initial/test-210,test-210,initial,delay1,29,202689013644956,1,1,10.26134834199911,8.390717573973234,-1.870630768025876,0
initial/test-210,test-210,initial,delay1,43,116469915365711,0,0,34.46555686101783,8.282212743986747,-26.183344117031083,0
initial/test-210,test-210,initial,delay2,17,220921057525493,1,0,17.491904474969488,22.65864637203049,5.1667418970610015,1
initial/test-210,test-210,initial,delay2,29,202689013644956,1,1,10.26134834199911,15.876662245980697,5.615313903981587,0
initial/test-210,test-210,initial,delay2,43,116469915365711,0,1,34.46555686101783,19.81301330200222,-14.652543559015612,-1
initial/test-210,test-210,initial,endpoint_only,17,220921057525493,1,0,17.491904474969488,37.88194326600933,20.390038791039842,1
initial/test-210,test-210,initial,endpoint_only,29,202689013644956,1,1,10.26134834199911,9.831639730997267,-0.42970861100184266,0
initial/test-210,test-210,initial,endpoint_only,43,116469915365711,0,0,34.46555686101783,13.378548260996467,-21.087008600021363,0
initial/test-23,test-23,initial,delay1,17,254059940408384,1,1,2.397247973989579,2.246200156994746,-0.15104781699483283,0
initial/test-23,test-23,initial,delay1,29,114993758286844,1,1,3.6605048299825285,2.661856181002804,-0.9986486489797244,0
initial/test-23,test-23,initial,delay1,43,20726163929173,1,1,2.410569511979702,2.3945403229736257,-0.016029189006076194,0
initial/test-23,test-23,initial,delay2,17,254059940408384,1,1,2.397247973989579,2.24317630699079,-0.15407166699878871,0
initial/test-23,test-23,initial,delay2,29,114993758286844,1,1,3.6605048299825285,3.5812487980292644,-0.07925603195326403,0
initial/test-23,test-23,initial,delay2,43,20726163929173,1,1,2.410569511979702,2.252249404991744,-0.15832010698795784,0
initial/test-23,test-23,initial,endpoint_only,17,254059940408384,1,1,2.397247973989579,2.25277516101778,-0.1444728129717987,0
initial/test-23,test-23,initial,endpoint_only,29,114993758286844,1,1,3.6605048299825285,3.426467291006702,-0.23403753897582646,0
initial/test-23,test-23,initial,endpoint_only,43,20726163929173,1,1,2.410569511979702,2.281923224014463,-0.12864628796523903,0
initial/test-365,test-365,initial,delay1,17,59507808806719,0,1,9.93784339701233,5.964891008028644,-3.9729523889836855,-1
initial/test-365,test-365,initial,delay1,29,78225536850288,1,1,2.7027825330151245,2.6284875810088124,-0.07429495200631209,0
initial/test-365,test-365,initial,delay1,43,171517215852744,1,1,3.814671646003262,3.7627082129765768,-0.05196343302668538,0
initial/test-365,test-365,initial,delay2,17,59507808806719,0,1,9.93784339701233,3.292969438,-6.64487395901233,-1
initial/test-365,test-365,initial,delay2,29,78225536850288,1,1,2.7027825330151245,2.4589374189963564,-0.24384511401876807,0
initial/test-365,test-365,initial,delay2,43,171517215852744,1,1,3.814671646003262,3.6215144420275465,-0.19315720397571567,0
initial/test-365,test-365,initial,endpoint_only,17,59507808806719,0,1,9.93784339701233,3.335830690979492,-6.602012706032838,-1
initial/test-365,test-365,initial,endpoint_only,29,78225536850288,1,1,2.7027825330151245,2.470327171002282,-0.23245536201284267,0
initial/test-365,test-365,initial,endpoint_only,43,171517215852744,1,1,3.814671646003262,3.746899633013527,-0.06777201298973523,0
initial/test-392,test-392,initial,delay1,17,160304364496498,1,1,13.84232336601417,7.531304458985687,-6.311018907028483,0
initial/test-392,test-392,initial,delay1,29,205844196722342,1,1,6.842656146996887,6.405641155986814,-0.4370149910100736,0
initial/test-392,test-392,initial,delay1,43,165822817726526,0,1,36.82535763498163,10.418929549996392,-26.406428084985237,-1
initial/test-392,test-392,initial,delay2,17,160304364496498,1,1,13.84232336601417,18.639055171006476,4.796731804992305,0
initial/test-392,test-392,initial,delay2,29,205844196722342,1,1,6.842656146996887,6.69203671401192,-0.15061943298496772,0
initial/test-392,test-392,initial,delay2,43,165822817726526,0,1,36.82535763498163,10.436719383986201,-26.388638250995427,-1
initial/test-392,test-392,initial,endpoint_only,17,160304364496498,1,0,13.84232336601417,18.618273179978132,4.775949813963962,1
initial/test-392,test-392,initial,endpoint_only,29,205844196722342,1,1,6.842656146996887,6.387419848993886,-0.45523629800300114,0
initial/test-392,test-392,initial,endpoint_only,43,165822817726526,0,1,36.82535763498163,13.040642216001288,-23.78471541898034,-1
initial/test-42,test-42,initial,delay1,17,116923147490657,1,1,2.8825739819876617,2.9242226400092477,0.041648658021586016,0
initial/test-42,test-42,initial,delay1,29,140568490974671,1,1,2.7471929380117217,2.715943906980101,-0.03124903103162069,0
initial/test-42,test-42,initial,delay1,43,111682869343975,1,1,2.455865891999565,2.2153319289936917,-0.24053396300587337,0
initial/test-42,test-42,initial,delay2,17,116923147490657,1,1,2.8825739819876617,2.71171972801676,-0.17085425397090148,0
initial/test-42,test-42,initial,delay2,29,140568490974671,1,1,2.7471929380117217,2.533020486982423,-0.21417245102929883,0
initial/test-42,test-42,initial,delay2,43,111682869343975,1,1,2.455865891999565,2.194947577008861,-0.26091831499070395,0
initial/test-42,test-42,initial,endpoint_only,17,116923147490657,1,1,2.8825739819876617,2.7490044770092936,-0.13356950497836806,0
initial/test-42,test-42,initial,endpoint_only,29,140568490974671,1,1,2.7471929380117217,2.526735823979834,-0.2204571140318876,0
initial/test-42,test-42,initial,endpoint_only,43,111682869343975,1,1,2.455865891999565,2.1763545510038966,-0.27951134099566843,0
initial/test-450,test-450,initial,delay1,17,222419435303916,0,0,13.498464298972976,20.329429998993874,6.830965700020897,0
initial/test-450,test-450,initial,delay1,29,40351062217422,0,0,51.749361752008554,28.631579282009625,-23.11778246999893,0
initial/test-450,test-450,initial,delay1,43,227760364872554,1,0,25.99541385800694,16.038227425990044,-9.957186432016897,1
initial/test-450,test-450,initial,delay2,17,222419435303916,0,0,13.498464298972976,25.542206012032693,12.043741713059717,0
initial/test-450,test-450,initial,delay2,29,40351062217422,0,0,51.749361752008554,34.303541460001725,-17.44582029200683,0
initial/test-450,test-450,initial,delay2,43,227760364872554,1,1,25.99541385800694,16.98567105695838,-9.00974280104856,0
initial/test-450,test-450,initial,endpoint_only,17,222419435303916,0,0,13.498464298972976,8.090074845997151,-5.408389452975825,0
initial/test-450,test-450,initial,endpoint_only,29,40351062217422,0,0,51.749361752008554,47.98055830900557,-3.76880344300298,0
initial/test-450,test-450,initial,endpoint_only,43,227760364872554,1,0,25.99541385800694,42.34156987698225,16.346156018975307,1
initial/test-489,test-489,initial,delay1,17,269345268524480,1,1,8.347698837984353,6.165111666981829,-2.182587171002524,0
initial/test-489,test-489,initial,delay1,29,264325995871310,1,1,2.8698673430044437,2.819747664994793,-0.05011967800965067,0
initial/test-489,test-489,initial,delay1,43,256588747653997,1,1,3.33777044400631,3.3775170530134346,0.03974660900712479,0
initial/test-489,test-489,initial,delay2,17,269345268524480,1,1,8.347698837984353,14.267442696014768,5.919743858030415,0
initial/test-489,test-489,initial,delay2,29,264325995871310,1,1,2.8698673430044437,2.624471552990144,-0.24539579001429956,0
initial/test-489,test-489,initial,delay2,43,256588747653997,1,1,3.33777044400631,3.378450600008364,0.04068015600205399,0
initial/test-489,test-489,initial,endpoint_only,17,269345268524480,1,1,8.347698837984353,12.832006511991494,4.484307674007141,0
initial/test-489,test-489,initial,endpoint_only,29,264325995871310,1,1,2.8698673430044437,2.6510600309848087,-0.218807312019635,0
initial/test-489,test-489,initial,endpoint_only,43,256588747653997,1,1,3.33777044400631,3.1727540910214884,-0.16501635298482142,0
initial/test-518,test-518,initial,delay1,17,232515432571210,1,1,7.988460347987711,8.341704403996118,0.3532440560084069,0
initial/test-518,test-518,initial,delay1,29,31347929116034,1,1,6.619333501002984,6.42148203997931,-0.19785146102367435,0
initial/test-518,test-518,initial,delay1,43,277674650132765,1,1,7.709552636995795,7.584957594022853,-0.12459504297294188,0
initial/test-518,test-518,initial,delay2,17,232515432571210,1,1,7.988460347987711,7.88932051397569,-0.09913983401202131,0
initial/test-518,test-518,initial,delay2,29,31347929116034,1,1,6.619333501002984,6.472839861002285,-0.1464936400006991,0
initial/test-518,test-518,initial,delay2,43,277674650132765,1,1,7.709552636995795,7.83351522803423,0.12396259103843477,0
initial/test-518,test-518,initial,endpoint_only,17,232515432571210,1,1,7.988460347987711,7.662993456993718,-0.32546689099399373,0
initial/test-518,test-518,initial,endpoint_only,29,31347929116034,1,1,6.619333501002984,6.178927928995108,-0.4404055720078759,0
initial/test-518,test-518,initial,endpoint_only,43,277674650132765,1,1,7.709552636995795,7.551630361005664,-0.1579222759901313,0
initial/test-788,test-788,initial,delay1,17,61868047650807,0,0,3.9972728839929914,9.83941093100293,5.842138047009939,0
initial/test-788,test-788,initial,delay1,29,102293032069157,0,0,4.052510428999085,12.368826621008338,8.316316192009253,0
initial/test-788,test-788,initial,delay1,43,120464343794760,0,0,10.657787785021355,8.543564598963712,-2.114223186057643,0
initial/test-788,test-788,initial,delay2,17,61868047650807,0,1,3.9972728839929914,8.031007545025204,4.033734661032213,-1
initial/test-788,test-788,initial,delay2,29,102293032069157,0,0,4.052510428999085,12.355391947043245,8.30288151804416,0
initial/test-788,test-788,initial,delay2,43,120464343794760,0,0,10.657787785021355,11.106771497026784,0.44898371200542897,0
initial/test-788,test-788,initial,endpoint_only,17,61868047650807,0,1,3.9972728839929914,8.010251457002596,4.012978573009605,-1
initial/test-788,test-788,initial,endpoint_only,29,102293032069157,0,0,4.052510428999085,12.454955676948885,8.4024452479498,0
initial/test-788,test-788,initial,endpoint_only,43,120464343794760,0,0,10.657787785021355,11.001195995981107,0.34340821095975116,0
initial/test-80,test-80,initial,delay1,17,120467802658356,0,0,3.3417148740118137,4.236830206995364,0.8951153329835506,0
initial/test-80,test-80,initial,delay1,29,196648089247567,0,0,2.993177034004475,3.0426170120044844,0.04943997800000943,0
initial/test-80,test-80,initial,delay1,43,97228300313810,0,0,3.4135606700001517,3.509871217989712,0.09631054798956029,0
initial/test-80,test-80,initial,delay2,17,120467802658356,0,0,3.3417148740118137,3.380320115975337,0.03860524196352344,0
initial/test-80,test-80,initial,delay2,29,196648089247567,0,0,2.993177034004475,2.9718052849930245,-0.021371749011450447,0
initial/test-80,test-80,initial,delay2,43,97228300313810,0,0,3.4135606700001517,3.3294863229966722,-0.08407434700347949,0
initial/test-80,test-80,initial,endpoint_only,17,120467802658356,0,0,3.3417148740118137,3.2273574209975777,-0.11435745301423594,0
initial/test-80,test-80,initial,endpoint_only,29,196648089247567,0,0,2.993177034004475,2.9204256649973104,-0.07275136900716461,0
initial/test-80,test-80,initial,endpoint_only,43,97228300313810,0,0,3.4135606700001517,3.312597129988717,-0.10096354001143482,0
initial/test-903,test-903,initial,delay1,17,204457719805577,1,1,9.836798599993926,9.898888233001344,0.06208963300741743,0
initial/test-903,test-903,initial,delay1,29,86170540996549,1,1,10.30710207701486,10.392298020000453,0.08519594298559241,0
initial/test-903,test-903,initial,delay1,43,274573670041778,1,1,10.106937337986892,10.134963204036467,0.028025866049574688,0
initial/test-903,test-903,initial,delay2,17,204457719805577,1,1,9.836798599993926,9.793755395017797,-0.043043204976129346,0
initial/test-903,test-903,initial,delay2,29,86170540996549,1,1,10.30710207701486,10.396314697994967,0.0892126209801063,0
initial/test-903,test-903,initial,delay2,43,274573670041778,1,1,10.106937337986892,10.301574250974227,0.19463691298733465,0
initial/test-903,test-903,initial,endpoint_only,17,204457719805577,1,1,9.836798599993926,9.523247026998433,-0.3135515729954932,0
initial/test-903,test-903,initial,endpoint_only,29,86170540996549,1,1,10.30710207701486,10.092201464009122,-0.2149006130057387,0
initial/test-903,test-903,initial,endpoint_only,43,274573670041778,1,1,10.106937337986892,10.054408716008766,-0.052528621978126466,0
initial/test-916,test-916,initial,delay1,17,197606502664414,0,0,25.73781625596166,10.706537469988689,-15.031278785972972,0
initial/test-916,test-916,initial,delay1,29,243019741006661,0,1,22.503256190990214,19.948875904025044,-2.55438028696517,-1
initial/test-916,test-916,initial,delay1,43,256121722431457,1,1,8.879883347006398,19.190034709026804,10.310151362020406,0
initial/test-916,test-916,initial,delay2,17,197606502664414,0,0,25.73781625596166,18.749848188017495,-6.987968067944166,0
initial/test-916,test-916,initial,delay2,29,243019741006661,0,1,22.503256190990214,11.739959436963545,-10.763296754026669,-1
initial/test-916,test-916,initial,delay2,43,256121722431457,1,1,8.879883347006398,6.263362273020903,-2.6165210739854956,0
initial/test-916,test-916,initial,endpoint_only,17,197606502664414,0,0,25.73781625596166,54.17454343198915,28.43672717602749,0
initial/test-916,test-916,initial,endpoint_only,29,243019741006661,0,0,22.503256190990214,11.50908759603044,-10.994168594959774,0
initial/test-916,test-916,initial,endpoint_only,43,256121722431457,1,1,8.879883347006398,5.866517454007408,-3.0133658929989906,0
initial/test-979,test-979,initial,delay1,17,187877558513368,0,0,44.20897304195387,20.846579037970514,-23.362394003983354,0
initial/test-979,test-979,initial,delay1,29,235815664254871,0,0,48.23665638602688,12.656112600001507,-35.58054378602537,0
initial/test-979,test-979,initial,delay1,43,242069804475824,0,0,48.19858604799083,17.32914020397584,-30.86944584401499,0
initial/test-979,test-979,initial,delay2,17,187877558513368,0,0,44.20897304195387,14.346074321991182,-29.862898719962686,0
initial/test-979,test-979,initial,delay2,29,235815664254871,0,0,48.23665638602688,27.337808811062132,-20.898847574964748,0
initial/test-979,test-979,initial,delay2,43,242069804475824,0,0,48.19858604799083,19.91581517099985,-28.28277087699098,0
initial/test-979,test-979,initial,endpoint_only,17,187877558513368,0,0,44.20897304195387,40.67410263197962,-3.5348704099742463,0
initial/test-979,test-979,initial,endpoint_only,29,235815664254871,0,1,48.23665638602688,43.44534139097959,-4.791314995047287,-1
initial/test-979,test-979,initial,endpoint_only,43,242069804475824,0,0,48.19858604799083,53.067736697004875,4.8691506490140455,0
initial/test-984,test-984,initial,delay1,17,185333928199608,0,0,27.708323104016017,17.224773785026628,-10.48354931898939,0
initial/test-984,test-984,initial,delay1,29,202335368019452,0,0,34.18980091006961,27.78915988400695,-6.400641026062658,0
initial/test-984,test-984,initial,delay1,43,111915910159225,0,0,30.524500846033334,15.615706107972073,-14.90879473806126,0
initial/test-984,test-984,initial,delay2,17,185333928199608,0,0,27.708323104016017,33.40195557002153,5.693632466005511,0
initial/test-984,test-984,initial,delay2,29,202335368019452,0,0,34.18980091006961,50.40638040196791,16.2165794918983,0
initial/test-984,test-984,initial,delay2,43,111915910159225,0,0,30.524500846033334,51.36422183501418,20.839720988980844,0
initial/test-984,test-984,initial,endpoint_only,17,185333928199608,0,0,27.708323104016017,45.99321431100543,18.284891206989414,0
initial/test-984,test-984,initial,endpoint_only,29,202335368019452,0,0,34.18980091006961,17.66197839900269,-16.527822511066915,0
initial/test-984,test-984,initial,endpoint_only,43,111915910159225,0,0,30.524500846033334,50.76242755600833,20.237926709975,0
