snapshot_id,question_id,group,comparison,delta_T_mean,delta_T_sd,delta_T_min,delta_T_max,delta_q_mean,delta_q_sd,delta_q_min,delta_q_max,positive_T_seeds,negative_T_seeds,nonzero_q_seeds
historical_pass/test-135,test-135,historical_pass,delay1,0.6922648203374896,4.976042659849941,-4.835778022024897,4.8133261460170615,0,0.0,0,0,2,1,0
historical_pass/test-135,test-135,historical_pass,delay2,-0.7660679943364812,4.91153711605494,-4.841763633012306,4.687145931005944,0,0.0,0,0,1,2,0
historical_pass/test-135,test-135,historical_pass,endpoint_only,3.346964891330572,7.434778711043692,-4.841730356027256,9.673998586004018,0,0.0,0,0,2,1,0
historical_pass/test-159,test-159,historical_pass,delay1,1.7071299516537692,2.8846658583146656,-0.05627302496577613,5.0360961519763805,0,0.0,0,0,2,1,0
historical_pass/test-159,test-159,historical_pass,delay2,1.655898692328871,2.8439145668686763,0.00404022098518908,4.939748340999358,0,0.0,0,0,3,0,0
historical_pass/test-159,test-159,historical_pass,endpoint_only,1.5197460086540862,2.9225877706886974,-0.18522446301358286,4.894398178978008,0,0.0,0,0,1,2,0
historical_pass/test-210,test-210,historical_pass,delay1,-0.866805665641247,0.5789760583119238,-1.2267416969698388,-0.19893620899529196,-0.3333333333333333,0.5773502691896257,-1,0,0,3,1
historical_pass/test-210,test-210,historical_pass,delay2,2.168120609348989,5.822599710002059,-3.1212051430047723,8.407215596031165,-0.3333333333333333,0.5773502691896257,-1,0,2,1,1
historical_pass/test-210,test-210,historical_pass,endpoint_only,4.272683162348888,8.674278399262885,-1.1743443769373698,14.27565597697685,0,0.0,0,0,1,2,0
historical_pass/test-365,test-365,historical_pass,delay1,-0.1834085506707197,0.053346186581407044,-0.24471241401624866,-0.14754194000852294,0,0.0,0,0,0,3,0
historical_pass/test-365,test-365,historical_pass,delay2,-0.19948138733161613,0.04124029757695459,-0.2406004340009531,-0.1581208989955485,0,0.0,0,0,0,3,0
historical_pass/test-365,test-365,historical_pass,endpoint_only,-0.18158641399835082,0.04594950516741583,-0.23193429899401963,-0.14191506199131254,0,0.0,0,0,0,3,0
historical_pass/test-392,test-392,historical_pass,delay1,-0.042973130005217776,0.034833997675773776,-0.08313172298949212,-0.02092585200443864,0,0.0,0,0,0,3,0
historical_pass/test-392,test-392,historical_pass,delay2,0.18566401799519858,0.43284521821464866,-0.17447158198046964,0.665868028983823,0,0.0,0,0,2,1,0
historical_pass/test-392,test-392,historical_pass,endpoint_only,0.17178513932837328,0.337052965992385,-0.20177288200648036,0.4531448319903575,0,0.0,0,0,2,1,0
historical_pass/test-450,test-450,historical_pass,delay1,5.394588527332719,4.392062311992033,0.413324253007886,8.71012431003328,0,1.0,-1,1,3,0,2
historical_pass/test-450,test-450,historical_pass,delay2,2.8276738503336674,5.855767275545018,-1.0887009350408334,9.559383715022705,0.3333333333333333,0.5773502691896257,0,1,2,1,1
historical_pass/test-450,test-450,historical_pass,endpoint_only,7.874949949677102,8.948674285430261,-0.2081836979923537,17.491100550992996,0,0.0,0,0,2,1,0
historical_pass/test-518,test-518,historical_pass,delay1,-0.0017310106680573274,0.015784243843133514,-0.0196226830012165,0.010224543017102405,0,0.0,0,0,2,1,0
historical_pass/test-518,test-518,historical_pass,delay2,-0.30839792200519395,0.07538261463329449,-0.3937092090200167,-0.2507747529889457,0,0.0,0,0,0,3,0
historical_pass/test-518,test-518,historical_pass,endpoint_only,-0.28623362100915983,0.055529020956078055,-0.35030505001486745,-0.25205054598336574,0,0.0,0,0,0,3,0
historical_pass/test-80,test-80,historical_pass,delay1,-0.2901562640084497,0.02211648973747343,-0.3145822340302402,-0.27148819497961085,0,0.0,0,0,0,3,0
historical_pass/test-80,test-80,historical_pass,delay2,-0.2869530546789368,0.033138087812783566,-0.323658431036165,-0.25923717400291935,0,0.0,0,0,0,3,0
historical_pass/test-80,test-80,historical_pass,endpoint_only,-0.2923243746869654,0.025599003989442187,-0.3201794360356871,-0.26983059202029835,0,0.0,0,0,0,3,0
historical_pass/test-903,test-903,historical_pass,delay1,-0.07068471000820864,0.08041881446937663,-0.15700950898462906,0.0021122559846844524,0,0.0,0,0,1,2,0
historical_pass/test-903,test-903,historical_pass,delay2,-0.41114337101074244,0.1394138599778583,-0.5720403140003327,-0.32618328601529356,0,0.0,0,0,0,3,0
historical_pass/test-903,test-903,historical_pass,endpoint_only,-0.11745937700228144,0.4358338103154933,-0.3919619699881878,0.3850827009882778,0,0.0,0,0,1,2,0
historical_pass/test-916,test-916,historical_pass,delay1,4.439937831329492,3.0615432671266416,1.7649856149946572,7.779043314963928,0.6666666666666666,0.5773502691896257,0,1,3,0,2
historical_pass/test-916,test-916,historical_pass,delay2,6.951248058321653,3.9833671254890834,4.575787607027451,11.55000516596192,0.3333333333333333,1.1547005383792515,-1,1,3,0,3
historical_pass/test-916,test-916,historical_pass,endpoint_only,11.113168979005422,9.133756251969041,2.3408275830443017,20.569844887999352,0,1.0,-1,1,3,0,2
historical_pass/test-979,test-979,historical_pass,delay1,1.3757451956917066,3.586090547276472,-1.7554995919635985,5.28796618602064,0,0.0,0,0,2,1,0
historical_pass/test-979,test-979,historical_pass,delay2,6.934682339032103,3.109545979548277,3.968211487052031,10.169863600996905,0,0.0,0,0,3,0,0
historical_pass/test-979,test-979,historical_pass,endpoint_only,3.9461499380073897,14.32774907823727,-12.44593800198345,14.081003690997022,0,0.0,0,0,2,1,0
historical_pass/test-984,test-984,historical_pass,delay1,3.3968592679836243,3.949415710356807,0.9935214569850359,7.954993572959211,0,0.0,0,0,3,0,0
historical_pass/test-984,test-984,historical_pass,delay2,3.3201571166622066,4.104299687248946,0.5543882039637538,8.035933360020863,0,0.0,0,0,3,0,0
historical_pass/test-984,test-984,historical_pass,endpoint_only,10.166384206648218,17.022435349361505,-0.5522086569981184,29.794427271961467,0,0.0,0,0,2,1,0
initial/test-1149,test-1149,initial,delay1,-0.1436161499877926,0.14468222943027964,-0.30084901496593375,-0.01609862199984491,0,0.0,0,0,0,3,0
initial/test-1149,test-1149,initial,delay2,-0.14298259833594784,0.14518543155210112,-0.22718130801513325,0.024662535011884756,0,0.0,0,0,1,2,0
initial/test-1149,test-1149,initial,endpoint_only,-0.1790556639947075,0.04686051546650639,-0.2077256339835003,-0.1249786039988976,0,0.0,0,0,0,3,0
initial/test-1155,test-1155,initial,delay1,-0.17062830366194248,0.030491488831811957,-0.20553324901266024,-0.149180272986996,0,0.0,0,0,0,3,0
initial/test-1155,test-1155,initial,delay2,-0.18164946632653786,0.04781911220879744,-0.2260729939880548,-0.13103734800824896,0,0.0,0,0,0,3,0
initial/test-1155,test-1155,initial,endpoint_only,-0.17799534999358002,0.04788511358501572,-0.2332609790028073,-0.14885694898839574,0,0.0,0,0,0,3,0
initial/test-135,test-135,initial,delay1,-7.579945799002114,3.2075745878048973,-11.190604997987975,-5.059850610021385,-1,0.0,-1,-1,0,3,3
initial/test-135,test-135,initial,delay2,-7.6301155143495025,3.2043573421250593,-11.248632297007134,-5.151784484027303,-1,0.0,-1,-1,0,3,3
initial/test-135,test-135,initial,endpoint_only,-7.662548483029241,3.1617716642559186,-11.236931590057793,-5.231432159038377,-1,0.0,-1,-1,0,3,3
initial/test-159,test-159,initial,delay1,-1.9169754700075525,3.0659759224711824,-5.456954799039522,-0.10675994698249269,0,0.0,0,0,0,3,0
initial/test-159,test-159,initial,delay2,-2.0325468463561265,3.0243866830248405,-5.518756444056635,-0.11147635099769104,0,0.0,0,0,0,3,0
initial/test-159,test-159,initial,endpoint_only,-1.206584698035537,1.5304933565247396,-2.9737657760706497,-0.3083930480206618,0,0.0,0,0,0,3,0
initial/test-179,test-179,initial,delay1,0.009021994662665142,0.01818891178122929,-0.011958208022406325,0.020354612031951547,0,0.0,0,0,2,1,0
initial/test-179,test-179,initial,delay2,-0.1894416683256471,0.02569238806739124,-0.20697325296350755,-0.1599495290138293,0,0.0,0,0,0,3,0
initial/test-179,test-179,initial,endpoint_only,-0.1933652956649894,0.05339844822717071,-0.24917557297158055,-0.14275984901178163,0,0.0,0,0,0,3,0
initial/test-208,test-208,initial,delay1,0.05414726866486793,0.077246032065507,0.0003579640033422038,0.14266158099053428,0,0.0,0,0,3,0,0
initial/test-208,test-208,initial,delay2,-0.17469263099095164,0.10057604978671392,-0.27810516800673213,-0.0772159879852552,0,0.0,0,0,0,3,0
initial/test-208,test-208,initial,endpoint_only,-0.17977689099886143,0.03959392879189199,-0.21931786999630276,-0.14013022399740294,0,0.0,0,0,0,3,0
initial/test-210,test-210,initial,delay1,-9.868440007684208,14.130023280280666,-26.183344117031083,-1.5513451379956678,0.3333333333333333,0.5773502691896257,0,1,0,3,1
initial/test-210,test-210,initial,delay2,-1.290162585991008,11.57433467472475,-14.652543559015612,5.615313903981587,0,1.0,-1,1,2,1,2
initial/test-210,test-210,initial,endpoint_only,-0.3755594733277879,20.73857671507178,-21.087008600021363,20.390038791039842,0.3333333333333333,0.5773502691896257,0,1,1,2,1
initial/test-23,test-23,initial,delay1,-0.3885752183268778,0.5326346783372181,-0.9986486489797244,-0.016029189006076194,0,0.0,0,0,0,3,0
initial/test-23,test-23,initial,delay2,-0.13054926864667019,0.04447200702070612,-0.15832010698795784,-0.07925603195326403,0,0.0,0,0,0,3,0
initial/test-23,test-23,initial,endpoint_only,-0.16905221330428807,0.05683255350521166,-0.23403753897582646,-0.12864628796523903,0,0.0,0,0,0,3,0
initial/test-365,test-365,initial,delay1,-1.3664035913388943,2.2573650901133857,-3.9729523889836855,-0.05196343302668538,-0.3333333333333333,0.5773502691896257,-1,0,0,3,1
initial/test-365,test-365,initial,delay2,-2.3606254256689376,3.710354624243805,-6.64487395901233,-0.19315720397571567,-0.3333333333333333,0.5773502691896257,-1,0,0,3,1
initial/test-365,test-365,initial,endpoint_only,-2.3007466936784717,3.725915610039697,-6.602012706032838,-0.06777201298973523,-0.3333333333333333,0.5773502691896257,-1,0,0,3,1
initial/test-392,test-392,initial,delay1,-11.051487327674598,13.61824639029341,-26.406428084985237,-0.4370149910100736,-0.3333333333333333,0.5773502691896257,-1,0,0,3,1
initial/test-392,test-392,initial,delay2,-7.247508626329363,16.76025666716296,-26.388638250995427,4.796731804992305,-0.3333333333333333,0.5773502691896257,-1,0,1,2,1
initial/test-392,test-392,initial,endpoint_only,-6.488000634339794,15.20603774131878,-23.78471541898034,4.775949813963962,0,1.0,-1,1,1,2,2
initial/test-42,test-42,initial,delay1,-0.07671144533863601,0.14648167543569648,-0.24053396300587337,0.041648658021586016,0,0.0,0,0,1,2,0
initial/test-42,test-42,initial,delay2,-0.21531500666363476,0.04504290007179644,-0.26091831499070395,-0.17085425397090148,0,0.0,0,0,0,3,0
initial/test-42,test-42,initial,endpoint_only,-0.2111793200019747,0.0734119402520548,-0.27951134099566843,-0.13356950497836806,0,0.0,0,0,0,3,0
initial/test-450,test-450,initial,delay1,-8.748001067331643,15.010945212492224,-23.11778246999893,6.830965700020897,0.3333333333333333,0.5773502691896257,0,1,1,2,1
initial/test-450,test-450,initial,delay2,-4.803940459998557,15.187993508414875,-17.44582029200683,12.043741713059717,0,0.0,0,0,1,2,0
initial/test-450,test-450,initial,endpoint_only,2.389654374332167,12.114454762337415,-5.408389452975825,16.346156018975307,0.3333333333333333,0.5773502691896257,0,1,1,2,1
initial/test-489,test-489,initial,delay1,-0.73098674666835,1.257925606437404,-2.182587171002524,0.03974660900712479,0,0.0,0,0,1,2,0
initial/test-489,test-489,initial,delay2,1.9050094080060564,3.479803067686673,-0.24539579001429956,5.919743858030415,0,0.0,0,0,2,1,0
initial/test-489,test-489,initial,endpoint_only,1.3668280030008948,2.699950553467856,-0.218807312019635,4.484307674007141,0,0.0,0,0,1,2,0
initial/test-518,test-518,initial,delay1,0.010265850670596896,0.2992777350538537,-0.19785146102367435,0.3532440560084069,0,0.0,0,0,1,2,0
initial/test-518,test-518,initial,delay2,-0.040556960991428546,0.14443201856057925,-0.1464936400006991,0.12396259103843477,0,0.0,0,0,1,2,0
initial/test-518,test-518,initial,endpoint_only,-0.3079315796640003,0.142055687988345,-0.4404055720078759,-0.1579222759901313,0,0.0,0,0,0,3,0
initial/test-788,test-788,initial,delay1,4.014743684320517,5.450097755723547,-2.114223186057643,8.316316192009253,0,0.0,0,0,2,1,0
initial/test-788,test-788,initial,delay2,4.2618666303606005,3.9319156696828115,0.44898371200542897,8.30288151804416,-0.3333333333333333,0.5773502691896257,-1,0,3,0,1
initial/test-788,test-788,initial,endpoint_only,4.252944010639719,4.034873857921347,0.34340821095975116,8.4024452479498,-0.3333333333333333,0.5773502691896257,-1,0,3,0,1
initial/test-80,test-80,initial,delay1,0.34695528632437345,0.47529863259621297,0.04943997800000943,0.8951153329835506,0,0.0,0,0,3,0,0
initial/test-80,test-80,initial,delay2,-0.022280284683802165,0.061344840574241846,-0.08407434700347949,0.03860524196352344,0,0.0,0,0,1,2,0
initial/test-80,test-80,initial,endpoint_only,-0.09602412067761179,0.02123828981150266,-0.11435745301423594,-0.07275136900716461,0,0.0,0,0,0,3,0
initial/test-903,test-903,initial,delay1,0.058437147347528175,0.028759518647559434,0.028025866049574688,0.08519594298559241,0,0.0,0,0,3,0,0
initial/test-903,test-903,initial,delay2,0.0802687763304372,0.11909220749746643,-0.043043204976129346,0.19463691298733465,0,0.0,0,0,2,1,0
initial/test-903,test-903,initial,endpoint_only,-0.19366026932645278,0.13180140131714949,-0.3135515729954932,-0.052528621978126466,0,0.0,0,0,0,3,0
initial/test-916,test-916,initial,delay1,-2.425169236972579,12.671209180973499,-15.031278785972972,10.310151362020406,-0.3333333333333333,0.5773502691896257,-1,0,1,2,1
initial/test-916,test-916,initial,delay2,-6.789261965318777,4.077021165218916,-10.763296754026669,-2.6165210739854956,-0.3333333333333333,0.5773502691896257,-1,0,0,3,1
initial/test-916,test-916,initial,endpoint_only,4.809730896022908,20.847050579240673,-10.994168594959774,28.43672717602749,0,0.0,0,0,1,2,0
initial/test-979,test-979,initial,delay1,-29.93746121134124,6.16216216443209,-35.58054378602537,-23.362394003983354,0,0.0,0,0,0,3,0
initial/test-979,test-979,initial,delay2,-26.348172390639473,4.7849301677328455,-29.862898719962686,-20.898847574964748,0,0.0,0,0,0,3,0
initial/test-979,test-979,initial,endpoint_only,-1.1523449186691626,5.2524727417247234,-4.791314995047287,4.8691506490140455,-0.3333333333333333,0.5773502691896257,-1,0,1,2,1
initial/test-984,test-984,initial,delay1,-10.597661694371103,4.255224567800194,-14.90879473806126,-6.400641026062658,0,0.0,0,0,0,3,0
initial/test-984,test-984,initial,delay2,14.249977648961552,7.762193085264817,5.693632466005511,20.839720988980844,0,0.0,0,0,3,0,0
initial/test-984,test-984,initial,endpoint_only,7.331665135299166,20.685984385068608,-16.527822511066915,20.237926709975,0,0.0,0,0,2,1,0
