snapshot_id,question_id,group,lambda,held_17,held_29,held_43,unique_actions,all_equal,pairwise_agreement
historical_pass/test-135,test-135,historical_pass,0,now,now,now,1,True,1.0
historical_pass/test-135,test-135,historical_pass,0.05,delay2,delay2,now,2,False,0.3333333333333333
historical_pass/test-135,test-135,historical_pass,0.1,delay2,delay2,now,2,False,0.3333333333333333
historical_pass/test-135,test-135,historical_pass,0.2,delay2,delay2,now,2,False,0.3333333333333333
historical_pass/test-135,test-135,historical_pass,0.5,delay2,delay2,now,2,False,0.3333333333333333
historical_pass/test-135,test-135,historical_pass,1,delay2,delay2,now,2,False,0.3333333333333333
historical_pass/test-159,test-159,historical_pass,0,now,now,now,1,True,1.0
historical_pass/test-159,test-159,historical_pass,0.05,now,endpoint_only,now,2,False,0.3333333333333333
historical_pass/test-159,test-159,historical_pass,0.1,now,endpoint_only,now,2,False,0.3333333333333333
historical_pass/test-159,test-159,historical_pass,0.2,now,endpoint_only,now,2,False,0.3333333333333333
historical_pass/test-159,test-159,historical_pass,0.5,now,endpoint_only,now,2,False,0.3333333333333333
historical_pass/test-159,test-159,historical_pass,1,now,endpoint_only,now,2,False,0.3333333333333333
historical_pass/test-210,test-210,historical_pass,0,delay1,delay1,now,2,False,0.3333333333333333
historical_pass/test-210,test-210,historical_pass,0.05,delay1,delay1,delay1,1,True,1.0
historical_pass/test-210,test-210,historical_pass,0.1,delay1,delay1,delay1,1,True,1.0
historical_pass/test-210,test-210,historical_pass,0.2,delay1,delay1,delay1,1,True,1.0
historical_pass/test-210,test-210,historical_pass,0.5,delay1,delay1,delay1,1,True,1.0
historical_pass/test-210,test-210,historical_pass,1,delay1,delay1,delay1,1,True,1.0
historical_pass/test-365,test-365,historical_pass,0,now,now,now,1,True,1.0
historical_pass/test-365,test-365,historical_pass,0.05,delay2,delay1,delay2,2,False,0.3333333333333333
historical_pass/test-365,test-365,historical_pass,0.1,delay2,delay1,delay2,2,False,0.3333333333333333
historical_pass/test-365,test-365,historical_pass,0.2,delay2,delay1,delay2,2,False,0.3333333333333333
historical_pass/test-365,test-365,historical_pass,0.5,delay2,delay1,delay2,2,False,0.3333333333333333
historical_pass/test-365,test-365,historical_pass,1,delay2,delay1,delay2,2,False,0.3333333333333333
historical_pass/test-392,test-392,historical_pass,0,now,now,now,1,True,1.0
historical_pass/test-392,test-392,historical_pass,0.05,delay2,delay1,delay1,2,False,0.3333333333333333
historical_pass/test-392,test-392,historical_pass,0.1,delay2,delay1,delay1,2,False,0.3333333333333333
historical_pass/test-392,test-392,historical_pass,0.2,delay2,delay1,delay1,2,False,0.3333333333333333
historical_pass/test-392,test-392,historical_pass,0.5,delay2,delay1,delay1,2,False,0.3333333333333333
historical_pass/test-392,test-392,historical_pass,1,delay2,delay1,delay1,2,False,0.3333333333333333
historical_pass/test-450,test-450,historical_pass,0,now,delay1,now,2,False,0.3333333333333333
historical_pass/test-450,test-450,historical_pass,0.05,now,delay1,now,2,False,0.3333333333333333
historical_pass/test-450,test-450,historical_pass,0.1,now,delay1,now,2,False,0.3333333333333333
historical_pass/test-450,test-450,historical_pass,0.2,now,delay1,now,2,False,0.3333333333333333
historical_pass/test-450,test-450,historical_pass,0.5,now,delay1,now,2,False,0.3333333333333333
historical_pass/test-450,test-450,historical_pass,1,now,delay2,now,2,False,0.3333333333333333
historical_pass/test-518,test-518,historical_pass,0,now,now,now,1,True,1.0
historical_pass/test-518,test-518,historical_pass,0.05,delay2,delay2,delay2,1,True,1.0
historical_pass/test-518,test-518,historical_pass,0.1,delay2,delay2,delay2,1,True,1.0
historical_pass/test-518,test-518,historical_pass,0.2,delay2,delay2,delay2,1,True,1.0
historical_pass/test-518,test-518,historical_pass,0.5,delay2,delay2,delay2,1,True,1.0
historical_pass/test-518,test-518,historical_pass,1,delay2,delay2,delay2,1,True,1.0
historical_pass/test-80,test-80,historical_pass,0,now,now,now,1,True,1.0
historical_pass/test-80,test-80,historical_pass,0.05,delay2,endpoint_only,endpoint_only,2,False,0.3333333333333333
historical_pass/test-80,test-80,historical_pass,0.1,delay2,endpoint_only,endpoint_only,2,False,0.3333333333333333
historical_pass/test-80,test-80,historical_pass,0.2,delay2,endpoint_only,endpoint_only,2,False,0.3333333333333333
historical_pass/test-80,test-80,historical_pass,0.5,delay2,endpoint_only,endpoint_only,2,False,0.3333333333333333
historical_pass/test-80,test-80,historical_pass,1,delay2,endpoint_only,endpoint_only,2,False,0.3333333333333333
historical_pass/test-903,test-903,historical_pass,0,now,now,now,1,True,1.0
historical_pass/test-903,test-903,historical_pass,0.05,delay2,delay2,delay2,1,True,1.0
historical_pass/test-903,test-903,historical_pass,0.1,delay2,delay2,delay2,1,True,1.0
historical_pass/test-903,test-903,historical_pass,0.2,delay2,delay2,delay2,1,True,1.0
historical_pass/test-903,test-903,historical_pass,0.5,delay2,delay2,delay2,1,True,1.0
historical_pass/test-903,test-903,historical_pass,1,delay2,delay2,delay2,1,True,1.0
historical_pass/test-916,test-916,historical_pass,0,now,endpoint_only,now,2,False,0.3333333333333333
historical_pass/test-916,test-916,historical_pass,0.05,now,endpoint_only,now,2,False,0.3333333333333333
historical_pass/test-916,test-916,historical_pass,0.1,now,endpoint_only,now,2,False,0.3333333333333333
historical_pass/test-916,test-916,historical_pass,0.2,now,endpoint_only,now,2,False,0.3333333333333333
historical_pass/test-916,test-916,historical_pass,0.5,now,endpoint_only,now,2,False,0.3333333333333333
historical_pass/test-916,test-916,historical_pass,1,now,now,now,1,True,1.0
historical_pass/test-979,test-979,historical_pass,0,now,now,now,1,True,1.0
historical_pass/test-979,test-979,historical_pass,0.05,endpoint_only,delay1,now,3,False,0.0
historical_pass/test-979,test-979,historical_pass,0.1,endpoint_only,delay1,now,3,False,0.0
historical_pass/test-979,test-979,historical_pass,0.2,endpoint_only,delay1,now,3,False,0.0
historical_pass/test-979,test-979,historical_pass,0.5,endpoint_only,delay1,now,3,False,0.0
historical_pass/test-979,test-979,historical_pass,1,endpoint_only,delay1,now,3,False,0.0
historical_pass/test-984,test-984,historical_pass,0,now,now,now,1,True,1.0
historical_pass/test-984,test-984,historical_pass,0.05,now,now,now,1,True,1.0
historical_pass/test-984,test-984,historical_pass,0.1,now,now,now,1,True,1.0
historical_pass/test-984,test-984,historical_pass,0.2,now,now,now,1,True,1.0
historical_pass/test-984,test-984,historical_pass,0.5,now,now,now,1,True,1.0
historical_pass/test-984,test-984,historical_pass,1,now,now,now,1,True,1.0
initial/test-1149,test-1149,initial,0,now,now,now,1,True,1.0
initial/test-1149,test-1149,initial,0.05,endpoint_only,delay2,delay1,3,False,0.0
initial/test-1149,test-1149,initial,0.1,endpoint_only,delay2,delay1,3,False,0.0
initial/test-1149,test-1149,initial,0.2,endpoint_only,delay2,delay1,3,False,0.0
initial/test-1149,test-1149,initial,0.5,endpoint_only,delay2,delay1,3,False,0.0
initial/test-1149,test-1149,initial,1,endpoint_only,delay2,delay1,3,False,0.0
initial/test-1155,test-1155,initial,0,now,now,now,1,True,1.0
initial/test-1155,test-1155,initial,0.05,delay2,delay2,endpoint_only,2,False,0.3333333333333333
initial/test-1155,test-1155,initial,0.1,delay2,delay2,endpoint_only,2,False,0.3333333333333333
initial/test-1155,test-1155,initial,0.2,delay2,delay2,endpoint_only,2,False,0.3333333333333333
initial/test-1155,test-1155,initial,0.5,delay2,delay2,endpoint_only,2,False,0.3333333333333333
initial/test-1155,test-1155,initial,1,delay2,delay2,endpoint_only,2,False,0.3333333333333333
initial/test-135,test-135,initial,0,delay1,delay1,delay1,1,True,1.0
initial/test-135,test-135,initial,0.05,endpoint_only,endpoint_only,endpoint_only,1,True,1.0
initial/test-135,test-135,initial,0.1,endpoint_only,endpoint_only,endpoint_only,1,True,1.0
initial/test-135,test-135,initial,0.2,endpoint_only,endpoint_only,endpoint_only,1,True,1.0
initial/test-135,test-135,initial,0.5,endpoint_only,endpoint_only,endpoint_only,1,True,1.0
initial/test-135,test-135,initial,1,endpoint_only,endpoint_only,endpoint_only,1,True,1.0
initial/test-159,test-159,initial,0,now,now,now,1,True,1.0
initial/test-159,test-159,initial,0.05,delay2,delay2,endpoint_only,2,False,0.3333333333333333
initial/test-159,test-159,initial,0.1,delay2,delay2,endpoint_only,2,False,0.3333333333333333
initial/test-159,test-159,initial,0.2,delay2,delay2,endpoint_only,2,False,0.3333333333333333
initial/test-159,test-159,initial,0.5,delay2,delay2,endpoint_only,2,False,0.3333333333333333
initial/test-159,test-159,initial,1,delay2,delay2,endpoint_only,2,False,0.3333333333333333
initial/test-179,test-179,initial,0,now,now,now,1,True,1.0
initial/test-179,test-179,initial,0.05,endpoint_only,delay2,endpoint_only,2,False,0.3333333333333333
initial/test-179,test-179,initial,0.1,endpoint_only,delay2,endpoint_only,2,False,0.3333333333333333
initial/test-179,test-179,initial,0.2,endpoint_only,delay2,endpoint_only,2,False,0.3333333333333333
initial/test-179,test-179,initial,0.5,endpoint_only,delay2,endpoint_only,2,False,0.3333333333333333
initial/test-179,test-179,initial,1,endpoint_only,delay2,endpoint_only,2,False,0.3333333333333333
initial/test-208,test-208,initial,0,now,now,now,1,True,1.0
initial/test-208,test-208,initial,0.05,endpoint_only,endpoint_only,delay2,2,False,0.3333333333333333
initial/test-208,test-208,initial,0.1,endpoint_only,endpoint_only,delay2,2,False,0.3333333333333333
initial/test-208,test-208,initial,0.2,endpoint_only,endpoint_only,delay2,2,False,0.3333333333333333
initial/test-208,test-208,initial,0.5,endpoint_only,endpoint_only,delay2,2,False,0.3333333333333333
initial/test-208,test-208,initial,1,endpoint_only,endpoint_only,delay2,2,False,0.3333333333333333
initial/test-210,test-210,initial,0,delay2,now,now,2,False,0.3333333333333333
initial/test-210,test-210,initial,0.05,delay2,delay2,now,2,False,0.3333333333333333
initial/test-210,test-210,initial,0.1,delay2,delay2,now,2,False,0.3333333333333333
initial/test-210,test-210,initial,0.2,delay2,delay2,now,2,False,0.3333333333333333
initial/test-210,test-210,initial,0.5,delay1,delay1,now,2,False,0.3333333333333333
initial/test-210,test-210,initial,1,delay1,delay1,now,2,False,0.3333333333333333
initial/test-23,test-23,initial,0,now,now,now,1,True,1.0
initial/test-23,test-23,initial,0.05,delay1,delay2,delay1,2,False,0.3333333333333333
initial/test-23,test-23,initial,0.1,delay1,delay2,delay1,2,False,0.3333333333333333
initial/test-23,test-23,initial,0.2,delay1,delay2,delay1,2,False,0.3333333333333333
initial/test-23,test-23,initial,0.5,delay1,delay2,delay1,2,False,0.3333333333333333
initial/test-23,test-23,initial,1,delay1,delay2,delay1,2,False,0.3333333333333333
initial/test-365,test-365,initial,0,now,delay1,delay1,2,False,0.3333333333333333
initial/test-365,test-365,initial,0.05,delay2,delay2,delay2,1,True,1.0
initial/test-365,test-365,initial,0.1,delay2,delay2,delay2,1,True,1.0
initial/test-365,test-365,initial,0.2,delay2,delay2,delay2,1,True,1.0
initial/test-365,test-365,initial,0.5,delay2,delay2,delay2,1,True,1.0
initial/test-365,test-365,initial,1,delay2,delay2,delay2,1,True,1.0
initial/test-392,test-392,initial,0,delay1,delay1,now,2,False,0.3333333333333333
initial/test-392,test-392,initial,0.05,delay1,delay1,delay1,1,True,1.0
initial/test-392,test-392,initial,0.1,delay1,delay1,delay1,1,True,1.0
initial/test-392,test-392,initial,0.2,delay1,delay1,delay1,1,True,1.0
initial/test-392,test-392,initial,0.5,delay1,delay1,delay1,1,True,1.0
initial/test-392,test-392,initial,1,delay1,delay1,delay1,1,True,1.0
initial/test-42,test-42,initial,0,now,now,now,1,True,1.0
initial/test-42,test-42,initial,0.05,endpoint_only,delay2,delay2,2,False,0.3333333333333333
initial/test-42,test-42,initial,0.1,endpoint_only,delay2,delay2,2,False,0.3333333333333333
initial/test-42,test-42,initial,0.2,endpoint_only,delay2,delay2,2,False,0.3333333333333333
initial/test-42,test-42,initial,0.5,endpoint_only,delay2,delay2,2,False,0.3333333333333333
initial/test-42,test-42,initial,1,endpoint_only,delay2,delay2,2,False,0.3333333333333333
initial/test-450,test-450,initial,0,now,now,now,1,True,1.0
initial/test-450,test-450,initial,0.05,delay2,now,delay1,3,False,0.0
initial/test-450,test-450,initial,0.1,delay2,now,delay1,3,False,0.0
initial/test-450,test-450,initial,0.2,delay2,now,delay1,3,False,0.0
initial/test-450,test-450,initial,0.5,delay2,now,delay1,3,False,0.0
initial/test-450,test-450,initial,1,delay2,now,delay1,3,False,0.0
initial/test-489,test-489,initial,0,now,now,now,1,True,1.0
initial/test-489,test-489,initial,0.05,endpoint_only,delay1,delay1,2,False,0.3333333333333333
initial/test-489,test-489,initial,0.1,endpoint_only,delay1,delay1,2,False,0.3333333333333333
initial/test-489,test-489,initial,0.2,endpoint_only,delay1,delay1,2,False,0.3333333333333333
initial/test-489,test-489,initial,0.5,endpoint_only,delay1,delay1,2,False,0.3333333333333333
initial/test-489,test-489,initial,1,endpoint_only,delay1,delay1,2,False,0.3333333333333333
initial/test-518,test-518,initial,0,now,now,now,1,True,1.0
initial/test-518,test-518,initial,0.05,endpoint_only,endpoint_only,endpoint_only,1,True,1.0
initial/test-518,test-518,initial,0.1,endpoint_only,endpoint_only,endpoint_only,1,True,1.0
initial/test-518,test-518,initial,0.2,endpoint_only,endpoint_only,endpoint_only,1,True,1.0
initial/test-518,test-518,initial,0.5,endpoint_only,endpoint_only,endpoint_only,1,True,1.0
initial/test-518,test-518,initial,1,endpoint_only,endpoint_only,endpoint_only,1,True,1.0
initial/test-788,test-788,initial,0,now,delay2,delay2,2,False,0.3333333333333333
initial/test-788,test-788,initial,0.05,now,endpoint_only,delay2,3,False,0.0
initial/test-788,test-788,initial,0.1,now,endpoint_only,delay2,3,False,0.0
initial/test-788,test-788,initial,0.2,now,endpoint_only,delay2,3,False,0.0
initial/test-788,test-788,initial,0.5,now,endpoint_only,delay2,3,False,0.0
initial/test-788,test-788,initial,1,now,endpoint_only,now,2,False,0.3333333333333333
initial/test-80,test-80,initial,0,now,now,now,1,True,1.0
initial/test-80,test-80,initial,0.05,endpoint_only,endpoint_only,endpoint_only,1,True,1.0
initial/test-80,test-80,initial,0.1,endpoint_only,endpoint_only,endpoint_only,1,True,1.0
initial/test-80,test-80,initial,0.2,endpoint_only,endpoint_only,endpoint_only,1,True,1.0
initial/test-80,test-80,initial,0.5,endpoint_only,endpoint_only,endpoint_only,1,True,1.0
initial/test-80,test-80,initial,1,endpoint_only,endpoint_only,endpoint_only,1,True,1.0
initial/test-903,test-903,initial,0,now,now,now,1,True,1.0
initial/test-903,test-903,initial,0.05,endpoint_only,endpoint_only,endpoint_only,1,True,1.0
initial/test-903,test-903,initial,0.1,endpoint_only,endpoint_only,endpoint_only,1,True,1.0
initial/test-903,test-903,initial,0.2,endpoint_only,endpoint_only,endpoint_only,1,True,1.0
initial/test-903,test-903,initial,0.5,endpoint_only,endpoint_only,endpoint_only,1,True,1.0
initial/test-903,test-903,initial,1,endpoint_only,endpoint_only,endpoint_only,1,True,1.0
initial/test-916,test-916,initial,0,delay1,now,delay1,2,False,0.3333333333333333
initial/test-916,test-916,initial,0.05,delay2,delay2,delay2,1,True,1.0
initial/test-916,test-916,initial,0.1,delay2,delay2,delay2,1,True,1.0
initial/test-916,test-916,initial,0.2,delay2,delay2,delay2,1,True,1.0
initial/test-916,test-916,initial,0.5,delay2,delay2,delay2,1,True,1.0
initial/test-916,test-916,initial,1,delay2,delay2,delay2,1,True,1.0
initial/test-979,test-979,initial,0,endpoint_only,now,endpoint_only,2,False,0.3333333333333333
initial/test-979,test-979,initial,0.05,endpoint_only,delay2,endpoint_only,2,False,0.3333333333333333
initial/test-979,test-979,initial,0.1,endpoint_only,delay2,endpoint_only,2,False,0.3333333333333333
initial/test-979,test-979,initial,0.2,delay1,delay2,delay1,2,False,0.3333333333333333
initial/test-979,test-979,initial,0.5,delay1,delay2,delay1,2,False,0.3333333333333333
initial/test-979,test-979,initial,1,delay1,delay2,delay1,2,False,0.3333333333333333
initial/test-984,test-984,initial,0,now,now,now,1,True,1.0
initial/test-984,test-984,initial,0.05,delay1,delay1,delay1,1,True,1.0
initial/test-984,test-984,initial,0.1,delay1,delay1,delay1,1,True,1.0
initial/test-984,test-984,initial,0.2,delay1,delay1,delay1,1,True,1.0
initial/test-984,test-984,initial,0.5,delay1,delay1,delay1,1,True,1.0
initial/test-984,test-984,initial,1,delay1,delay1,delay1,1,True,1.0
