evaluation_seed,lambda,snapshots,questions,reference,utility_gap_snapshot_weighted,question_cluster_ci,utility_gap_question_weighted,equal_question_cluster_ci
17,0,32,20,group-specific training-selected uniform actions,-0.0625,"[-0.16129032258064516, 0.0]",-0.075,"[-0.2, 0.0]"
17,0.05,32,20,group-specific training-selected uniform actions,-0.031876720100324676,"[-0.11309845709559409, 0.010843592308606226]",-0.04963597021542521,"[-0.15774142870053567, 0.008805577707838737]"
17,0.1,32,20,group-specific training-selected uniform actions,-0.03250344020064937,"[-0.116395120671935, 0.021687184617212446]",-0.04927194043085043,"[-0.16548285740107133, 0.017611155415677416]"
17,0.2,32,20,group-specific training-selected uniform actions,-0.020260445694048175,"[-0.050432745693496324, 0.008189926594335631]",-0.01631938508499381,"[-0.0466805441020188, 0.014093132672871399]"
17,0.5,32,20,group-specific training-selected uniform actions,-0.037103450608066406,"[-0.11480218299850099, 0.03236824649797781]",-0.029960331810841297,"[-0.10542335032575428, 0.04574693253703428]"
17,1,32,20,group-specific training-selected uniform actions,-0.07420690121613281,"[-0.22960436599700199, 0.0647364929959556]",-0.05992066362168259,"[-0.21084670065150857, 0.09149386507406856]"
29,0,32,20,group-specific training-selected uniform actions,-0.03125,"[-0.0967741935483871, 0.0]",-0.025,"[-0.075, 0.0]"
29,0.05,32,20,group-specific training-selected uniform actions,0.00038431266882510136,"[-0.01275903780578466, 0.0172312172584241]",0.00025040030505885205,"[-0.01037606266613697, 0.01415212604289502]"
29,0.1,32,20,group-specific training-selected uniform actions,0.0007686253376502027,"[-0.025518075611569328, 0.0344624345168482]",0.0005008006101177041,"[-0.020752125332273934, 0.028304252085790037]"
29,0.2,32,20,group-specific training-selected uniform actions,0.0015372506753003915,"[-0.05103615122313866, 0.06892486903369639]",0.0010016012202353972,"[-0.041504250664547875, 0.056608504171580074]"
29,0.5,32,20,group-specific training-selected uniform actions,-0.06678600116820654,"[-0.18566547794610044, 0.02608097111064767]",-0.054359573320382416,"[-0.15284918214202747, 0.01974644827782506]"
29,1,32,20,group-specific training-selected uniform actions,-0.022785117131373565,"[-0.31604317398608806, 0.2810951479203422]",-0.020089638476733212,"[-0.25347411980587525, 0.223202735734696]"
43,0,32,20,group-specific training-selected uniform actions,-0.0625,"[-0.15151515151515152, 0.0]",-0.05,"[-0.125, 0.0]"
43,0.05,32,20,group-specific training-selected uniform actions,-0.033480755421825006,"[-0.10418666206848848, 0.013183231937631339]",-0.02685040319401855,"[-0.08447553568108843, 0.010598408292375619]"
43,0.1,32,20,group-specific training-selected uniform actions,0.010707876667819331,"[-0.03728906732311305, 0.06365565310299395]",0.00781039702646025,"[-0.0308605723981311, 0.05169678724365017]"
43,0.2,32,20,group-specific training-selected uniform actions,0.018993869510021383,"[-0.005775238695277585, 0.0490066028812601]",0.013683286992426675,"[-0.007279916598644194, 0.039422510483807724]"
43,0.5,32,20,group-specific training-selected uniform actions,0.000609673775053467,"[-0.057533333798973234, 0.0662397352752542]",-0.0032917825189333065,"[-0.05183507339158699, 0.05098385666682561]"
43,1,32,20,group-specific training-selected uniform actions,-0.028219815444497125,"[-0.20487509044892566, 0.12533565855092973]",-0.028686225829233112,"[-0.17406760328048876, 0.09371792049032457]"
