group,evaluation_seed,lambda,full_utility_gap,fixed_direction_changed,reselected_direction_changed,fixed_sign_reversed,reselected_sign_reversed,fixed_gap_min,fixed_gap_max,reselected_gap_min,reselected_gap_max
initial,17,0,-0.1,[],[],[],[],-0.10526315789473684,-0.05263157894736842,-0.10526315789473684,-0.05263157894736842
initial,17,0.05,-0.04772507856303732,"[""test-788""]","[""test-788""]","[""test-788""]","[""test-788""]",-0.055731296321710054,0.0010246480992759156,-0.055731296321710054,0.0010246480992759156
initial,17,0.1,-0.04545015712607467,"[""test-788""]","[""test-788""]","[""test-788""]","[""test-788""]",-0.0588310136960517,0.0020492961985518077,-0.0588310136960517,0.0020492961985518077
initial,17,0.2,-0.01930601872054845,[],[],[],[],-0.028258952858880897,-0.009394897245149017,-0.03809379597573386,-0.007285058960170726
initial,17,0.5,-0.026588784998084664,[],"[""test-984""]",[],"[""test-984""]",-0.04783026445953229,-0.0006701254252025876,-0.04783026445953229,0.0065299961693878915
initial,17,1,-0.053177569996169335,[],[],[],[],-0.09566052891906458,-0.0013402508504051867,-0.09566052891906458,-0.0013402508504051867
initial,29,0,-0.05,"[""test-916""]","[""test-916""]",[],[],-0.05263157894736842,0.0,-0.05263157894736842,0.0
initial,29,0.05,0.0018526454887759546,"[""test-984""]","[""test-984""]","[""test-984""]","[""test-984""]",-0.005731494615155778,0.007875401400284839,-0.005731494615155778,0.007875401400284839
initial,29,0.1,0.003705290977551915,"[""test-984""]","[""test-984""]","[""test-984""]","[""test-984""]",-0.01146298923031155,0.015750802800569685,-0.01146298923031155,0.015750802800569685
initial,29,0.2,0.007410581955103818,"[""test-984""]","[""test-788"", ""test-984""]","[""test-984""]","[""test-788"", ""test-984""]",-0.022925978460623112,0.031501605601139356,-0.04983412407311462,0.031501605601139356
initial,29,0.5,-0.09448014968257248,[],[],[],[],-0.12733331705468348,-0.020936217302449742,-0.12733331705468348,-0.020936217302449742
initial,29,1,-0.18896029936514497,[],[],[],[],-0.25466663410936696,-0.0418724346048995,-0.25466663410936696,-0.0418724346048995
initial,43,0,-0.1,[],"[""test-788""]",[],[],-0.10526315789473684,-0.05263157894736842,-0.10526315789473684,0.0
initial,43,0.05,-0.10434560943892231,[],[],[],[],-0.12197900673873203,-0.05222935689838197,-0.12197900673873203,-0.01724533391391455
initial,43,0.1,-0.03442019885949365,[],[],[],[],-0.04501254400743049,-0.011955479915776281,-0.1386948555827272,-0.034490667827829107
initial,43,0.2,-0.02271541183997495,"[""test-210""]","[""test-210""]","[""test-210""]","[""test-210""]",-0.04147247130011115,0.011660383085413322,-0.04147247130011115,0.011660383085413322
initial,43,0.5,-0.05678852959993737,"[""test-210""]","[""test-210""]","[""test-210""]","[""test-210""]",-0.10368117825027785,0.029150957713533304,-0.10368117825027785,0.029150957713533304
initial,43,1,-0.11067971999124124,"[""test-210""]","[""test-210""]","[""test-210""]","[""test-210""]",-0.20431252575462572,0.06135174617299661,-0.20431252575462572,0.06135174617299661
historical_pass,17,0,0.0,[],[],[],[],0.0,0.0,0.0,0.0
historical_pass,17,0.05,-0.005462789329136925,"[""test-979""]","[""test-979""]","[""test-979""]","[""test-979""]",-0.007216932737964656,0.0023011571600795415,-0.007216932737964656,0.0023011571600795415
historical_pass,17,0.1,-0.010925578658273859,"[""test-979""]","[""test-979""]","[""test-979""]","[""test-979""]",-0.01443386547592932,0.0046023143201590734,-0.01443386547592932,0.0046023143201590734
historical_pass,17,0.2,-0.021851157316547718,"[""test-979""]","[""test-979""]","[""test-979""]","[""test-979""]",-0.02886773095185864,0.009204628640318147,-0.02886773095185864,0.009204628640318147
historical_pass,17,0.5,-0.054627893291369314,"[""test-979""]","[""test-979""]","[""test-979""]","[""test-979""]",-0.07216932737964663,0.023011571600795346,-0.07216932737964663,0.023011571600795346
historical_pass,17,1,-0.1092557865827386,"[""test-979""]","[""test-979""]","[""test-979""]","[""test-979""]",-0.14433865475929322,0.04602314320159071,-0.14433865475929322,0.04602314320159071
historical_pass,29,0,0.0,[],"[""test-210""]",[],[],0.0,0.0,-0.09090909090909091,0.0
historical_pass,29,0.05,-0.002062908697759654,"[""test-916""]","[""test-450"", ""test-916"", ""test-979""]","[""test-916""]","[""test-450"", ""test-916"", ""test-979""]",-0.006917210565197951,0.005253226009578779,-0.06519512289584369,0.005253226009578779
historical_pass,29,0.1,-0.004125817395519317,"[""test-916""]","[""test-450"", ""test-916"", ""test-979""]","[""test-916""]","[""test-450"", ""test-916"", ""test-979""]",-0.013834421130395912,0.01050645201915755,-0.03948115488259651,0.01050645201915755
historical_pass,29,0.2,-0.008251634791038654,"[""test-916""]","[""test-210"", ""test-450"", ""test-916"", ""test-979""]","[""test-916""]","[""test-210"", ""test-450"", ""test-916"", ""test-979""]",-0.027668842260791845,0.02101290403831508,-0.027668842260791845,0.02101290403831508
historical_pass,29,0.5,-0.02062908697759664,"[""test-916""]","[""test-450"", ""test-916"", ""test-979""]","[""test-916""]","[""test-450"", ""test-916"", ""test-979""]",-0.06917210565197962,0.0525322600957877,-0.43372946324457445,0.0525322600957877
historical_pass,29,1,0.2541735199249121,[],"[""test-135"", ""test-210"", ""test-365"", ""test-392"", ""test-450"", ""test-518"", ""test-80"", ""test-903""]",[],"[""test-135"", ""test-210"", ""test-365"", ""test-392"", ""test-450"", ""test-518"", ""test-80"", ""test-903""]",0.09510022848694828,0.2872444952590767,-0.3656368798832903,0.4197620970224337
historical_pass,43,0,0.0,[],[],[],[],0.0,0.0,0.0,0.0
historical_pass,43,0.05,0.08462733460667048,[],[],[],[],0.0006919747120266332,0.09232072866182234,0.0006919747120266332,0.09232072866182234
historical_pass,43,0.1,0.08592133588000762,[],[],[],[],0.0013839494240532664,0.09373236641455378,0.0013839494240532664,0.09373236641455378
historical_pass,43,0.2,0.08850933842668193,[],[],[],[],0.0027678988481065533,0.09655564192001666,0.0027678988481065533,0.09655564192001666
historical_pass,43,0.5,0.09627334606670486,[],[],[],[],0.006919747120266373,0.1050254684364053,0.006919747120266373,0.1050254684364053
historical_pass,43,1,0.10921335880007638,[],[],[],[],0.013839494240532746,0.1191418459637197,0.013839494240532746,0.1191418459637197
combined,17,0,-0.0625,[],[],[],[],-0.06666666666666667,-0.03225806451612903,-0.06666666666666667,-0.03225806451612903
combined,17,0.05,-0.031876720100324676,[],[],[],[],-0.037481603402071136,-0.001486618002045184,-0.037481603402071136,-0.001486618002045184
combined,17,0.1,-0.03250344020064937,[],[],[],[],-0.04162987347080895,-0.0029732360040903858,-0.04162987347080895,-0.0029732360040903858
combined,17,0.2,-0.020260445694048175,[],[],[],[],-0.025778515874751926,-0.009495648645582312,-0.032866533711250534,-0.0012388401733248065
combined,17,0.5,-0.037103450608066406,[],[],[],[],-0.050461604652501456,-0.009288280411764816,-0.050461604652501456,-0.009288280411764816
combined,17,1,-0.07420690121613281,[],[],[],[],-0.10092320930500291,-0.018576560823529632,-0.10092320930500291,-0.018576560823529632
combined,29,0,-0.03125,"[""test-916""]","[""test-916""]",[],[],-0.03333333333333333,0.0,-0.06666666666666667,0.0
combined,29,0.05,0.00038431266882510136,"[""test-984""]","[""test-210"", ""test-984""]","[""test-984""]","[""test-210"", ""test-984""]",-0.0061662571301712415,0.004162590741076536,-0.02266978140262538,0.00688849398265653
combined,29,0.1,0.0007686253376502027,"[""test-984""]","[""test-210"", ""test-984""]","[""test-984""]","[""test-210"", ""test-984""]",-0.012332514260342483,0.008325181482153072,-0.012332514260342483,0.013776987965313065
combined,29,0.2,0.0015372506753003915,"[""test-984""]","[""test-788"", ""test-984""]","[""test-984""]","[""test-788"", ""test-984""]",-0.02466502852068498,0.01665036296430613,-0.033737676609085214,0.027553975930626116
combined,29,0.5,-0.06678600116820654,[],"[""test-450""]",[],"[""test-450""]",-0.08834987186077418,-0.02151123908259016,-0.22202090297805896,0.00574779333320982
combined,29,1,-0.022785117131373565,"[""test-450"", ""test-979""]","[""test-979""]","[""test-450"", ""test-979""]","[""test-979""]",-0.12641878449071806,0.07880377301189177,-0.26108387369340935,0.09110092456147352
combined,43,0,-0.0625,[],"[""test-788""]",[],[],-0.06666666666666667,-0.03333333333333333,-0.06666666666666667,0.0
combined,43,0.05,-0.033480755421825006,[],"[""test-788""]",[],"[""test-788""]",-0.043402437091862096,-0.0025832709031031434,-0.043402437091862096,0.022189247448892557
combined,43,0.1,0.010707876667819331,"[""test-210""]","[""test-210"", ""test-392"", ""test-450"", ""test-489"", ""test-979"", ""test-984""]","[""test-210""]","[""test-210"", ""test-392"", ""test-450"", ""test-489"", ""test-979"", ""test-984""]",-0.011175092527137031,0.026796730405344738,-0.053471540850390846,0.012490020475679745
combined,43,0.2,0.018993869510021383,[],[],[],[],0.008399805531734174,0.022396698204034393,0.008399805531734174,0.022396698204034393
combined,43,0.5,0.000609673775053467,"[""test-365"", ""test-80"", ""test-903"", ""test-916""]","[""test-365"", ""test-80"", ""test-903"", ""test-916""]","[""test-365"", ""test-80"", ""test-903"", ""test-916""]","[""test-365"", ""test-80"", ""test-903"", ""test-916""]",-0.02715540779849403,0.020999513829335428,-0.02715540779849403,0.020999513829335428
combined,43,1,-0.028219815444497125,"[""test-210""]","[""test-210""]","[""test-210""]","[""test-210""]",-0.08571258945789906,0.04393058713109319,-0.08571258945789906,0.04393058713109319
