group,evaluation_seed,selection_seeds,lambda,count,selected_correct,uniform_correct,uniform_action,selected_mean_seconds,uniform_mean_seconds,utility_gap,conditional_bootstrap_ci,tied_snapshots,uniform_tie_actions,action_counts
initial,17,"[29, 43]",0,20,11,13,delay2,9.725734274699061,10.328621937757998,-0.1,"[-0.25, 0.0]",18,"[""delay2""]","{""now"": 15, ""delay1"": 3, ""delay2"": 1, ""endpoint_only"": 1}"
initial,17,"[29, 43]",0.05,20,12,13,delay2,9.97609066760342,10.328621937757998,-0.04772507856303732,"[-0.15891263676393622, 0.01594512384449088]",0,"[""delay2""]","{""endpoint_only"": 10, ""delay2"": 6, ""delay1"": 3, ""now"": 1}"
initial,17,"[29, 43]",0.1,20,12,13,delay2,9.97609066760342,10.328621937757998,-0.04545015712607467,"[-0.16751089022091015, 0.031890247688981736]",0,"[""delay2""]","{""endpoint_only"": 10, ""delay2"": 6, ""delay1"": 3, ""now"": 1}"
initial,17,"[29, 43]",0.2,20,12,12,delay1,8.984714487902966,8.236779285548256,-0.01930601872054845,"[-0.0552365067087965, 0.015963175923251634]",0,"[""delay1""]","{""endpoint_only"": 9, ""delay2"": 6, ""delay1"": 4, ""now"": 1}"
initial,17,"[29, 43]",0.5,20,12,12,delay1,8.648810136150132,8.236779285548256,-0.026588784998084664,"[-0.1068608480496783, 0.05558158700865161]",0,"[""delay1""]","{""endpoint_only"": 9, ""delay2"": 5, ""delay1"": 5, ""now"": 1}"
initial,17,"[29, 43]",1,20,12,12,delay1,8.648810136150132,8.236779285548256,-0.053177569996169335,"[-0.2137216960993566, 0.1111631740173032]",0,"[""delay1""]","{""endpoint_only"": 9, ""delay2"": 5, ""delay1"": 5, ""now"": 1}"
initial,29,"[17, 43]",0,20,13,14,delay2,11.942696144557704,10.5158131568518,-0.05,"[-0.15, 0.0]",20,"[""delay2""]","{""now"": 16, ""delay1"": 3, ""delay2"": 1}"
initial,29,"[17, 43]",0.05,20,14,14,delay2,10.228719520696904,10.5158131568518,0.0018526454887759546,"[-0.016471181276325526, 0.02205683794244559]",0,"[""delay2""]","{""delay2"": 10, ""endpoint_only"": 6, ""delay1"": 3, ""now"": 1}"
initial,29,"[17, 43]",0.1,20,14,14,delay2,10.228719520696904,10.5158131568518,0.003705290977551915,"[-0.03294236255265105, 0.0441136758848912]",0,"[""delay2""]","{""delay2"": 10, ""endpoint_only"": 6, ""delay1"": 3, ""now"": 1}"
initial,29,"[17, 43]",0.2,20,14,14,delay2,10.228719520696904,10.5158131568518,0.007410581955103818,"[-0.06588472510530212, 0.08822735176978239]",0,"[""delay2""]","{""delay2"": 10, ""endpoint_only"": 6, ""delay1"": 3, ""now"": 1}"
initial,29,"[17, 43]",0.5,20,14,14,delay1,9.854422287096531,8.390318664403457,-0.09448014968257248,"[-0.29206417075050317, 0.05657857755940081]",0,"[""delay1""]","{""delay2"": 9, ""endpoint_only"": 6, ""delay1"": 4, ""now"": 1}"
initial,29,"[17, 43]",1,20,14,14,delay1,9.854422287096531,8.390318664403457,-0.18896029936514497,"[-0.5841283415010066, 0.11315715511880162]",0,"[""delay1""]","{""delay2"": 9, ""endpoint_only"": 6, ""delay1"": 4, ""now"": 1}"
initial,43,"[17, 29]",0,20,13,15,delay2,13.39760057575404,9.310312501901354,-0.1,"[-0.25, 0.0]",18,"[""delay2""]","{""now"": 15, ""delay1"": 3, ""delay2"": 1, ""endpoint_only"": 1}"
initial,43,"[17, 29]",0.05,20,13,15,delay2,9.983726181252132,9.310312501901354,-0.10434560943892231,"[-0.25849954429077665, 0.011652545713634452]",0,"[""delay2""]","{""delay1"": 6, ""endpoint_only"": 8, ""delay2"": 5, ""now"": 1}"
initial,43,"[17, 29]",0.1,20,13,13,delay1,9.983726181252132,7.31677772629555,-0.03442019885949365,"[-0.0998677959273838, 0.01389802466676123]",0,"[""delay1""]","{""delay1"": 6, ""endpoint_only"": 8, ""delay2"": 5, ""now"": 1}"
initial,43,"[17, 29]",0.2,20,13,13,delay1,8.19679635660068,7.31677772629555,-0.02271541183997495,"[-0.10417998234299523, 0.034768850932446284]",0,"[""delay1""]","{""delay1"": 7, ""endpoint_only"": 7, ""delay2"": 5, ""now"": 1}"
initial,43,"[17, 29]",0.5,20,13,13,delay1,8.19679635660068,7.31677772629555,-0.05678852959993737,"[-0.26044995585748804, 0.08692212733111569]",0,"[""delay1""]","{""delay1"": 7, ""endpoint_only"": 7, ""delay2"": 5, ""now"": 1}"
initial,43,"[17, 29]",1,20,13,13,delay1,8.17434717100041,7.31677772629555,-0.11067971999124124,"[-0.5208999117149761, 0.17384425466223147]",0,"[""delay1""]","{""delay1"": 7, ""endpoint_only"": 7, ""delay2"": 4, ""now"": 2}"
historical_pass,17,"[29, 43]",0,12,5,5,now,6.265107048248562,6.363001972495113,0.0,"[0.0, 0.0]",11,"[""now""]","{""now"": 11, ""delay1"": 1}"
historical_pass,17,"[29, 43]",0.05,12,5,5,now,7.20953848557959,6.363001972495113,-0.005462789329136925,"[-0.022021991248621798, 0.004237786873033641]",0,"[""now""]","{""delay2"": 6, ""now"": 4, ""delay1"": 1, ""endpoint_only"": 1}"
historical_pass,17,"[29, 43]",0.1,12,5,5,now,7.20953848557959,6.363001972495113,-0.010925578658273859,"[-0.04404398249724361, 0.008475573746067274]",0,"[""now""]","{""delay2"": 6, ""now"": 4, ""delay1"": 1, ""endpoint_only"": 1}"
historical_pass,17,"[29, 43]",0.2,12,5,5,now,7.20953848557959,6.363001972495113,-0.021851157316547718,"[-0.08808796499448719, 0.016951147492134538]",0,"[""now""]","{""delay2"": 6, ""now"": 4, ""delay1"": 1, ""endpoint_only"": 1}"
historical_pass,17,"[29, 43]",0.5,12,5,5,now,7.20953848557959,6.363001972495113,-0.054627893291369314,"[-0.220219912486218, 0.04237786873033636]",0,"[""now""]","{""delay2"": 6, ""now"": 4, ""delay1"": 1, ""endpoint_only"": 1}"
historical_pass,17,"[29, 43]",1,12,5,5,now,7.20953848557959,6.363001972495113,-0.1092557865827386,"[-0.440439824972436, 0.08475573746067273]",0,"[""now""]","{""delay2"": 6, ""now"": 4, ""delay1"": 1, ""endpoint_only"": 1}"
historical_pass,29,"[17, 43]",0,12,4,4,delay1,8.655269690840214,9.474007009328488,0.0,"[0.0, 0.0]",10,"[""delay1"", ""delay2"", ""endpoint_only""]","{""now"": 9, ""delay1"": 2, ""endpoint_only"": 1}"
historical_pass,29,"[17, 43]",0.05,12,4,4,delay1,9.793683905250267,9.474007009328488,-0.002062908697759654,"[-0.02006841480083786, 0.013238744759842686]",0,"[""delay1""]","{""delay2"": 3, ""endpoint_only"": 3, ""delay1"": 5, ""now"": 1}"
historical_pass,29,"[17, 43]",0.1,12,4,4,delay1,9.793683905250267,9.474007009328488,-0.004125817395519317,"[-0.04013682960167574, 0.02647748951968537]",0,"[""delay1""]","{""delay2"": 3, ""endpoint_only"": 3, ""delay1"": 5, ""now"": 1}"
historical_pass,29,"[17, 43]",0.2,12,4,4,delay1,9.793683905250267,9.474007009328488,-0.008251634791038654,"[-0.0802736592033515, 0.05295497903937072]",0,"[""delay1""]","{""delay2"": 3, ""endpoint_only"": 3, ""delay1"": 5, ""now"": 1}"
historical_pass,29,"[17, 43]",0.5,12,4,4,delay1,9.793683905250267,9.474007009328488,-0.02062908697759664,"[-0.20068414800837875, 0.13238744759842683]",0,"[""delay1""]","{""delay2"": 3, ""endpoint_only"": 3, ""delay1"": 5, ""now"": 1}"
historical_pass,29,"[17, 43]",1,12,5,4,delay1,8.150301781666107,9.474007009328488,0.2541735199249121,"[-0.006907749468004279, 0.598502003529291]",0,"[""delay1""]","{""delay2"": 4, ""endpoint_only"": 2, ""delay1"": 4, ""now"": 2}"
historical_pass,43,"[17, 29]",0,12,5,5,now,6.97697927042221,6.97697927042221,0.0,"[0.0, 0.0]",12,"[""now"", ""endpoint_only""]","{""now"": 12}"
historical_pass,43,"[17, 29]",0.05,12,6,5,now,6.776455461090033,6.97697927042221,0.08462733460667048,"[0.000319193580878405, 0.2526540113196541]",0,"[""now""]","{""now"": 6, ""delay1"": 2, ""delay2"": 3, ""endpoint_only"": 1}"
historical_pass,43,"[17, 29]",0.1,12,6,5,now,6.776455461090033,6.97697927042221,0.08592133588000762,"[0.00063838716175681, 0.2553080226393082]",0,"[""now""]","{""now"": 6, ""delay1"": 2, ""delay2"": 3, ""endpoint_only"": 1}"
historical_pass,43,"[17, 29]",0.2,12,6,5,now,6.776455461090033,6.97697927042221,0.08850933842668193,"[0.0012767743235136293, 0.2606160452786164]",0,"[""now""]","{""now"": 6, ""delay1"": 2, ""delay2"": 3, ""endpoint_only"": 1}"
historical_pass,43,"[17, 29]",0.5,12,6,5,now,6.776455461090033,6.97697927042221,0.09627334606670486,"[0.003191935808784078, 0.2765401131965412]",0,"[""now""]","{""now"": 6, ""delay1"": 2, ""delay2"": 3, ""endpoint_only"": 1}"
historical_pass,43,"[17, 29]",1,12,6,5,now,6.776455461090033,6.97697927042221,0.10921335880007638,"[0.006383871617568156, 0.3030802263930824]",0,"[""now""]","{""now"": 6, ""delay1"": 2, ""delay2"": 3, ""endpoint_only"": 1}"
