path_id,event_index,discarded_generated_tokens,precheck_new_discarded_tokens,feedback_tokens_inserted
A/endpoint/test-1110,2,148,0,61
A/endpoint/test-1110,6,289,0,61
A/endpoint/test-1110,10,92,0,61
A/endpoint/test-1110,14,118,0,61
A/endpoint/test-1110,18,91,0,61
A/endpoint/test-1110,22,300,0,61
A/endpoint/test-1249,2,431,0,61
A/endpoint/test-916,2,347,0,61
A/endpoint/test-916,6,312,0,61
A/endpoint/test-916,10,451,0,61
A/endpoint/test-273,2,286,0,61
A/endpoint/test-273,6,257,0,61
A/endpoint/test-1131,2,220,0,61
A/endpoint/test-1131,6,195,0,61
A/endpoint/test-1131,10,95,0,61
A/endpoint/test-1131,14,158,0,61
A/endpoint/test-1131,18,149,0,61
A/endpoint/test-1131,22,356,0,61
A/endpoint/test-888,2,96,0,61
A/endpoint/test-675,2,438,0,61
A/endpoint/test-675,6,210,0,61
A/endpoint/test-675,10,132,0,61
A/endpoint/test-1025,2,206,0,61
A/endpoint/test-1025,6,140,0,61
A/endpoint/test-494,2,326,0,61
A/endpoint/test-494,6,132,0,61
A/endpoint/test-494,10,160,0,61
A/endpoint/test-494,14,396,0,61
A/endpoint/test-494,18,8,0,61
A/endpoint/test-494,22,265,0,61
A/endpoint/test-615,2,292,0,61
A/endpoint/test-1097,2,173,0,61
A/endpoint/test-1097,6,8,0,61
A/endpoint/test-1097,10,88,0,61
A/endpoint/test-473,2,174,0,61
A/endpoint/test-580,2,382,0,61
A/endpoint/test-580,6,216,0,61
A/endpoint/test-580,10,356,0,61
A/endpoint/test-580,14,192,0,61
A/endpoint/test-580,18,236,0,61
A/endpoint/test-580,22,183,0,61
A/endpoint/test-525,2,173,0,61
A/endpoint/test-901,2,321,0,61
A/endpoint/test-901,6,171,0,61
A/endpoint/test-589,2,179,0,61
A/endpoint/test-589,6,178,0,61
A/endpoint/test-589,10,166,0,61
A/endpoint/test-589,14,368,0,61
A/endpoint/test-589,18,273,0,61
A/endpoint/test-589,22,216,0,61
A/endpoint/test-1170,2,191,0,61
A/endpoint/test-453,2,272,0,61
A/endpoint/test-453,6,212,0,61
A/endpoint/test-453,10,268,0,61
A/endpoint/test-453,14,188,0,61
A/endpoint/test-191,2,124,0,61
A/endpoint/test-191,6,74,0,61
A/endpoint/test-191,10,77,0,61
A/endpoint/test-191,14,64,0,61
A/endpoint/test-191,18,49,0,61
A/endpoint/test-638,2,123,0,61
A/endpoint/test-918,2,207,0,61
A/endpoint/test-135,2,161,0,61
A/endpoint/test-135,6,176,0,61
A/endpoint/test-135,10,59,0,61
A/endpoint/test-135,14,109,0,61
A/endpoint/test-1248,2,315,0,61
A/endpoint/test-1248,6,200,0,61
A/endpoint/test-752,2,148,0,61
A/endpoint/test-752,6,154,0,61
A/endpoint/test-752,10,129,0,61
A/endpoint/test-752,14,67,0,61
A/endpoint/test-752,18,77,0,61
A/endpoint/test-752,22,169,0,61
A/endpoint/test-796,2,221,0,61
A/endpoint/test-796,6,164,0,61
A/endpoint/test-796,10,156,0,61
A/endpoint/test-796,14,191,0,61
A/endpoint/test-796,18,167,0,61
A/endpoint/test-796,22,214,0,61
A/endpoint/test-152,2,141,0,61
A/endpoint/test-51,2,460,0,61
A/endpoint/test-51,6,233,0,61
A/endpoint/test-51,10,147,0,61
A/endpoint/test-51,14,6,0,61
A/endpoint/test-51,18,165,0,61
A/endpoint/test-51,22,173,0,61
A/endpoint/test-75,2,261,0,61
A/endpoint/test-75,6,214,0,61
A/endpoint/test-75,10,166,0,61
A/endpoint/test-75,14,198,0,61
A/endpoint/test-75,18,274,0,61
A/endpoint/test-75,22,202,0,61
A/endpoint/test-782,2,161,0,61
A/endpoint/test-782,6,105,0,61
A/endpoint/test-979,2,815,0,61
A/endpoint/test-979,6,218,0,61
A/endpoint/test-959,2,265,0,61
A/endpoint/test-186,2,606,0,61
A/endpoint/test-186,6,286,0,61
A/endpoint/test-392,2,267,0,61
A/endpoint/test-392,6,203,0,61
A/endpoint/test-392,10,207,0,61
A/endpoint/test-392,14,167,0,61
A/endpoint/test-392,18,271,0,61
A/endpoint/test-1006,2,198,0,61
A/endpoint/test-1006,6,181,0,61
A/endpoint/test-984,2,728,0,61
A/endpoint/test-984,6,40,0,61
A/endpoint/test-984,10,225,0,61
A/endpoint/test-984,14,675,0,61
A/endpoint/test-984,18,198,0,61
A/endpoint/test-247,2,170,0,61
A/endpoint/test-247,6,221,0,61
A/endpoint/test-963,2,379,0,61
A/endpoint/test-963,6,9,0,61
A/k4/test-1110,9,50,0,61
A/k4/test-1249,3,431,0,61
A/k4/test-783,3,211,0,61
A/k4/test-783,14,94,0,61
A/k4/test-783,25,151,0,63
A/k4/test-783,30,122,0,61
A/k4/test-916,3,132,0,61
A/k4/test-916,14,158,0,61
A/k4/test-450,9,182,0,61
A/k4/test-450,14,201,0,61
A/k4/test-450,19,147,0,61
A/k4/test-450,24,152,0,61
A/k4/test-450,29,152,0,61
A/k4/test-273,3,218,0,61
A/k4/test-1131,3,220,0,61
A/k4/test-1131,8,101,0,61
A/k4/test-888,3,96,0,61
A/k4/test-675,9,178,0,61
A/k4/test-675,14,198,0,61
A/k4/test-1025,3,206,0,61
A/k4/test-1025,8,109,0,61
A/k4/test-494,3,194,0,61
A/k4/test-494,8,547,0,61
A/k4/test-494,13,220,0,61
A/k4/test-494,24,179,0,61
A/k4/test-615,9,100,0,61
A/k4/test-423,3,131,0,61
A/k4/test-423,8,168,0,61
A/k4/test-423,13,359,0,61
A/k4/test-423,24,165,0,61
A/k4/test-423,29,65,0,61
A/k4/test-1097,3,173,0,61
A/k4/test-1097,8,8,0,61
A/k4/test-1097,13,88,0,61
A/k4/test-473,3,119,0,61
A/k4/test-473,8,139,0,61
A/k4/test-975,9,168,0,61
A/k4/test-525,3,173,0,61
A/k4/test-525,14,168,0,61
A/k4/test-901,3,220,0,61
A/k4/test-901,8,154,0,61
A/k4/test-901,13,192,0,61
A/k4/test-901,18,182,0,61
A/k4/test-901,23,174,0,61
A/k4/test-901,28,196,0,61
A/k4/test-589,3,179,0,61
A/k4/test-589,8,178,0,61
A/k4/test-589,13,166,0,61
A/k4/test-589,18,235,0,61
A/k4/test-589,23,163,0,61
A/k4/test-589,28,183,0,61
A/k4/test-1170,3,191,0,61
A/k4/test-453,3,272,0,61
A/k4/test-453,14,170,0,61
A/k4/test-453,19,57,0,61
A/k4/test-453,24,62,0,61
A/k4/test-453,29,77,0,61
A/k4/test-191,3,124,0,61
A/k4/test-191,8,74,0,61
A/k4/test-191,13,77,0,61
A/k4/test-191,18,64,0,61
A/k4/test-191,23,49,0,61
A/k4/test-638,3,123,0,61
A/k4/test-918,3,207,0,61
A/k4/test-135,3,161,0,61
A/k4/test-135,8,83,0,61
A/k4/test-135,13,107,0,61
A/k4/test-1248,3,315,0,61
A/k4/test-1248,8,200,0,61
A/k4/test-752,3,148,0,61
A/k4/test-752,8,154,0,61
A/k4/test-752,13,129,0,61
A/k4/test-752,18,67,0,61
A/k4/test-752,23,77,0,61
A/k4/test-752,28,103,0,61
A/k4/test-796,3,221,0,61
A/k4/test-796,8,164,0,61
A/k4/test-796,13,156,0,61
A/k4/test-796,24,101,0,61
A/k4/test-796,29,190,0,61
A/k4/test-152,3,141,0,61
A/k4/test-51,3,258,0,61
A/k4/test-51,8,89,0,61
A/k4/test-51,19,81,0,61
A/k4/test-75,3,187,0,61
A/k4/test-75,8,159,0,61
A/k4/test-75,13,109,0,61
A/k4/test-75,18,87,0,61
A/k4/test-75,23,121,0,61
A/k4/test-75,28,126,0,61
A/k4/test-782,3,161,0,61
A/k4/test-782,8,105,0,61
A/k4/test-979,3,353,0,61
A/k4/test-979,8,7,0,61
A/k4/test-979,19,208,0,61
A/k4/test-979,24,142,0,61
A/k4/test-150,3,222,0,61
A/k4/test-150,8,203,0,61
A/k4/test-150,13,81,0,61
A/k4/test-150,18,402,0,61
A/k4/test-150,23,63,0,61
A/k4/test-150,28,146,0,61
A/k4/test-959,3,265,0,61
A/k4/test-186,3,287,0,61
A/k4/test-186,14,149,0,61
A/k4/test-186,19,94,0,61
A/k4/test-186,24,94,0,61
A/k4/test-186,29,137,0,61
A/k4/test-392,3,147,0,61
A/k4/test-392,8,179,0,61
A/k4/test-1006,3,198,0,61
A/k4/test-1006,8,181,0,61
A/k4/test-984,3,728,0,61
A/k4/test-984,8,40,0,61
A/k4/test-984,13,197,0,61
A/k4/test-984,24,85,0,61
A/k4/test-984,29,172,0,61
A/k4/test-247,3,170,0,61
A/k4/test-247,8,221,0,61
A/k4/test-963,3,379,0,61
A/k4/test-963,8,9,0,61
A/random/test-1110,11,141,0,61
A/random/test-1110,17,488,0,61
A/random/test-1110,23,129,0,61
A/random/test-1110,29,333,0,61
A/random/test-1110,35,157,0,61
A/random/test-1249,4,431,0,61
A/random/test-783,4,310,0,61
A/random/test-783,24,127,0,61
A/random/test-783,30,1255,0,61
A/random/test-916,11,179,0,61
A/random/test-916,17,107,0,61
A/random/test-916,23,174,0,61
A/random/test-450,18,69,0,61
A/random/test-273,11,285,0,61
A/random/test-273,17,192,0,61
A/random/test-273,23,104,0,61
A/random/test-1131,4,220,0,61
A/random/test-1131,10,101,0,61
A/random/test-888,4,24,0,61
A/random/test-675,11,86,0,61
A/random/test-675,17,180,0,61
A/random/test-675,23,132,0,61
A/random/test-1025,4,148,0,61
A/random/test-1025,10,76,0,61
A/random/test-1025,23,163,0,61
A/random/test-494,11,400,0,61
A/random/test-494,17,126,0,61
A/random/test-494,23,7,0,61
A/random/test-494,29,119,0,61
A/random/test-423,4,69,0,61
A/random/test-423,10,286,0,61
A/random/test-423,16,169,0,61
A/random/test-423,29,469,0,61
A/random/test-423,35,215,0,61
A/random/test-1097,4,173,0,61
A/random/test-1097,10,8,0,61
A/random/test-1097,16,88,0,61
A/random/test-1222,11,56,0,61
A/random/test-525,11,39,0,61
A/random/test-525,17,171,0,61
A/random/test-901,11,170,0,61
A/random/test-901,17,69,0,61
A/random/test-901,23,96,0,61
A/random/test-589,11,126,0,61
A/random/test-589,17,301,0,61
A/random/test-589,23,225,0,61
A/random/test-589,29,129,0,61
A/random/test-589,35,187,0,61
A/random/test-1170,4,98,0,61
A/random/test-1170,10,81,0,61
A/random/test-13,11,283,0,61
A/random/test-453,11,205,0,61
A/random/test-453,17,310,0,61
A/random/test-191,4,124,0,61
A/random/test-191,17,39,0,61
A/random/test-638,4,123,0,61
A/random/test-918,4,207,0,61
A/random/test-135,11,93,0,61
A/random/test-1248,4,99,0,61
A/random/test-1248,10,44,0,61
A/random/test-1248,23,210,0,61
A/random/test-1248,29,144,0,61
A/random/test-1248,35,39,0,61
A/random/test-752,4,148,0,61
A/random/test-752,10,59,0,61
A/random/test-210,25,113,0,61
A/random/test-210,31,264,0,61
A/random/test-210,37,79,0,61
A/random/test-152,11,91,0,61
A/random/test-152,17,226,0,61
A/random/test-152,23,64,0,61
A/random/test-152,29,120,0,61
A/random/test-75,4,261,0,61
A/random/test-75,10,214,0,61
A/random/test-75,23,47,0,61
A/random/test-75,29,25,0,61
A/random/test-75,35,36,0,61
A/random/test-782,4,161,0,61
A/random/test-782,10,77,0,61
A/random/test-979,4,353,0,61
A/random/test-979,10,7,0,61
A/random/test-979,23,37,0,61
A/random/test-979,29,366,0,61
A/random/test-150,4,123,0,61
A/random/test-150,10,110,0,61
A/random/test-150,16,9,0,61
A/random/test-150,22,9,0,61
A/random/test-150,35,90,0,61
A/random/test-959,4,265,0,61
A/random/test-186,4,287,0,61
A/random/test-186,10,125,0,61
A/random/test-186,16,210,0,61
A/random/test-186,22,205,0,61
A/random/test-186,28,6,0,61
A/random/test-186,34,117,0,61
A/random/test-392,4,147,0,61
A/random/test-392,10,179,0,61
A/random/test-392,16,162,0,61
A/random/test-1006,4,52,0,61
A/random/test-984,4,153,0,61
A/random/test-984,10,143,0,61
A/random/test-984,16,9,0,61
A/random/test-984,22,220,0,61
A/random/test-984,28,274,0,61
A/random/test-984,34,380,0,61
A/random/test-247,4,115,0,61
A/random/test-247,10,89,0,61
A/random/test-963,4,379,0,61
A/random/test-963,10,9,0,61
B/initial/test-159/43/now,10,84,0,61
B/initial/test-159/43/now,15,29,0,61
B/initial/test-159/43/now,20,70,0,61
B/initial/test-159/43/now,25,28,0,61
B/initial/test-159/43/now,30,53,0,61
B/initial/test-159/43/endpoint_only,7,98,80,61
B/initial/test-365/17/now,10,116,0,61
B/initial/test-365/17/now,15,95,0,61
B/initial/test-365/17/delay1,7,83,57,61
B/initial/test-365/17/delay2,7,138,112,61
B/initial/test-365/17/endpoint_only,7,138,112,61
B/initial/test-135/17/now,10,58,0,61
B/initial/test-135/17/now,15,112,0,61
B/initial/test-135/17/now,20,135,0,61
B/initial/test-135/17/now,25,95,0,61
B/initial/test-135/17/now,30,87,0,61
B/initial/test-135/17/delay1,7,134,54,61
B/initial/test-135/17/delay1,12,122,0,61
B/initial/test-135/17/delay2,7,134,54,61
B/initial/test-135/17/delay2,12,122,0,61
B/initial/test-135/17/endpoint_only,7,134,54,61
B/initial/test-135/17/endpoint_only,12,122,0,61
B/initial/test-135/29/now,10,74,0,61
B/initial/test-135/29/now,15,117,0,61
B/initial/test-135/29/now,20,235,0,61
B/initial/test-135/29/now,25,87,0,61
B/initial/test-135/29/now,30,162,0,61
B/initial/test-135/29/delay1,7,150,70,61
B/initial/test-135/29/delay1,12,72,0,61
B/initial/test-135/29/delay2,7,150,70,61
B/initial/test-135/29/delay2,12,72,0,61
B/initial/test-135/29/endpoint_only,7,150,70,61
B/initial/test-135/29/endpoint_only,12,72,0,61
B/initial/test-135/43/now,10,57,0,61
B/initial/test-135/43/now,15,130,0,61
B/initial/test-135/43/now,20,76,0,61
B/initial/test-135/43/delay1,7,133,53,61
B/initial/test-135/43/delay2,7,133,53,61
B/initial/test-135/43/endpoint_only,7,133,53,61
B/initial/test-450/17/now,16,104,0,61
B/initial/test-450/17/delay1,19,123,0,61
B/initial/test-450/17/delay1,24,216,0,61
B/initial/test-450/17/delay2,19,90,0,61
B/initial/test-450/17/delay2,24,127,0,61
B/initial/test-450/17/delay2,29,123,0,63
B/initial/test-450/17/delay2,34,328,0,61
B/initial/test-450/29/now,10,265,0,61
B/initial/test-450/29/delay1,13,256,4,61
B/initial/test-450/29/delay1,18,298,0,61
B/initial/test-450/29/delay2,13,211,4,61
B/initial/test-450/29/delay2,18,195,0,61
B/initial/test-450/29/delay2,23,277,0,61
B/initial/test-450/29/delay2,28,221,0,61
B/initial/test-450/29/delay2,33,176,0,61
B/initial/test-450/43/now,10,165,0,61
B/initial/test-450/43/now,15,365,0,61
B/initial/test-450/43/now,20,236,0,61
B/initial/test-450/43/now,25,167,0,61
B/initial/test-450/43/delay1,13,170,4,61
B/initial/test-450/43/delay1,18,141,0,61
B/initial/test-450/43/delay2,7,143,103,61
B/initial/test-450/43/delay2,12,140,0,61
B/initial/test-450/43/delay2,17,187,0,61
B/initial/test-450/43/endpoint_only,7,347,307,61
B/initial/test-450/43/endpoint_only,12,244,0,61
B/initial/test-450/43/endpoint_only,17,355,0,61
B/initial/test-450/43/endpoint_only,22,222,0,61
B/initial/test-450/43/endpoint_only,27,228,0,61
B/initial/test-450/43/endpoint_only,32,227,0,61
B/initial/test-788/17/now,10,74,0,61
B/initial/test-788/17/delay1,13,106,4,61
B/initial/test-788/17/delay1,18,67,0,61
B/initial/test-788/17/delay1,23,40,0,61
B/initial/test-788/17/delay1,28,48,0,61
B/initial/test-788/17/delay1,33,64,0,61
B/initial/test-788/17/delay2,7,99,70,61
B/initial/test-788/17/delay2,12,73,0,61
B/initial/test-788/17/endpoint_only,7,99,70,61
B/initial/test-788/17/endpoint_only,12,73,0,61
B/initial/test-788/29/now,10,55,0,61
B/initial/test-788/29/now,15,9,0,61
B/initial/test-788/29/now,20,37,0,61
B/initial/test-788/29/now,25,12,0,61
B/initial/test-788/29/now,30,12,0,61
B/initial/test-788/29/delay1,7,80,51,61
B/initial/test-788/29/delay1,12,8,0,61
B/initial/test-788/29/delay1,17,127,0,61
B/initial/test-788/29/delay1,22,138,0,61
B/initial/test-788/29/delay1,27,33,0,61
B/initial/test-788/29/delay1,32,84,0,61
B/initial/test-788/29/delay2,7,80,51,61
B/initial/test-788/29/delay2,12,8,0,61
B/initial/test-788/29/delay2,17,127,0,61
B/initial/test-788/29/delay2,22,138,0,61
B/initial/test-788/29/delay2,27,33,0,61
B/initial/test-788/29/delay2,32,84,0,61
B/initial/test-788/29/endpoint_only,7,80,51,61
B/initial/test-788/29/endpoint_only,12,8,0,61
B/initial/test-788/29/endpoint_only,17,127,0,61
B/initial/test-788/29/endpoint_only,22,138,0,61
B/initial/test-788/29/endpoint_only,27,33,0,61
B/initial/test-788/29/endpoint_only,32,84,0,61
B/initial/test-788/43/now,10,92,0,61
B/initial/test-788/43/now,15,74,0,61
B/initial/test-788/43/now,20,121,0,61
B/initial/test-788/43/now,25,36,0,61
B/initial/test-788/43/now,30,53,0,61
B/initial/test-788/43/delay1,7,72,43,61
B/initial/test-788/43/delay1,12,136,0,61
B/initial/test-788/43/delay1,17,22,0,61
B/initial/test-788/43/delay1,22,8,0,61
B/initial/test-788/43/delay1,27,9,0,61
B/initial/test-788/43/delay1,32,72,0,61
B/initial/test-788/43/delay2,7,117,88,61
B/initial/test-788/43/delay2,12,125,0,61
B/initial/test-788/43/delay2,17,8,0,61
B/initial/test-788/43/delay2,22,34,0,61
B/initial/test-788/43/delay2,27,8,0,61
B/initial/test-788/43/delay2,32,123,0,61
B/initial/test-788/43/endpoint_only,7,117,88,61
B/initial/test-788/43/endpoint_only,12,125,0,61
B/initial/test-788/43/endpoint_only,17,8,0,61
B/initial/test-788/43/endpoint_only,22,34,0,61
B/initial/test-788/43/endpoint_only,27,8,0,61
B/initial/test-788/43/endpoint_only,32,123,0,61
B/initial/test-916/17/now,10,179,0,61
B/initial/test-916/17/now,15,291,0,61
B/initial/test-916/17/now,20,118,0,61
B/initial/test-916/17/now,25,184,0,61
B/initial/test-916/17/now,30,164,0,61
B/initial/test-916/17/delay1,13,159,4,61
B/initial/test-916/17/delay2,13,175,4,61
B/initial/test-916/17/delay2,18,197,0,61
B/initial/test-916/17/endpoint_only,7,502,473,61
B/initial/test-916/17/endpoint_only,12,236,0,61
B/initial/test-916/17/endpoint_only,17,292,0,61
B/initial/test-916/17/endpoint_only,22,338,0,61
B/initial/test-916/17/endpoint_only,27,278,0,61
B/initial/test-916/29/now,10,92,0,61
B/initial/test-916/29/now,15,81,0,61
B/initial/test-916/29/now,20,255,0,61
B/initial/test-916/29/now,25,123,0,61
B/initial/test-916/29/now,30,247,0,61
B/initial/test-916/29/delay1,13,99,4,61
B/initial/test-916/29/delay1,18,136,0,61
B/initial/test-916/29/delay1,23,214,0,61
B/initial/test-916/29/delay2,13,120,4,61
B/initial/test-916/29/endpoint_only,7,239,210,61
B/initial/test-916/43/now,16,136,0,61
B/initial/test-916/43/delay1,13,162,4,61
B/initial/test-916/43/delay1,18,236,0,61
B/initial/test-979/17/now,10,353,0,61
B/initial/test-979/17/now,15,192,0,61
B/initial/test-979/17/now,20,423,0,61
B/initial/test-979/17/now,25,305,0,61
B/initial/test-979/17/now,30,332,0,61
B/initial/test-979/17/delay1,7,196,113,61
B/initial/test-979/17/delay1,18,146,0,61
B/initial/test-979/17/delay1,23,121,0,61
B/initial/test-979/17/delay1,28,129,0,61
B/initial/test-979/17/delay1,33,138,0,61
B/initial/test-979/17/delay2,7,275,192,61
B/initial/test-979/17/delay2,24,33,0,61
B/initial/test-979/17/delay2,29,51,0,63
B/initial/test-979/17/endpoint_only,7,432,349,61
B/initial/test-979/17/endpoint_only,12,443,0,61
B/initial/test-979/17/endpoint_only,17,142,0,61
B/initial/test-979/17/endpoint_only,22,217,0,61
B/initial/test-979/17/endpoint_only,27,385,0,61
B/initial/test-979/17/endpoint_only,32,7,0,61
B/initial/test-979/29/now,10,481,0,61
B/initial/test-979/29/now,15,621,0,61
B/initial/test-979/29/now,20,7,0,61
B/initial/test-979/29/now,25,371,0,61
B/initial/test-979/29/now,30,312,0,61
B/initial/test-979/29/delay1,7,206,123,61
B/initial/test-979/29/delay1,18,33,0,61
B/initial/test-979/29/delay1,23,16,0,61
B/initial/test-979/29/delay1,28,7,0,61
B/initial/test-979/29/delay1,33,121,0,61
B/initial/test-979/29/delay2,7,328,245,61
B/initial/test-979/29/delay2,12,220,0,61
B/initial/test-979/29/delay2,23,215,0,61
B/initial/test-979/29/delay2,28,152,0,61
B/initial/test-979/29/delay2,33,88,0,61
B/initial/test-979/29/endpoint_only,7,660,577,61
B/initial/test-979/29/endpoint_only,12,313,0,61
B/initial/test-979/29/endpoint_only,17,212,0,61
B/initial/test-979/29/endpoint_only,22,243,0,61
B/initial/test-979/43/now,10,391,0,61
B/initial/test-979/43/now,15,280,0,61
B/initial/test-979/43/now,20,404,0,61
B/initial/test-979/43/now,25,372,0,61
B/initial/test-979/43/now,30,306,0,61
B/initial/test-979/43/delay1,7,192,109,61
B/initial/test-979/43/delay1,30,37,0,65
B/initial/test-979/43/delay1,35,50,0,65
B/initial/test-979/43/delay2,7,300,217,61
B/initial/test-979/43/delay2,12,118,0,61
B/initial/test-979/43/delay2,17,93,0,61
B/initial/test-979/43/delay2,22,115,0,61
B/initial/test-979/43/delay2,33,85,0,61
B/initial/test-979/43/endpoint_only,7,470,387,61
B/initial/test-979/43/endpoint_only,12,226,0,61
B/initial/test-979/43/endpoint_only,17,265,0,61
B/initial/test-979/43/endpoint_only,22,471,0,61
B/initial/test-979/43/endpoint_only,27,342,0,61
B/initial/test-489/17/now,10,99,0,61
B/initial/test-489/17/now,15,87,0,61
B/initial/test-489/17/delay1,13,97,4,61
B/initial/test-489/17/delay2,7,109,73,61
B/initial/test-489/17/delay2,12,139,0,61
B/initial/test-489/17/delay2,17,91,0,61
B/initial/test-489/17/delay2,22,6,0,61
B/initial/test-489/17/delay2,27,68,0,61
B/initial/test-489/17/endpoint_only,7,131,95,61
B/initial/test-489/17/endpoint_only,12,123,0,61
B/initial/test-489/17/endpoint_only,17,56,0,61
B/initial/test-392/17/now,16,116,0,61
B/initial/test-392/17/delay2,13,224,4,61
B/initial/test-392/17/delay2,18,228,0,61
B/initial/test-392/17/endpoint_only,7,313,286,61
B/initial/test-392/17/endpoint_only,12,158,0,61
B/initial/test-392/43/now,10,250,0,61
B/initial/test-392/43/now,15,300,0,61
B/initial/test-392/43/now,20,184,0,61
B/initial/test-392/43/now,25,414,0,61
B/initial/test-392/43/delay1,13,184,4,61
B/initial/test-392/43/delay2,7,225,198,61
B/initial/test-392/43/endpoint_only,7,273,246,61
B/initial/test-210/17/now,10,195,0,61
B/initial/test-210/17/delay1,13,207,4,61
B/initial/test-210/17/delay1,18,196,0,61
B/initial/test-210/17/delay2,7,207,121,61
B/initial/test-210/17/delay2,12,262,0,61
B/initial/test-210/17/delay2,29,81,0,61
B/initial/test-210/17/endpoint_only,7,389,303,61
B/initial/test-210/17/endpoint_only,12,368,0,61
B/initial/test-210/17/endpoint_only,17,375,0,61
B/initial/test-210/29/delay2,13,227,4,61
B/initial/test-210/43/now,10,224,0,61
B/initial/test-210/43/now,15,226,0,61
B/initial/test-210/43/now,20,390,0,61
B/initial/test-210/43/now,25,193,0,61
B/initial/test-210/43/now,30,207,0,61
B/initial/test-210/43/delay2,13,240,4,61
B/initial/test-210/43/delay2,18,170,0,61
B/initial/test-210/43/endpoint_only,7,427,341,61
B/initial/test-210/43/endpoint_only,12,7,0,61
B/initial/test-984/17/now,4,153,0,61
B/initial/test-984/17/now,9,323,0,61
B/initial/test-984/17/now,14,255,0,61
B/initial/test-984/17/now,19,9,0,61
B/initial/test-984/17/now,24,233,0,61
B/initial/test-984/17/now,29,187,0,61
B/initial/test-984/17/delay1,7,308,155,61
B/initial/test-984/17/delay1,12,8,0,61
B/initial/test-984/17/delay1,17,9,0,61
B/initial/test-984/17/delay1,22,137,0,61
B/initial/test-984/17/delay2,7,419,266,61
B/initial/test-984/17/delay2,12,420,0,61
B/initial/test-984/17/delay2,17,368,0,61
B/initial/test-984/17/delay2,28,31,0,61
B/initial/test-984/17/endpoint_only,7,419,266,61
B/initial/test-984/17/endpoint_only,12,501,0,61
B/initial/test-984/17/endpoint_only,17,126,0,61
B/initial/test-984/17/endpoint_only,22,150,0,61
B/initial/test-984/17/endpoint_only,27,399,0,61
B/initial/test-984/29/now,4,153,0,61
B/initial/test-984/29/now,9,405,0,61
B/initial/test-984/29/now,14,8,0,61
B/initial/test-984/29/now,19,222,0,61
B/initial/test-984/29/now,24,304,0,61
B/initial/test-984/29/now,29,294,0,61
B/initial/test-984/29/delay1,7,236,83,61
B/initial/test-984/29/delay1,18,198,0,61
B/initial/test-984/29/delay1,23,326,0,61
B/initial/test-984/29/delay1,28,135,0,61
B/initial/test-984/29/delay1,33,108,0,61
B/initial/test-984/29/delay2,7,351,198,61
B/initial/test-984/29/delay2,12,278,0,61
B/initial/test-984/29/delay2,17,648,0,61
B/initial/test-984/29/delay2,22,69,0,61
B/initial/test-984/29/delay2,27,223,0,61
B/initial/test-984/29/endpoint_only,7,626,473,61
B/initial/test-984/29/endpoint_only,12,190,0,61
B/initial/test-984/43/now,4,153,0,61
B/initial/test-984/43/now,9,163,0,61
B/initial/test-984/43/now,14,11,0,61
B/initial/test-984/43/now,19,231,0,61
B/initial/test-984/43/now,24,653,0,61
B/initial/test-984/43/now,29,44,0,61
B/initial/test-984/43/delay1,7,320,167,61
B/initial/test-984/43/delay1,18,61,0,61
B/initial/test-984/43/delay2,7,429,276,61
B/initial/test-984/43/delay2,12,427,0,61
B/initial/test-984/43/delay2,17,680,0,61
B/initial/test-984/43/delay2,22,198,0,61
B/initial/test-984/43/endpoint_only,7,429,276,61
B/initial/test-984/43/endpoint_only,12,427,0,61
B/initial/test-984/43/endpoint_only,17,751,0,61
B/initial/test-984/43/endpoint_only,22,359,0,61
B/historical_pass/test-159/29/now,16,164,0,61
B/historical_pass/test-159/29/delay1,13,181,160,61
B/historical_pass/test-159/29/delay1,18,113,0,61
B/historical_pass/test-159/29/delay1,23,31,0,61
B/historical_pass/test-159/29/delay2,13,181,160,61
B/historical_pass/test-159/29/delay2,18,113,0,61
B/historical_pass/test-159/29/delay2,23,31,0,61
B/historical_pass/test-159/29/endpoint_only,13,181,160,61
B/historical_pass/test-159/29/endpoint_only,18,113,0,61
B/historical_pass/test-159/29/endpoint_only,23,31,0,61
B/historical_pass/test-159/43/delay1,19,42,4,61
B/historical_pass/test-135/17/now,10,43,0,61
B/historical_pass/test-135/17/now,15,64,0,61
B/historical_pass/test-135/17/delay1,13,65,22,61
B/historical_pass/test-135/17/delay1,18,53,0,61
B/historical_pass/test-135/17/delay1,23,61,0,61
B/historical_pass/test-135/17/delay2,13,98,55,61
B/historical_pass/test-135/17/endpoint_only,13,183,140,61
B/historical_pass/test-135/17/endpoint_only,18,79,0,61
B/historical_pass/test-135/17/endpoint_only,23,38,0,61
B/historical_pass/test-135/17/endpoint_only,28,132,0,61
B/historical_pass/test-135/17/endpoint_only,33,103,0,61
B/historical_pass/test-135/29/now,10,43,0,61
B/historical_pass/test-135/29/now,15,74,0,61
B/historical_pass/test-135/29/delay1,13,80,37,61
B/historical_pass/test-135/29/delay1,18,82,0,61
B/historical_pass/test-135/29/delay1,23,43,0,61
B/historical_pass/test-135/29/delay1,28,150,0,61
B/historical_pass/test-135/29/delay2,13,80,37,61
B/historical_pass/test-135/29/delay2,18,82,0,61
B/historical_pass/test-135/29/delay2,23,43,0,61
B/historical_pass/test-135/29/delay2,28,150,0,61
B/historical_pass/test-135/29/endpoint_only,13,80,37,61
B/historical_pass/test-135/29/endpoint_only,18,82,0,61
B/historical_pass/test-135/29/endpoint_only,23,43,0,61
B/historical_pass/test-135/29/endpoint_only,28,170,0,61
B/historical_pass/test-135/29/endpoint_only,33,8,0,61
B/historical_pass/test-135/43/now,10,43,0,61
B/historical_pass/test-135/43/now,15,50,0,61
B/historical_pass/test-135/43/now,20,72,0,61
B/historical_pass/test-135/43/now,25,160,0,61
B/historical_pass/test-135/43/delay1,13,63,20,61
B/historical_pass/test-135/43/delay1,18,56,0,61
B/historical_pass/test-135/43/delay2,13,63,20,61
B/historical_pass/test-135/43/delay2,18,56,0,61
B/historical_pass/test-135/43/endpoint_only,13,63,20,61
B/historical_pass/test-135/43/endpoint_only,18,56,0,61
B/historical_pass/test-450/29/now,16,170,0,61
B/historical_pass/test-450/29/now,21,170,0,61
B/historical_pass/test-450/29/delay1,19,155,4,61
B/historical_pass/test-450/29/delay1,24,164,0,61
B/historical_pass/test-450/29/delay1,29,386,0,61
B/historical_pass/test-450/29/delay1,34,132,0,61
B/historical_pass/test-450/29/delay2,13,163,101,61
B/historical_pass/test-450/29/delay2,18,230,0,61
B/historical_pass/test-450/29/delay2,23,172,0,61
B/historical_pass/test-450/29/delay2,28,136,0,61
B/historical_pass/test-450/29/delay2,33,281,0,61
B/historical_pass/test-450/29/endpoint_only,13,282,220,61
B/historical_pass/test-450/29/endpoint_only,18,298,0,61
B/historical_pass/test-450/29/endpoint_only,23,180,0,61
B/historical_pass/test-450/29/endpoint_only,28,310,0,61
B/historical_pass/test-450/43/now,16,195,0,61
B/historical_pass/test-450/43/delay1,19,153,4,61
B/historical_pass/test-450/43/delay1,24,135,0,61
B/historical_pass/test-450/43/delay1,29,180,0,61
B/historical_pass/test-450/43/delay2,13,198,136,61
B/historical_pass/test-450/43/endpoint_only,13,253,191,61
B/historical_pass/test-450/43/endpoint_only,18,149,0,61
B/historical_pass/test-916/17/now,15,69,0,61
B/historical_pass/test-916/17/delay1,18,138,69,61
B/historical_pass/test-916/17/delay2,18,166,97,61
B/historical_pass/test-916/17/delay2,23,164,0,61
B/historical_pass/test-916/17/endpoint_only,18,217,148,61
B/historical_pass/test-916/17/endpoint_only,23,268,0,61
B/historical_pass/test-916/29/now,15,69,0,61
B/historical_pass/test-916/29/delay1,18,141,72,61
B/historical_pass/test-916/29/delay1,23,118,0,61
B/historical_pass/test-916/29/delay1,28,214,0,61
B/historical_pass/test-916/29/delay1,33,114,0,61
B/historical_pass/test-916/29/delay2,18,200,131,61
B/historical_pass/test-916/29/delay2,23,153,0,61
B/historical_pass/test-916/29/delay2,28,145,0,61
B/historical_pass/test-916/29/delay2,33,230,0,61
B/historical_pass/test-916/29/endpoint_only,18,323,254,61
B/historical_pass/test-916/29/endpoint_only,23,267,0,61
B/historical_pass/test-916/29/endpoint_only,28,255,0,61
B/historical_pass/test-916/43/now,15,69,0,61
B/historical_pass/test-916/43/now,20,107,0,61
B/historical_pass/test-916/43/delay1,18,128,59,61
B/historical_pass/test-916/43/delay1,23,93,0,61
B/historical_pass/test-916/43/delay2,18,183,114,61
B/historical_pass/test-916/43/delay2,23,145,0,61
B/historical_pass/test-916/43/delay2,28,122,0,61
B/historical_pass/test-916/43/endpoint_only,18,207,138,61
B/historical_pass/test-979/17/now,15,47,0,61
B/historical_pass/test-979/17/now,20,129,0,61
B/historical_pass/test-979/17/now,25,172,0,61
B/historical_pass/test-979/17/delay1,18,87,40,61
B/historical_pass/test-979/17/delay2,18,176,129,61
B/historical_pass/test-979/17/delay2,23,141,0,61
B/historical_pass/test-979/17/delay2,28,167,0,61
B/historical_pass/test-979/17/delay2,33,178,0,61
B/historical_pass/test-979/17/endpoint_only,18,176,129,61
B/historical_pass/test-979/17/endpoint_only,23,396,0,61
B/historical_pass/test-979/17/endpoint_only,28,355,0,61
B/historical_pass/test-979/17/endpoint_only,33,128,0,61
B/historical_pass/test-979/29/now,15,47,0,61
B/historical_pass/test-979/29/now,20,215,0,61
B/historical_pass/test-979/29/now,25,112,0,61
B/historical_pass/test-979/29/delay1,18,86,39,61
B/historical_pass/test-979/29/delay1,23,160,0,61
B/historical_pass/test-979/29/delay2,18,120,73,61
B/historical_pass/test-979/29/delay2,23,339,0,61
B/historical_pass/test-979/29/delay2,28,176,0,61
B/historical_pass/test-979/29/endpoint_only,18,137,90,61
B/historical_pass/test-979/29/endpoint_only,23,219,0,61
B/historical_pass/test-979/29/endpoint_only,28,204,0,61
B/historical_pass/test-979/29/endpoint_only,33,322,0,61
B/historical_pass/test-979/43/now,15,47,0,61
B/historical_pass/test-979/43/now,20,264,0,61
B/historical_pass/test-979/43/delay1,18,89,42,61
B/historical_pass/test-979/43/delay1,23,166,0,61
B/historical_pass/test-979/43/delay1,28,157,0,61
B/historical_pass/test-979/43/delay2,18,122,75,61
B/historical_pass/test-979/43/delay2,23,336,0,61
B/historical_pass/test-979/43/delay2,28,294,0,61
B/historical_pass/test-979/43/delay2,33,199,0,61
B/historical_pass/test-210/17/now,16,230,0,61
B/historical_pass/test-210/17/now,21,179,0,61
B/historical_pass/test-210/17/now,26,222,0,61
B/historical_pass/test-210/17/now,31,162,0,61
B/historical_pass/test-210/17/delay1,13,91,46,61
B/historical_pass/test-210/17/delay1,18,185,0,61
B/historical_pass/test-210/17/delay1,23,297,0,61
B/historical_pass/test-210/17/delay2,13,131,86,61
B/historical_pass/test-210/17/delay2,18,204,0,61
B/historical_pass/test-210/17/delay2,23,185,0,61
B/historical_pass/test-210/17/delay2,28,184,0,61
B/historical_pass/test-210/17/delay2,33,176,0,61
B/historical_pass/test-210/17/endpoint_only,13,271,226,61
B/historical_pass/test-210/17/endpoint_only,18,301,0,61
B/historical_pass/test-210/29/now,16,199,0,61
B/historical_pass/test-210/29/delay1,19,161,4,61
B/historical_pass/test-210/29/delay2,13,118,73,61
B/historical_pass/test-210/29/delay2,18,244,0,61
B/historical_pass/test-210/29/endpoint_only,13,240,195,61
B/historical_pass/test-210/29/endpoint_only,18,206,0,61
B/historical_pass/test-210/29/endpoint_only,23,196,0,61
B/historical_pass/test-210/43/now,16,259,0,61
B/historical_pass/test-210/43/delay1,19,204,4,61
B/historical_pass/test-210/43/delay2,19,148,4,61
B/historical_pass/test-210/43/endpoint_only,13,300,255,61
B/historical_pass/test-984/17/now,26,25,0,61
B/historical_pass/test-984/17/now,31,88,0,61
B/historical_pass/test-984/17/delay1,23,41,21,61
B/historical_pass/test-984/17/delay1,28,75,0,61
B/historical_pass/test-984/17/delay1,33,60,0,61
B/historical_pass/test-984/17/delay2,23,41,21,61
B/historical_pass/test-984/17/delay2,28,75,0,61
B/historical_pass/test-984/17/delay2,33,60,0,61
B/historical_pass/test-984/17/endpoint_only,23,41,21,61
B/historical_pass/test-984/17/endpoint_only,28,75,0,61
B/historical_pass/test-984/17/endpoint_only,33,60,0,61
B/historical_pass/test-984/29/now,26,26,0,61
B/historical_pass/test-984/29/now,31,46,0,61
B/historical_pass/test-984/29/delay1,23,42,22,61
B/historical_pass/test-984/29/delay1,28,268,0,61
B/historical_pass/test-984/29/delay2,23,42,22,61
B/historical_pass/test-984/29/delay2,28,268,0,61
B/historical_pass/test-984/29/endpoint_only,23,42,22,61
