snapshot_id,replicate,actual_seed
historical_pass/test-135,17,34770724968155
historical_pass/test-135,29,41761293820341
historical_pass/test-135,43,271568730997123
historical_pass/test-159,17,237128713646357
historical_pass/test-159,29,245851611901156
historical_pass/test-159,43,83203703444930
historical_pass/test-210,17,274098615445311
historical_pass/test-210,29,6078013076767
historical_pass/test-210,43,196195539927495
historical_pass/test-365,17,266374479785204
historical_pass/test-365,29,104660343463728
historical_pass/test-365,43,266523959000011
historical_pass/test-392,17,239960533166494
historical_pass/test-392,29,86234947124540
historical_pass/test-392,43,120814257618219
historical_pass/test-450,17,149430968363358
historical_pass/test-450,29,60072012902175
historical_pass/test-450,43,50111345825751
historical_pass/test-518,17,110171392707173
historical_pass/test-518,29,38963220317287
historical_pass/test-518,43,220413254973338
historical_pass/test-80,17,130466092085301
historical_pass/test-80,29,166889458609734
historical_pass/test-80,43,246853108230175
historical_pass/test-903,17,185312856573761
historical_pass/test-903,29,197777930753403
historical_pass/test-903,43,155027715001893
historical_pass/test-916,17,7712922403452
historical_pass/test-916,29,167971742017241
historical_pass/test-916,43,91897910624978
historical_pass/test-979,17,181739242668453
historical_pass/test-979,29,216011253129216
historical_pass/test-979,43,160586445074319
historical_pass/test-984,17,40974206849988
historical_pass/test-984,29,161886092769605
historical_pass/test-984,43,38289845612426
initial/test-1149,17,41257289203094
initial/test-1149,29,212933714010669
initial/test-1149,43,197206171082019
initial/test-1155,17,166530334258371
initial/test-1155,29,148248713066185
initial/test-1155,43,166962435015659
initial/test-135,17,146937067714520
initial/test-135,29,20927281082084
initial/test-135,43,95068340697183
initial/test-159,17,777002394973
initial/test-159,29,18872769526077
initial/test-159,43,187610994565222
initial/test-179,17,137334056187296
initial/test-179,29,220648256767067
initial/test-179,43,20739365065474
initial/test-208,17,59646831118719
initial/test-208,29,90566710327983
initial/test-208,43,267387520795161
initial/test-210,17,220921057525493
initial/test-210,29,202689013644956
initial/test-210,43,116469915365711
initial/test-23,17,254059940408384
initial/test-23,29,114993758286844
initial/test-23,43,20726163929173
initial/test-365,17,59507808806719
initial/test-365,29,78225536850288
initial/test-365,43,171517215852744
initial/test-392,17,160304364496498
initial/test-392,29,205844196722342
initial/test-392,43,165822817726526
initial/test-42,17,116923147490657
initial/test-42,29,140568490974671
initial/test-42,43,111682869343975
initial/test-450,17,222419435303916
initial/test-450,29,40351062217422
initial/test-450,43,227760364872554
initial/test-489,17,269345268524480
initial/test-489,29,264325995871310
initial/test-489,43,256588747653997
initial/test-518,17,232515432571210
initial/test-518,29,31347929116034
initial/test-518,43,277674650132765
initial/test-788,17,61868047650807
initial/test-788,29,102293032069157
initial/test-788,43,120464343794760
initial/test-80,17,120467802658356
initial/test-80,29,196648089247567
initial/test-80,43,97228300313810
initial/test-903,17,204457719805577
initial/test-903,29,86170540996549
initial/test-903,43,274573670041778
initial/test-916,17,197606502664414
initial/test-916,29,243019741006661
initial/test-916,43,256121722431457
initial/test-979,17,187877558513368
initial/test-979,29,235815664254871
initial/test-979,43,242069804475824
initial/test-984,17,185333928199608
initial/test-984,29,202335368019452
initial/test-984,43,111915910159225
